file,target_points,algorithm,max_n,points,run_id,total_ms,build_ms,search_ms,merge_ms,final_ms,clusters
seq00_static_50k.ply,50000,FEC,0,50000,1,27.072877,6.627537,10.967121,7.001119,1.735072,39
seq00_static_50k.ply,50000,FEC,0,50000,2,25.675442,3.610907,11.604732,8.078693,1.614261,39
seq00_static_50k.ply,50000,FEC,0,50000,3,24.414706,3.660193,10.802304,7.666423,1.547389,39
seq00_static_50k.ply,50000,FEC,0,50000,4,26.290853,3.756915,11.642793,8.582323,1.593794,39
seq00_static_50k.ply,50000,FEC,0,50000,5,24.015690,3.628634,10.733211,7.301876,1.633996,39
seq00_static_50k.ply,50000,FEC,0,50000,6,26.620686,3.656936,12.122471,8.544928,1.549098,39
seq00_static_50k.ply,50000,FEC,0,50000,7,25.850150,3.600501,11.541868,8.397553,1.583001,39
seq00_static_50k.ply,50000,FEC1,0,50000,1,18.763231,3.561030,11.266886,1.263198,1.675801,39
seq00_static_50k.ply,50000,FEC1,0,50000,2,19.168835,3.673812,11.445686,1.380682,1.554656,39
seq00_static_50k.ply,50000,FEC1,0,50000,3,18.983774,3.741555,11.404365,1.258050,1.520709,39
seq00_static_50k.ply,50000,FEC1,0,50000,4,19.087140,3.747489,11.448863,1.282181,1.551097,39
seq00_static_50k.ply,50000,FEC1,0,50000,5,18.652254,3.716821,11.090676,1.243119,1.554526,39
seq00_static_50k.ply,50000,FEC1,0,50000,6,18.326281,3.586700,11.034432,1.178066,1.550506,39
seq00_static_50k.ply,50000,FEC1,0,50000,7,18.822975,3.577186,11.364754,1.307296,1.560653,39
seq00_static_50k.ply,50000,FECunion,0,50000,1,16.684104,3.591268,11.109985,0.567336,0.225263,39
seq00_static_50k.ply,50000,FECunion,0,50000,2,16.141949,3.687733,10.484342,0.703937,0.174172,39
seq00_static_50k.ply,50000,FECunion,0,50000,3,15.418885,3.492310,10.152363,0.544345,0.170732,39
seq00_static_50k.ply,50000,FECunion,0,50000,4,15.348745,3.553979,10.025778,0.595154,0.174301,39
seq00_static_50k.ply,50000,FECunion,0,50000,5,15.247766,3.491664,10.075456,0.537272,0.180105,39
seq00_static_50k.ply,50000,FECunion,0,50000,6,15.246863,3.516775,9.980702,0.568235,0.169528,39
seq00_static_50k.ply,50000,FECunion,0,50000,7,15.491991,3.787099,10.019668,0.548641,0.169280,39
seq00_static_50k.ply,50000,FEC,50,50000,1,22.540096,3.418353,9.942026,6.935670,1.516259,39
seq00_static_50k.ply,50000,FEC,50,50000,2,22.238255,3.449065,9.856971,6.765944,1.484043,39
seq00_static_50k.ply,50000,FEC,50,50000,3,21.973466,3.489118,9.485122,6.784534,1.505972,39
seq00_static_50k.ply,50000,FEC,50,50000,4,22.769573,3.460739,9.861400,7.250929,1.485494,39
seq00_static_50k.ply,50000,FEC,50,50000,5,22.632142,3.493654,9.684406,7.264756,1.493395,39
seq00_static_50k.ply,50000,FEC,50,50000,6,22.186981,3.459826,9.398702,7.163984,1.483118,39
seq00_static_50k.ply,50000,FEC,50,50000,7,21.926986,3.451226,9.474658,6.810793,1.500382,39
seq00_static_50k.ply,50000,FEC1,50,50000,1,17.137005,3.539101,10.125200,1.074943,1.494007,39
seq00_static_50k.ply,50000,FEC1,50,50000,2,18.330633,4.373702,9.991079,1.037544,2.002526,39
seq00_static_50k.ply,50000,FEC1,50,50000,3,16.732905,3.484023,9.872093,1.029050,1.443142,39
seq00_static_50k.ply,50000,FEC1,50,50000,4,16.822953,3.426836,10.019384,1.051544,1.429780,39
seq00_static_50k.ply,50000,FEC1,50,50000,5,16.898392,3.474939,9.993667,1.077019,1.456213,39
seq00_static_50k.ply,50000,FEC1,50,50000,6,17.082915,3.478217,9.968347,1.045917,1.502747,39
seq00_static_50k.ply,50000,FEC1,50,50000,7,17.704624,3.438198,10.721295,1.109558,1.498340,39
seq00_static_50k.ply,50000,FECunion,50,50000,1,14.552499,3.397447,9.499662,0.538146,0.191091,39
seq00_static_50k.ply,50000,FECunion,50,50000,2,14.343833,3.462566,9.247333,0.541400,0.166851,39
seq00_static_50k.ply,50000,FECunion,50,50000,3,15.471202,3.436349,10.241186,0.578479,0.178310,39
seq00_static_50k.ply,50000,FECunion,50,50000,4,14.432783,3.506833,9.282672,0.536090,0.164476,39
seq00_static_50k.ply,50000,FECunion,50,50000,5,14.494216,3.493901,9.345860,0.550015,0.165562,39
seq00_static_50k.ply,50000,FECunion,50,50000,6,14.483982,3.469887,9.364243,0.541390,0.167314,39
seq00_static_50k.ply,50000,FECunion,50,50000,7,14.949515,3.507392,9.727372,0.577209,0.168109,39
seq00_static_100k.ply,100000,FEC,0,100000,1,67.916433,8.878793,19.202875,35.243478,3.414947,78
seq00_static_100k.ply,100000,FEC,0,100000,2,68.740414,8.699806,19.676912,35.858385,3.348688,78
seq00_static_100k.ply,100000,FEC,0,100000,3,72.560846,8.295082,21.724977,38.072108,3.311344,78
seq00_static_100k.ply,100000,FEC,0,100000,4,69.697169,8.498493,21.241621,35.178300,3.601115,78
seq00_static_100k.ply,100000,FEC,0,100000,5,88.676815,11.161575,27.506007,45.064062,3.637823,78
seq00_static_100k.ply,100000,FEC,0,100000,6,72.239173,8.597161,23.496878,35.443493,3.519140,78
seq00_static_100k.ply,100000,FEC,0,100000,7,83.721648,8.554324,26.777825,43.340640,3.713832,78
seq00_static_100k.ply,100000,FEC1,0,100000,1,37.925626,9.871527,20.223983,2.410827,3.408078,78
seq00_static_100k.ply,100000,FEC1,0,100000,2,36.240850,8.227985,20.692373,2.301256,3.189694,78
seq00_static_100k.ply,100000,FEC1,0,100000,3,36.187651,9.007903,20.108949,2.149913,3.141806,78
seq00_static_100k.ply,100000,FEC1,0,100000,4,35.743553,8.299146,20.160376,2.134315,3.356718,78
seq00_static_100k.ply,100000,FEC1,0,100000,5,34.110094,8.144442,19.379626,1.956622,3.076235,78
seq00_static_100k.ply,100000,FEC1,0,100000,6,34.773522,8.175420,19.833197,2.007349,3.157092,78
seq00_static_100k.ply,100000,FEC1,0,100000,7,35.225982,8.140980,20.091352,2.143686,3.068044,78
seq00_static_100k.ply,100000,FECunion,0,100000,1,29.962193,8.245980,18.486301,1.034514,0.470638,78
seq00_static_100k.ply,100000,FECunion,0,100000,2,30.025744,8.247302,18.550007,1.024476,0.468477,78
seq00_static_100k.ply,100000,FECunion,0,100000,3,30.238268,8.161812,18.735748,1.005656,0.469047,78
seq00_static_100k.ply,100000,FECunion,0,100000,4,30.788495,8.133520,19.276333,1.045950,0.503477,78
seq00_static_100k.ply,100000,FECunion,0,100000,5,29.383459,8.053641,18.196455,1.005116,0.470186,78
seq00_static_100k.ply,100000,FECunion,0,100000,6,30.443654,8.144322,18.987266,1.044620,0.463533,78
seq00_static_100k.ply,100000,FECunion,0,100000,7,29.450922,7.978331,18.285997,0.993027,0.460813,78
seq00_static_100k.ply,100000,FEC,50,100000,1,65.273085,8.011139,18.662150,34.349175,3.180633,78
seq00_static_100k.ply,100000,FEC,50,100000,2,65.629319,7.999078,18.687825,34.676849,3.179516,78
seq00_static_100k.ply,100000,FEC,50,100000,3,65.597263,8.080912,18.688671,34.535630,3.196488,78
seq00_static_100k.ply,100000,FEC,50,100000,4,70.927367,8.890703,18.794290,38.899591,3.210549,78
seq00_static_100k.ply,100000,FEC,50,100000,5,68.255694,8.305908,18.904844,36.684374,3.287632,78
seq00_static_100k.ply,100000,FEC,50,100000,6,69.297497,8.089458,19.026182,37.880951,3.201013,78
seq00_static_100k.ply,100000,FEC,50,100000,7,69.736855,8.019233,19.544894,37.854457,3.154072,78
seq00_static_100k.ply,100000,FEC1,50,100000,1,33.734007,8.049568,18.927939,1.928579,3.303250,78
seq00_static_100k.ply,100000,FEC1,50,100000,2,33.021992,8.570071,18.072450,1.893383,2.982232,78
seq00_static_100k.ply,100000,FEC1,50,100000,3,35.005385,8.731452,19.507011,2.055972,3.093477,78
seq00_static_100k.ply,100000,FEC1,50,100000,4,33.103186,8.300210,18.364189,1.953686,2.764034,78
seq00_static_100k.ply,100000,FEC1,50,100000,5,31.187400,7.685213,17.373312,1.757870,2.895113,78
seq00_static_100k.ply,100000,FEC1,50,100000,6,30.676750,7.472689,17.086621,1.736488,2.931102,78
seq00_static_100k.ply,100000,FEC1,50,100000,7,32.334186,8.260009,17.972603,1.821740,2.760694,78
seq00_static_100k.ply,100000,FECunion,50,100000,1,26.708100,7.440639,16.374985,0.933345,0.415278,78
seq00_static_100k.ply,100000,FECunion,50,100000,2,27.898309,7.973550,16.945144,0.953025,0.421770,78
seq00_static_100k.ply,100000,FECunion,50,100000,3,27.347984,8.181825,16.269840,0.925399,0.415709,78
seq00_static_100k.ply,100000,FECunion,50,100000,4,26.721375,7.469403,16.329137,0.929544,0.422222,78
seq00_static_100k.ply,100000,FECunion,50,100000,5,26.693102,7.478290,16.299135,0.931887,0.420298,78
seq00_static_100k.ply,100000,FECunion,50,100000,6,26.833327,7.515240,16.399644,0.945262,0.415639,78
seq00_static_100k.ply,100000,FECunion,50,100000,7,26.706466,7.450277,16.304322,0.952744,0.424806,78
seq00_static_150k.ply,150000,FEC,0,150000,1,116.614527,13.324208,29.404248,67.716734,4.686893,88
seq00_static_150k.ply,150000,FEC,0,150000,2,115.273888,12.542160,28.241622,68.493314,4.476875,88
seq00_static_150k.ply,150000,FEC,0,150000,3,114.637041,12.612203,28.180594,67.334689,5.011560,88
seq00_static_150k.ply,150000,FEC,0,150000,4,117.699261,12.523394,28.510721,70.569217,4.609476,88
seq00_static_150k.ply,150000,FEC,0,150000,5,115.027431,12.336650,28.828241,67.797316,4.531969,88
seq00_static_150k.ply,150000,FEC,0,150000,6,114.288248,12.536408,27.708593,67.680561,4.884288,88
seq00_static_150k.ply,150000,FEC,0,150000,7,115.699115,12.325728,28.630093,68.651669,4.584059,88
seq00_static_150k.ply,150000,FEC1,0,150000,1,49.814275,12.396584,28.226761,2.675901,4.271375,88
seq00_static_150k.ply,150000,FEC1,0,150000,2,48.244317,12.448282,26.394645,2.631947,4.475092,88
seq00_static_150k.ply,150000,FEC1,0,150000,3,47.295755,12.466205,25.859828,2.485129,4.399247,88
seq00_static_150k.ply,150000,FEC1,0,150000,4,48.587989,12.376155,26.835793,2.764288,4.399418,88
seq00_static_150k.ply,150000,FEC1,0,150000,5,54.457105,14.177683,29.707888,3.213929,4.547559,88
seq00_static_150k.ply,150000,FEC1,0,150000,6,52.719037,12.973478,29.429606,3.130026,4.407183,88
seq00_static_150k.ply,150000,FEC1,0,150000,7,51.346904,13.093115,28.306777,2.944674,4.313896,88
seq00_static_150k.ply,150000,FECunion,0,150000,1,43.218329,12.596652,25.712527,1.379279,0.738872,88
seq00_static_150k.ply,150000,FECunion,0,150000,2,43.955308,12.906892,26.274947,1.377420,0.697604,88
seq00_static_150k.ply,150000,FECunion,0,150000,3,43.422176,12.804918,25.875356,1.361402,0.715788,88
seq00_static_150k.ply,150000,FECunion,0,150000,4,44.544966,13.011740,26.650824,1.414228,0.708564,88
seq00_static_150k.ply,150000,FECunion,0,150000,5,44.303819,13.061925,26.176379,1.427997,0.752137,88
seq00_static_150k.ply,150000,FECunion,0,150000,6,45.156366,13.343660,26.784155,1.411398,0.744062,88
seq00_static_150k.ply,150000,FECunion,0,150000,7,43.281940,12.749433,25.669894,1.392531,0.702413,88
seq00_static_150k.ply,150000,FEC,50,150000,1,118.023355,12.918333,27.210202,71.657458,4.698826,88
seq00_static_150k.ply,150000,FEC,50,150000,2,115.315087,13.129160,27.381489,68.837701,4.474360,88
seq00_static_150k.ply,150000,FEC,50,150000,3,114.063552,13.196341,26.994937,67.797456,4.592435,88
seq00_static_150k.ply,150000,FEC,50,150000,4,113.639778,13.341476,27.782653,66.516714,4.491774,88
seq00_static_150k.ply,150000,FEC,50,150000,5,123.398124,13.435494,34.483957,69.456038,4.497484,88
seq00_static_150k.ply,150000,FEC,50,150000,6,115.924243,12.737711,29.934567,67.079584,4.673929,88
seq00_static_150k.ply,150000,FEC,50,150000,7,119.655803,12.741488,32.208696,68.427836,4.778447,88
seq00_static_150k.ply,150000,FEC1,50,150000,1,52.560306,14.108181,28.065410,3.039291,4.484139,88
seq00_static_150k.ply,150000,FEC1,50,150000,2,51.285918,12.691272,28.175458,3.036005,4.484400,88
seq00_static_150k.ply,150000,FEC1,50,150000,3,52.019800,13.163990,28.602343,3.052368,4.388627,88
seq00_static_150k.ply,150000,FEC1,50,150000,4,51.088443,12.803656,28.096633,3.000791,4.536778,88
seq00_static_150k.ply,150000,FEC1,50,150000,5,50.806317,12.831749,27.836316,2.961880,4.372316,88
seq00_static_150k.ply,150000,FEC1,50,150000,6,50.136938,12.747550,26.933968,2.735646,5.070261,88
seq00_static_150k.ply,150000,FEC1,50,150000,7,48.740769,12.643481,26.458253,2.671425,4.472677,88
seq00_static_150k.ply,150000,FECunion,50,150000,1,42.906657,12.632080,25.183340,1.353766,0.721469,88
seq00_static_150k.ply,150000,FECunion,50,150000,2,43.105776,12.869921,25.259364,1.385093,0.726138,88
seq00_static_150k.ply,150000,FECunion,50,150000,3,43.168554,13.599806,24.619546,1.428549,0.712953,88
seq00_static_150k.ply,150000,FECunion,50,150000,4,43.202519,13.204577,24.874257,1.389106,0.850273,88
seq00_static_150k.ply,150000,FECunion,50,150000,5,43.150901,13.002303,25.169185,1.378237,0.707212,88
seq00_static_150k.ply,150000,FECunion,50,150000,6,46.981441,13.378377,27.763172,1.379003,0.712713,88
seq00_static_150k.ply,150000,FECunion,50,150000,7,43.481129,13.184167,25.379181,1.351488,0.704227,88
seq00_static_200k.ply,200000,FEC,0,200000,1,194.259781,18.731553,44.464683,122.324792,6.624686,112
seq00_static_200k.ply,200000,FEC,0,200000,2,189.359669,18.604884,40.375384,121.820669,6.519547,112
seq00_static_200k.ply,200000,FEC,0,200000,3,194.246384,17.903304,45.156440,122.378714,6.796167,112
seq00_static_200k.ply,200000,FEC,0,200000,4,203.608274,19.962995,50.342564,124.529161,6.707421,112
seq00_static_200k.ply,200000,FEC,0,200000,5,196.884140,19.026153,47.995030,121.481781,6.365656,112
seq00_static_200k.ply,200000,FEC,0,200000,6,191.471430,19.299175,42.066902,121.837430,6.235959,112
seq00_static_200k.ply,200000,FEC,0,200000,7,187.829852,18.200842,38.860254,121.937886,6.797330,112
seq00_static_200k.ply,200000,FEC1,0,200000,1,67.465293,17.752880,37.073100,3.420301,6.037124,112
seq00_static_200k.ply,200000,FEC1,0,200000,2,68.277979,18.191470,36.950617,3.357864,6.797438,112
seq00_static_200k.ply,200000,FEC1,0,200000,3,67.840434,17.432652,37.637033,3.565301,6.105986,112
seq00_static_200k.ply,200000,FEC1,0,200000,4,68.135346,17.474298,37.927641,3.562685,6.097714,112
seq00_static_200k.ply,200000,FEC1,0,200000,5,67.541006,17.519817,37.479212,3.403933,6.175519,112
seq00_static_200k.ply,200000,FEC1,0,200000,6,66.129511,17.448192,36.440500,3.383536,5.992021,112
seq00_static_200k.ply,200000,FEC1,0,200000,7,65.875059,17.340363,36.170560,3.313411,6.190247,112
seq00_static_200k.ply,200000,FECunion,0,200000,1,60.149882,17.665437,36.034880,1.955624,0.976342,112
seq00_static_200k.ply,200000,FECunion,0,200000,2,61.250274,18.630669,36.177757,1.925641,0.955776,112
seq00_static_200k.ply,200000,FECunion,0,200000,3,58.914862,17.351827,35.312969,1.927611,0.968882,112
seq00_static_200k.ply,200000,FECunion,0,200000,4,58.631539,17.435373,34.913810,1.948765,0.938806,112
seq00_static_200k.ply,200000,FECunion,0,200000,5,59.090227,17.411776,35.432212,1.946284,0.977058,112
seq00_static_200k.ply,200000,FECunion,0,200000,6,59.214651,17.459141,35.354570,1.945739,0.964901,112
seq00_static_200k.ply,200000,FECunion,0,200000,7,60.166361,17.338357,36.295255,1.966419,0.946224,112
seq00_static_200k.ply,200000,FEC,50,200000,1,185.299572,17.730115,37.327948,120.009830,8.321276,112
seq00_static_200k.ply,200000,FEC,50,200000,2,183.756161,17.499283,37.427404,120.689399,6.260186,112
seq00_static_200k.ply,200000,FEC,50,200000,3,182.937618,17.501503,37.570484,119.619310,6.386554,112
seq00_static_200k.ply,200000,FEC,50,200000,4,185.454895,17.254095,38.348325,121.629594,6.356947,112
seq00_static_200k.ply,200000,FEC,50,200000,5,198.876056,19.751234,44.758935,125.939362,6.397055,112
seq00_static_200k.ply,200000,FEC,50,200000,6,191.917054,17.383258,40.150925,126.033368,6.460089,112
seq00_static_200k.ply,200000,FEC,50,200000,7,189.611771,18.370050,40.483675,122.525862,6.348931,112
seq00_static_200k.ply,200000,FEC1,50,200000,1,67.523033,17.574772,36.677951,3.539670,5.933981,112
seq00_static_200k.ply,200000,FEC1,50,200000,2,68.026729,18.381704,37.012461,3.532634,5.899572,112
seq00_static_200k.ply,200000,FEC1,50,200000,3,68.961436,18.010395,37.757300,3.585461,6.315915,112
seq00_static_200k.ply,200000,FEC1,50,200000,4,67.318958,18.554775,36.056347,3.632999,6.010869,112
seq00_static_200k.ply,200000,FEC1,50,200000,5,68.559155,17.558229,38.060901,3.696072,5.977590,112
seq00_static_200k.ply,200000,FEC1,50,200000,6,66.768079,17.438874,36.646369,3.554354,5.982799,112
seq00_static_200k.ply,200000,FEC1,50,200000,7,66.976051,17.562146,36.668641,3.488266,6.103477,112
seq00_static_200k.ply,200000,FECunion,50,200000,1,60.427461,17.585914,36.191996,1.983893,0.966875,112
seq00_static_200k.ply,200000,FECunion,50,200000,2,60.618911,17.853120,36.118270,1.994648,0.977634,112
seq00_static_200k.ply,200000,FECunion,50,200000,3,58.586788,17.703625,34.470653,1.975679,0.974667,112
seq00_static_200k.ply,200000,FECunion,50,200000,4,58.892032,17.731973,34.682525,1.908264,1.039579,112
seq00_static_200k.ply,200000,FECunion,50,200000,5,59.421928,17.880303,35.147717,2.002874,0.980174,112
seq00_static_200k.ply,200000,FECunion,50,200000,6,57.490869,17.456443,33.831608,1.959783,0.966993,112
seq00_static_200k.ply,200000,FECunion,50,200000,7,59.945582,18.357445,35.118799,1.993830,0.975008,112
seq00_static_250k.ply,250000,FEC,0,250000,1,274.755523,24.160352,52.057680,185.606167,9.871808,133
seq00_static_250k.ply,250000,FEC,0,250000,2,277.478244,23.029392,51.480406,191.826084,8.591545,133
seq00_static_250k.ply,250000,FEC,0,250000,3,268.393196,23.130730,50.621830,183.851479,8.300293,133
seq00_static_250k.ply,250000,FEC,0,250000,4,282.822742,23.092085,57.640692,190.526632,9.053349,133
seq00_static_250k.ply,250000,FEC,0,250000,5,278.535230,23.847819,54.306041,189.393106,8.455988,133
seq00_static_250k.ply,250000,FEC,0,250000,6,287.107415,26.399635,61.923295,188.095730,8.059289,133
seq00_static_250k.ply,250000,FEC,0,250000,7,274.244401,24.253505,51.369864,188.312825,7.783297,133
seq00_static_250k.ply,250000,FEC1,0,250000,1,84.504103,23.066185,45.845092,4.118439,7.491083,133
seq00_static_250k.ply,250000,FEC1,0,250000,2,81.777199,23.125006,44.007049,4.015761,6.897377,133
seq00_static_250k.ply,250000,FEC1,0,250000,3,80.194596,21.163404,44.303832,4.034791,6.917936,133
seq00_static_250k.ply,250000,FEC1,0,250000,4,81.065037,22.587305,43.934052,4.059378,6.938294,133
seq00_static_250k.ply,250000,FEC1,0,250000,5,79.711731,21.206326,43.839857,4.032534,7.001705,133
seq00_static_250k.ply,250000,FEC1,0,250000,6,81.188482,21.095285,44.585767,4.022512,7.785232,133
seq00_static_250k.ply,250000,FEC1,0,250000,7,80.022028,21.194633,44.175471,3.997439,6.876196,133
seq00_static_250k.ply,250000,FECunion,0,250000,1,73.948947,21.929017,43.887558,2.245999,1.211188,133
seq00_static_250k.ply,250000,FECunion,0,250000,2,78.176838,23.956083,45.818813,2.304410,1.156525,133
seq00_static_250k.ply,250000,FECunion,0,250000,3,77.317016,21.884021,46.712400,2.378846,1.204776,133
seq00_static_250k.ply,250000,FECunion,0,250000,4,73.730923,22.050858,43.717730,2.279013,1.151214,133
seq00_static_250k.ply,250000,FECunion,0,250000,5,78.341811,22.835095,47.054581,2.393468,1.168968,133
seq00_static_250k.ply,250000,FECunion,0,250000,6,77.415132,21.922604,46.773690,2.379840,1.185088,133
seq00_static_250k.ply,250000,FECunion,0,250000,7,76.028962,22.376486,45.262174,2.352779,1.156644,133
seq00_static_250k.ply,250000,FEC,50,250000,1,263.708374,22.611902,51.137932,179.315686,8.404336,133
seq00_static_250k.ply,250000,FEC,50,250000,2,269.287249,21.693660,57.031069,180.954975,7.361958,133
seq00_static_250k.ply,250000,FEC,50,250000,3,265.145882,25.300794,50.768348,179.054073,7.733233,133
seq00_static_250k.ply,250000,FEC,50,250000,4,252.825635,21.681517,46.766523,174.739812,7.429566,133
seq00_static_250k.ply,250000,FEC,50,250000,5,257.456672,20.953146,46.687938,180.359800,7.249003,133
seq00_static_250k.ply,250000,FEC,50,250000,6,253.279556,21.607046,45.953678,176.278413,7.201072,133
seq00_static_250k.ply,250000,FEC,50,250000,7,253.470459,21.303591,46.288279,176.176695,7.453201,133
seq00_static_250k.ply,250000,FEC1,50,250000,1,79.991070,23.011651,42.269852,3.858372,7.281436,133
seq00_static_250k.ply,250000,FEC1,50,250000,2,86.468103,21.685204,48.135053,4.699267,7.591446,133
seq00_static_250k.ply,250000,FEC1,50,250000,3,87.250292,23.806415,47.405265,4.415821,7.747247,133
seq00_static_250k.ply,250000,FEC1,50,250000,4,87.909781,25.122982,47.037610,4.290824,7.620606,133
seq00_static_250k.ply,250000,FEC1,50,250000,5,85.840156,23.184723,46.802268,4.310661,7.599070,133
seq00_static_250k.ply,250000,FEC1,50,250000,6,85.943908,24.028939,45.884419,4.169556,8.062188,133
seq00_static_250k.ply,250000,FEC1,50,250000,7,86.810055,23.187772,46.515387,4.304786,8.866229,133
seq00_static_250k.ply,250000,FECunion,50,250000,1,76.035675,23.278909,44.456741,2.445528,1.264036,133
seq00_static_250k.ply,250000,FECunion,50,250000,2,80.226142,26.074393,45.517715,2.427325,1.303389,133
seq00_static_250k.ply,250000,FECunion,50,250000,3,76.636896,23.407055,44.777188,2.611651,1.334329,133
seq00_static_250k.ply,250000,FECunion,50,250000,4,76.237568,23.258620,44.908043,2.449928,1.211324,133
seq00_static_250k.ply,250000,FECunion,50,250000,5,75.363115,23.375474,43.872752,2.490788,1.224321,133
seq00_static_250k.ply,250000,FECunion,50,250000,6,83.727013,26.271818,48.209450,2.451586,1.259803,133
seq00_static_250k.ply,250000,FECunion,50,250000,7,83.605679,26.413854,47.831435,2.581970,1.540444,133
seq00_static_300k.ply,300000,FEC,0,300000,1,418.884706,32.729068,90.805936,280.529173,11.041363,145
seq00_static_300k.ply,300000,FEC,0,300000,2,411.076398,31.779054,89.790520,276.251631,10.334014,145
seq00_static_300k.ply,300000,FEC,0,300000,3,398.730910,32.433063,81.165389,271.983960,10.284767,145
seq00_static_300k.ply,300000,FEC,0,300000,4,376.547445,28.934602,70.146895,264.067898,10.510908,145
seq00_static_300k.ply,300000,FEC,0,300000,5,379.160612,30.847141,68.746590,266.494874,10.219975,145
seq00_static_300k.ply,300000,FEC,0,300000,6,383.544339,28.484096,70.511129,271.605391,10.087203,145
seq00_static_300k.ply,300000,FEC,0,300000,7,376.674008,29.618602,68.858362,265.267196,10.116608,145
seq00_static_300k.ply,300000,FEC1,0,300000,1,105.684088,28.770208,57.623786,5.096421,9.542936,145
seq00_static_300k.ply,300000,FEC1,0,300000,2,106.270169,29.586638,57.497002,5.055003,9.430315,145
seq00_static_300k.ply,300000,FEC1,0,300000,3,108.636565,28.558836,59.142717,5.248960,10.751285,145
seq00_static_300k.ply,300000,FEC1,0,300000,4,106.866720,28.715843,58.533186,5.191731,9.599615,145
seq00_static_300k.ply,300000,FEC1,0,300000,5,103.988386,28.060842,56.813871,5.163274,9.491846,145
seq00_static_300k.ply,300000,FEC1,0,300000,6,107.569069,28.104044,59.296679,5.408167,9.540303,145
seq00_static_300k.ply,300000,FEC1,0,300000,7,106.041109,28.030947,58.618634,5.172265,9.412180,145
seq00_static_300k.ply,300000,FECunion,0,300000,1,94.454330,29.182096,55.389000,2.998848,1.551959,145
seq00_static_300k.ply,300000,FECunion,0,300000,2,95.686701,28.963730,56.615641,2.960874,1.483201,145
seq00_static_300k.ply,300000,FECunion,0,300000,3,94.210877,28.065161,56.261047,3.001157,1.459809,145
seq00_static_300k.ply,300000,FECunion,0,300000,4,91.836186,27.660011,54.557473,2.928091,1.467080,145
seq00_static_300k.ply,300000,FECunion,0,300000,5,95.161882,30.399519,54.974514,2.913534,1.492797,145
seq00_static_300k.ply,300000,FECunion,0,300000,6,95.980967,28.028665,57.793164,3.077745,1.448092,145
seq00_static_300k.ply,300000,FECunion,0,300000,7,94.081816,28.188145,56.007435,2.964239,1.498683,145
seq00_static_300k.ply,300000,FEC,50,300000,1,372.754096,28.042622,63.923659,266.333653,11.576300,145
seq00_static_300k.ply,300000,FEC,50,300000,2,366.198036,27.864099,66.678335,259.504361,9.414822,145
seq00_static_300k.ply,300000,FEC,50,300000,3,341.455318,26.085638,57.393338,246.399357,8.935582,145
seq00_static_300k.ply,300000,FEC,50,300000,4,364.569539,29.381381,72.750858,250.025757,9.578642,145
seq00_static_300k.ply,300000,FEC,50,300000,5,353.477246,26.910774,64.079275,249.928731,9.827475,145
seq00_static_300k.ply,300000,FEC,50,300000,6,354.966000,27.192057,61.784462,254.118890,9.130702,145
seq00_static_300k.ply,300000,FEC,50,300000,7,349.311392,26.766199,59.667259,249.668228,10.543272,145
seq00_static_300k.ply,300000,FEC1,50,300000,1,95.430104,25.611238,52.181486,4.647936,8.662765,145
seq00_static_300k.ply,300000,FEC1,50,300000,2,101.512805,26.686157,56.179977,4.995037,8.692381,145
seq00_static_300k.ply,300000,FEC1,50,300000,3,99.685457,26.048618,54.983481,5.007505,8.787661,145
seq00_static_300k.ply,300000,FEC1,50,300000,4,99.910655,27.067561,54.383124,4.896085,9.011016,145
seq00_static_300k.ply,300000,FEC1,50,300000,5,98.385350,25.849690,54.202825,4.944075,8.699654,145
seq00_static_300k.ply,300000,FEC1,50,300000,6,114.431247,30.919503,62.297284,5.891390,9.267450,145
seq00_static_300k.ply,300000,FEC1,50,300000,7,104.492096,28.137658,57.028128,5.151472,9.522708,145
seq00_static_300k.ply,300000,FECunion,50,300000,1,97.056216,30.445341,56.264548,3.023749,1.453216,145
seq00_static_300k.ply,300000,FECunion,50,300000,2,96.380382,28.098465,57.812184,3.003511,1.525587,145
seq00_static_300k.ply,300000,FECunion,50,300000,3,92.804419,28.276425,54.620142,2.924472,1.471629,145
seq00_static_300k.ply,300000,FECunion,50,300000,4,93.553158,28.580712,54.922085,3.028538,1.464642,145
seq00_static_300k.ply,300000,FECunion,50,300000,5,97.916550,31.096650,56.640238,3.174788,1.454048,145
seq00_static_300k.ply,300000,FECunion,50,300000,6,93.899796,27.884000,55.374868,3.000587,1.957620,145
seq00_static_300k.ply,300000,FECunion,50,300000,7,91.441110,28.264242,53.512931,2.923613,1.445898,145
seq00_static_350k.ply,350000,FEC,0,350000,1,473.929954,33.226437,75.214980,350.296246,11.753817,156
seq00_static_350k.ply,350000,FEC,0,350000,2,465.879684,35.146764,73.716035,342.079896,11.640995,156
seq00_static_350k.ply,350000,FEC,0,350000,3,467.497535,35.209682,75.806226,340.310522,12.799685,156
seq00_static_350k.ply,350000,FEC,0,350000,4,486.685889,34.901320,86.325359,350.004892,11.994493,156
seq00_static_350k.ply,350000,FEC,0,350000,5,478.658086,36.314254,79.083290,348.232052,11.675772,156
seq00_static_350k.ply,350000,FEC,0,350000,6,496.687674,38.020307,88.261457,355.447100,11.531587,156
seq00_static_350k.ply,350000,FEC,0,350000,7,467.362971,34.865795,77.338439,339.692712,12.106824,156
seq00_static_350k.ply,350000,FEC1,0,350000,1,126.999937,34.474939,68.746097,5.795706,12.528073,156
seq00_static_350k.ply,350000,FEC1,0,350000,2,125.051051,33.802423,67.277137,5.916735,12.370229,156
seq00_static_350k.ply,350000,FEC1,0,350000,3,124.935138,33.721561,68.219971,6.127807,11.103894,156
seq00_static_350k.ply,350000,FEC1,0,350000,4,131.527998,34.379517,72.563737,6.563106,11.541465,156
seq00_static_350k.ply,350000,FEC1,0,350000,5,133.760542,37.479771,70.489447,6.450467,13.267738,156
seq00_static_350k.ply,350000,FEC1,0,350000,6,137.947370,37.518592,75.300052,7.145259,10.982954,156
seq00_static_350k.ply,350000,FEC1,0,350000,7,117.555647,34.636694,62.069797,5.479007,10.375562,156
seq00_static_350k.ply,350000,FECunion,0,350000,1,105.873006,32.804328,61.479903,3.312962,1.603231,156
seq00_static_350k.ply,350000,FECunion,0,350000,2,104.826129,32.067991,60.811824,3.243255,2.158725,156
seq00_static_350k.ply,350000,FECunion,0,350000,3,105.511059,32.739565,61.191793,3.405770,1.566412,156
seq00_static_350k.ply,350000,FECunion,0,350000,4,105.825326,31.915763,62.302432,3.315729,1.578625,156
seq00_static_350k.ply,350000,FECunion,0,350000,5,103.647524,32.425420,60.206674,3.174387,1.574657,156
seq00_static_350k.ply,350000,FECunion,0,350000,6,105.064923,32.331672,61.288077,3.320150,1.580148,156
seq00_static_350k.ply,350000,FECunion,0,350000,7,105.137000,31.776770,61.750663,3.303359,1.564858,156
seq00_static_350k.ply,350000,FEC,50,350000,1,440.400357,32.557751,66.729709,326.636037,11.381259,156
seq00_static_350k.ply,350000,FEC,50,350000,2,441.448525,32.771756,72.031969,322.060287,11.437085,156
seq00_static_350k.ply,350000,FEC,50,350000,3,449.798355,33.597312,69.709456,332.826572,10.589999,156
seq00_static_350k.ply,350000,FEC,50,350000,4,455.202747,32.152943,76.421986,332.632305,10.855743,156
seq00_static_350k.ply,350000,FEC,50,350000,5,446.536848,32.034598,68.540526,332.277648,10.435676,156
seq00_static_350k.ply,350000,FEC,50,350000,6,461.464163,32.354905,71.483995,343.016310,11.275096,156
seq00_static_350k.ply,350000,FEC,50,350000,7,488.254514,34.702722,75.678573,362.302545,11.899979,156
seq00_static_350k.ply,350000,FEC1,50,350000,1,123.362441,34.861666,66.148039,5.778596,11.000383,156
seq00_static_350k.ply,350000,FEC1,50,350000,2,126.200799,33.805155,69.766230,6.125613,10.704907,156
seq00_static_350k.ply,350000,FEC1,50,350000,3,125.066249,33.945150,68.404186,6.152048,10.739033,156
seq00_static_350k.ply,350000,FEC1,50,350000,4,125.515395,35.136683,67.749237,6.073639,10.814618,156
seq00_static_350k.ply,350000,FEC1,50,350000,5,123.074260,34.072380,66.512355,5.876799,10.957760,156
seq00_static_350k.ply,350000,FEC1,50,350000,6,138.538397,35.575780,77.179681,6.994302,11.939639,156
seq00_static_350k.ply,350000,FEC1,50,350000,7,136.707797,40.063425,72.031295,6.697254,11.347547,156
seq00_static_350k.ply,350000,FECunion,50,350000,1,115.338477,35.305527,67.532609,3.562745,1.700432,156
seq00_static_350k.ply,350000,FECunion,50,350000,2,111.900875,34.545253,65.117665,3.460437,1.786481,156
seq00_static_350k.ply,350000,FECunion,50,350000,3,112.322332,34.109186,65.977878,3.553928,1.753181,156
seq00_static_350k.ply,350000,FECunion,50,350000,4,114.010761,34.220927,67.116903,3.724213,1.784441,156
seq00_static_350k.ply,350000,FECunion,50,350000,5,115.285229,36.850769,65.912351,3.632701,1.774238,156
seq00_static_350k.ply,350000,FECunion,50,350000,6,115.618671,35.330600,67.678167,3.601446,1.756601,156
seq00_static_350k.ply,350000,FECunion,50,350000,7,115.118600,35.759146,66.674107,3.559885,1.807060,156
seq00_static_400k.ply,400000,FEC,0,400000,1,625.158438,45.804525,91.796298,468.411386,15.224929,171
seq00_static_400k.ply,400000,FEC,0,400000,2,621.696371,43.981661,89.930235,468.760041,14.796860,171
seq00_static_400k.ply,400000,FEC,0,400000,3,630.106193,40.888074,99.285761,471.045202,14.656879,171
seq00_static_400k.ply,400000,FEC,0,400000,4,574.038798,40.635241,82.380393,434.031357,13.114331,171
seq00_static_400k.ply,400000,FEC,0,400000,5,566.283453,39.133896,80.531999,429.642930,13.096206,171
seq00_static_400k.ply,400000,FEC,0,400000,6,586.582480,41.092370,86.044857,442.084587,13.536452,171
seq00_static_400k.ply,400000,FEC,0,400000,7,589.378919,39.736618,90.948007,440.064973,14.700966,171
seq00_static_400k.ply,400000,FEC1,0,400000,1,138.198788,40.022972,73.261462,6.431957,12.039052,171
seq00_static_400k.ply,400000,FEC1,0,400000,2,142.615324,38.151543,77.741753,6.871481,12.709082,171
seq00_static_400k.ply,400000,FEC1,0,400000,3,138.288859,39.220059,73.961701,6.455355,12.037789,171
seq00_static_400k.ply,400000,FEC1,0,400000,4,142.367124,42.442962,74.159312,6.394808,12.772622,171
seq00_static_400k.ply,400000,FEC1,0,400000,5,140.230060,39.869561,74.881805,6.431900,12.235313,171
seq00_static_400k.ply,400000,FEC1,0,400000,6,138.402645,39.628504,73.814879,6.457066,12.050484,171
seq00_static_400k.ply,400000,FEC1,0,400000,7,137.387790,39.335247,72.936038,6.320429,12.347547,171
seq00_static_400k.ply,400000,FECunion,0,400000,1,123.492639,38.477251,71.455904,3.866678,1.822066,171
seq00_static_400k.ply,400000,FECunion,0,400000,2,123.763472,38.270879,71.824326,3.864249,1.814151,171
seq00_static_400k.ply,400000,FECunion,0,400000,3,121.797314,37.528141,70.698705,3.716819,1.805514,171
seq00_static_400k.ply,400000,FECunion,0,400000,4,123.817715,39.771905,70.658329,3.690473,1.848145,171
seq00_static_400k.ply,400000,FECunion,0,400000,5,130.461536,39.080171,76.644022,4.140181,1.939949,171
seq00_static_400k.ply,400000,FECunion,0,400000,6,131.402175,40.318721,75.684516,3.907677,1.980649,171
seq00_static_400k.ply,400000,FECunion,0,400000,7,132.977088,42.681703,75.773424,4.054281,1.940681,171
seq00_static_400k.ply,400000,FEC,50,400000,1,633.076413,40.443216,92.849884,481.446486,14.281987,171
seq00_static_400k.ply,400000,FEC,50,400000,2,607.190846,40.626063,85.182461,463.353423,13.902052,171
seq00_static_400k.ply,400000,FEC,50,400000,3,618.360902,41.405391,84.770835,473.801251,14.273474,171
seq00_static_400k.ply,400000,FEC,50,400000,4,628.355158,41.050556,89.546238,479.006598,14.538697,171
seq00_static_400k.ply,400000,FEC,50,400000,5,636.062291,41.313857,97.545089,478.515786,14.605045,171
seq00_static_400k.ply,400000,FEC,50,400000,6,614.419156,41.520954,84.602476,469.663496,14.416157,171
seq00_static_400k.ply,400000,FEC,50,400000,7,702.484117,44.286147,103.622198,535.271704,14.999602,171
seq00_static_400k.ply,400000,FEC1,50,400000,1,143.636626,40.642713,76.236296,6.623750,13.353781,171
seq00_static_400k.ply,400000,FEC1,50,400000,2,141.798683,39.674035,75.836466,6.632455,13.087805,171
seq00_static_400k.ply,400000,FEC1,50,400000,3,147.402567,43.446135,76.940391,6.875069,13.218075,171
seq00_static_400k.ply,400000,FEC1,50,400000,4,144.726199,41.042419,77.009717,6.800448,12.943025,171
seq00_static_400k.ply,400000,FEC1,50,400000,5,146.163709,42.313045,76.286326,6.691863,14.203966,171
seq00_static_400k.ply,400000,FEC1,50,400000,6,161.479185,46.244468,85.738020,7.979656,13.150564,171
seq00_static_400k.ply,400000,FEC1,50,400000,7,143.609783,40.628610,75.463838,6.563375,14.367063,171
seq00_static_400k.ply,400000,FECunion,50,400000,1,128.397075,41.475729,72.766923,3.943951,1.977672,171
seq00_static_400k.ply,400000,FECunion,50,400000,2,123.644410,40.828994,69.380254,3.829743,1.813218,171
seq00_static_400k.ply,400000,FECunion,50,400000,3,121.813992,37.806821,70.378357,3.798249,1.855956,171
seq00_static_400k.ply,400000,FECunion,50,400000,4,123.050826,39.115830,70.342365,3.802594,1.831804,171
seq00_static_400k.ply,400000,FECunion,50,400000,5,119.645341,38.147150,68.061316,3.783455,1.854713,171
seq00_static_400k.ply,400000,FECunion,50,400000,6,121.309382,38.268825,69.473395,3.742989,1.857963,171
seq00_static_400k.ply,400000,FECunion,50,400000,7,124.207337,40.126647,69.948080,3.818358,1.853078,171
seq00_static_450k.ply,450000,FEC,0,450000,1,714.268565,48.435651,107.545077,537.276296,15.860341,180
seq00_static_450k.ply,450000,FEC,0,450000,2,707.037507,47.429780,103.996483,536.142014,14.964087,180
seq00_static_450k.ply,450000,FEC,0,450000,3,684.975672,44.351153,92.432750,529.788716,14.156170,180
seq00_static_450k.ply,450000,FEC,0,450000,4,692.467320,43.929881,92.999426,535.970685,15.231569,180
seq00_static_450k.ply,450000,FEC,0,450000,5,740.548230,44.206610,101.141313,574.070039,16.458575,180
seq00_static_450k.ply,450000,FEC,0,450000,6,787.436910,48.804966,110.859599,606.573720,16.386708,180
seq00_static_450k.ply,450000,FEC,0,450000,7,766.290720,51.611241,108.530345,584.491156,16.948444,180
seq00_static_450k.ply,450000,FEC1,0,450000,1,173.490908,48.585307,92.261720,8.054295,16.297417,180
seq00_static_450k.ply,450000,FEC1,0,450000,2,172.178858,48.715035,91.408143,7.825655,16.147852,180
seq00_static_450k.ply,450000,FEC1,0,450000,3,168.645763,47.970484,89.688470,7.843467,15.167232,180
seq00_static_450k.ply,450000,FEC1,0,450000,4,171.442729,47.177739,93.441753,8.002085,14.773931,180
seq00_static_450k.ply,450000,FEC1,0,450000,5,172.689158,50.617463,91.629284,8.009983,14.530346,180
seq00_static_450k.ply,450000,FEC1,0,450000,6,166.667465,46.701316,90.010764,7.626610,14.671248,180
seq00_static_450k.ply,450000,FEC1,0,450000,7,193.483417,56.799701,102.440206,9.574830,14.692948,180
seq00_static_450k.ply,450000,FECunion,0,450000,1,150.466855,46.640105,87.076936,4.590847,2.218410,180
seq00_static_450k.ply,450000,FECunion,0,450000,2,153.654422,49.897050,86.971865,4.618570,2.317907,180
seq00_static_450k.ply,450000,FECunion,0,450000,3,155.952151,49.820035,88.582030,4.632152,2.260510,180
seq00_static_450k.ply,450000,FECunion,0,450000,4,153.196351,48.229883,88.094467,4.677439,2.266330,180
seq00_static_450k.ply,450000,FECunion,0,450000,5,151.626873,47.386034,87.545003,4.641921,2.247473,180
seq00_static_450k.ply,450000,FECunion,0,450000,6,157.655984,48.942991,89.577296,4.839855,2.265459,180
seq00_static_450k.ply,450000,FECunion,0,450000,7,153.043600,49.019929,86.989858,4.591957,2.248542,180
seq00_static_450k.ply,450000,FEC,50,450000,1,747.255555,49.416681,101.169254,576.102464,15.687785,180
seq00_static_450k.ply,450000,FEC,50,450000,2,788.599859,49.363296,113.280996,605.069509,16.021277,180
seq00_static_450k.ply,450000,FEC,50,450000,3,747.775883,48.779375,103.636148,574.298907,16.116445,180
seq00_static_450k.ply,450000,FEC,50,450000,4,715.272329,45.422299,95.582493,555.312063,14.502914,180
seq00_static_450k.ply,450000,FEC,50,450000,5,720.965118,49.258301,97.650898,554.024336,14.946501,180
seq00_static_450k.ply,450000,FEC,50,450000,6,728.190296,51.839176,104.298738,552.002584,15.556367,180
seq00_static_450k.ply,450000,FEC,50,450000,7,724.486333,44.754303,97.339140,562.323359,15.542808,180
seq00_static_450k.ply,450000,FEC1,50,450000,1,165.151110,49.179012,86.368189,7.669117,14.108899,180
seq00_static_450k.ply,450000,FEC1,50,450000,2,159.363764,45.745024,84.434615,7.492996,13.976532,180
seq00_static_450k.ply,450000,FEC1,50,450000,3,164.714944,47.377597,87.368637,7.821730,14.245761,180
seq00_static_450k.ply,450000,FEC1,50,450000,4,162.840948,47.215396,86.188492,7.682751,14.005326,180
seq00_static_450k.ply,450000,FEC1,50,450000,5,163.106077,46.588684,87.690940,7.724185,13.178597,180
seq00_static_450k.ply,450000,FEC1,50,450000,6,162.516919,45.548231,87.223538,7.885197,13.686439,180
seq00_static_450k.ply,450000,FEC1,50,450000,7,164.213045,48.532445,86.195167,7.870687,13.640985,180
seq00_static_450k.ply,450000,FECunion,50,450000,1,146.359741,45.148436,84.837047,4.623979,2.135744,180
seq00_static_450k.ply,450000,FECunion,50,450000,2,142.790909,45.376602,81.417827,4.398479,2.196724,180
seq00_static_450k.ply,450000,FECunion,50,450000,3,144.281481,47.900508,80.600017,4.340241,2.149875,180
seq00_static_450k.ply,450000,FECunion,50,450000,4,142.544627,46.051215,80.832159,4.342260,2.112933,180
seq00_static_450k.ply,450000,FECunion,50,450000,5,141.991195,46.228942,80.076366,4.311304,2.190897,180
seq00_static_450k.ply,450000,FECunion,50,450000,6,144.071411,46.637499,81.378947,4.364517,2.126327,180
seq00_static_450k.ply,450000,FECunion,50,450000,7,146.529528,47.333641,82.971970,4.368355,2.148533,180
seq00_static_500k.ply,500000,FEC,0,500000,1,923.266997,57.732092,132.151875,710.444504,17.866665,181
seq00_static_500k.ply,500000,FEC,0,500000,2,905.637602,57.474091,141.007807,684.923119,17.240900,181
seq00_static_500k.ply,500000,FEC,0,500000,3,873.573565,52.278638,116.378665,683.828256,16.075886,181
seq00_static_500k.ply,500000,FEC,0,500000,4,862.355140,52.727196,113.758312,672.692781,18.213846,181
seq00_static_500k.ply,500000,FEC,0,500000,5,866.067159,53.968123,113.493155,676.823595,16.772778,181
seq00_static_500k.ply,500000,FEC,0,500000,6,846.602023,53.410560,102.598427,669.582706,16.012174,181
seq00_static_500k.ply,500000,FEC,0,500000,7,866.007960,52.137290,109.950971,680.275855,18.718647,181
seq00_static_500k.ply,500000,FEC1,0,500000,1,189.677893,60.406116,96.581186,8.410045,15.792995,181
seq00_static_500k.ply,500000,FEC1,0,500000,2,187.811170,53.023329,101.078454,9.085225,15.268623,181
seq00_static_500k.ply,500000,FEC1,0,500000,3,183.224919,53.141655,97.268556,8.685875,15.572228,181
seq00_static_500k.ply,500000,FEC1,0,500000,4,187.971349,54.291399,99.685888,8.966496,16.225363,181
seq00_static_500k.ply,500000,FEC1,0,500000,5,184.739534,54.244713,98.175747,8.751815,14.960101,181
seq00_static_500k.ply,500000,FEC1,0,500000,6,179.842464,53.510972,94.767159,8.333600,14.914919,181
seq00_static_500k.ply,500000,FEC1,0,500000,7,181.016995,53.314442,95.192916,8.109885,16.140436,181
seq00_static_500k.ply,500000,FECunion,0,500000,1,162.480967,53.749961,91.590629,4.887334,2.362465,181
seq00_static_500k.ply,500000,FECunion,0,500000,2,162.397251,52.877231,91.831574,4.915483,2.350608,181
seq00_static_500k.ply,500000,FECunion,0,500000,3,161.090240,51.582243,92.166365,4.972641,2.290187,181
seq00_static_500k.ply,500000,FECunion,0,500000,4,161.526450,51.967645,92.134853,4.846620,2.368028,181
seq00_static_500k.ply,500000,FECunion,0,500000,5,162.948666,53.049172,90.692386,4.824102,2.380198,181
seq00_static_500k.ply,500000,FECunion,0,500000,6,161.780700,51.169017,92.878808,4.928686,2.314527,181
seq00_static_500k.ply,500000,FECunion,0,500000,7,163.144768,51.033647,93.998509,4.820633,2.396751,181
seq00_static_500k.ply,500000,FEC,50,500000,1,855.493827,56.411180,105.105721,672.717332,16.229558,181
seq00_static_500k.ply,500000,FEC,50,500000,2,881.703409,52.028911,106.509797,701.228335,16.967516,181
seq00_static_500k.ply,500000,FEC,50,500000,3,906.369737,52.787419,120.204243,712.082624,16.249879,181
seq00_static_500k.ply,500000,FEC,50,500000,4,902.328900,53.584377,108.540584,718.723957,16.485080,181
seq00_static_500k.ply,500000,FEC,50,500000,5,895.281517,52.664929,107.571501,712.458202,17.599264,181
seq00_static_500k.ply,500000,FEC,50,500000,6,877.402778,52.892291,115.581286,687.564372,16.341066,181
seq00_static_500k.ply,500000,FEC,50,500000,7,916.492018,54.474660,130.260337,709.971134,16.742236,181
seq00_static_500k.ply,500000,FEC1,50,500000,1,184.051727,52.447267,98.183409,8.489413,15.879540,181
seq00_static_500k.ply,500000,FEC1,50,500000,2,185.863101,54.774002,97.559798,8.579193,16.007094,181
seq00_static_500k.ply,500000,FEC1,50,500000,3,182.626687,54.274966,95.659721,8.508715,15.292885,181
seq00_static_500k.ply,500000,FEC1,50,500000,4,184.077580,52.784512,98.511637,8.618403,15.135507,181
seq00_static_500k.ply,500000,FEC1,50,500000,5,177.774641,51.447958,93.654354,8.100591,16.238832,181
seq00_static_500k.ply,500000,FEC1,50,500000,6,177.518510,52.354677,92.592714,8.210227,16.285889,181
seq00_static_500k.ply,500000,FEC1,50,500000,7,190.188739,57.207015,99.145213,9.166841,15.230912,181
seq00_static_500k.ply,500000,FECunion,50,500000,1,162.208610,53.023934,91.192031,4.843976,2.391992,181
seq00_static_500k.ply,500000,FECunion,50,500000,2,163.048685,53.989835,91.433941,4.934839,2.359749,181
seq00_static_500k.ply,500000,FECunion,50,500000,3,160.607154,52.516664,90.687919,4.901046,2.401020,181
seq00_static_500k.ply,500000,FECunion,50,500000,4,160.310223,51.478929,90.758408,4.948744,2.349763,181
seq00_static_500k.ply,500000,FECunion,50,500000,5,164.098534,51.838588,94.047966,5.010255,2.316206,181
seq00_static_500k.ply,500000,FECunion,50,500000,6,162.118752,52.916208,91.319253,4.952015,2.431460,181
seq00_static_500k.ply,500000,FECunion,50,500000,7,169.975410,53.098772,97.536936,5.060436,2.441134,181
seq00_static_550k.ply,550000,FEC,0,550000,1,1055.365386,68.428863,129.260564,830.997546,20.357948,200
seq00_static_550k.ply,550000,FEC,0,550000,2,1076.470268,63.422763,135.233200,851.437727,20.742958,200
seq00_static_550k.ply,550000,FEC,0,550000,3,1027.561886,59.789465,124.706594,818.132348,19.409165,200
seq00_static_550k.ply,550000,FEC,0,550000,4,1049.587410,58.687440,131.783428,832.775190,20.846298,200
seq00_static_550k.ply,550000,FEC,0,550000,5,1055.628670,58.799150,125.088959,847.678479,18.675338,200
seq00_static_550k.ply,550000,FEC,0,550000,6,1065.434071,59.405714,134.752893,845.788077,19.997811,200
seq00_static_550k.ply,550000,FEC,0,550000,7,1085.724336,62.406229,126.945580,871.530002,19.351860,200
seq00_static_550k.ply,550000,FEC1,0,550000,1,206.669521,63.399104,106.832272,9.111074,18.263200,200
seq00_static_550k.ply,550000,FEC1,0,550000,2,203.167209,59.805876,106.684450,9.139587,18.396068,200
seq00_static_550k.ply,550000,FEC1,0,550000,3,203.628751,60.876117,105.920004,9.030124,18.539942,200
seq00_static_550k.ply,550000,FEC1,0,550000,4,204.796351,60.748391,106.400872,9.189928,19.060713,200
seq00_static_550k.ply,550000,FEC1,0,550000,5,206.240341,59.759149,108.856800,9.236819,19.218285,200
seq00_static_550k.ply,550000,FEC1,0,550000,6,218.753695,64.899747,114.446364,10.590475,18.368713,200
seq00_static_550k.ply,550000,FEC1,0,550000,7,204.502139,61.467990,106.210306,9.254526,18.357634,200
seq00_static_550k.ply,550000,FECunion,0,550000,1,182.865492,59.195201,103.827352,5.440474,2.672702,200
seq00_static_550k.ply,550000,FECunion,0,550000,2,182.639238,60.115865,102.276007,5.391260,2.596625,200
seq00_static_550k.ply,550000,FECunion,0,550000,3,180.460502,59.879809,101.456541,5.424422,2.612710,200
seq00_static_550k.ply,550000,FECunion,0,550000,4,181.249545,58.079936,103.439659,5.373370,2.613661,200
seq00_static_550k.ply,550000,FECunion,0,550000,5,190.216353,61.013188,108.171241,5.562643,2.626387,200
seq00_static_550k.ply,550000,FECunion,0,550000,6,186.968846,60.983931,105.742009,5.383581,2.658041,200
seq00_static_550k.ply,550000,FECunion,0,550000,7,190.569276,62.026479,107.627223,5.406049,2.676662,200
seq00_static_550k.ply,550000,FEC,50,550000,1,1106.583147,63.005718,131.255062,885.913313,20.851745,200
seq00_static_550k.ply,550000,FEC,50,550000,2,1049.225363,62.338485,122.841185,839.915871,18.577170,200
seq00_static_550k.ply,550000,FEC,50,550000,3,1088.584826,62.015843,123.478479,876.789521,20.795936,200
seq00_static_550k.ply,550000,FEC,50,550000,4,1078.742061,64.043835,124.189330,865.011882,19.335956,200
seq00_static_550k.ply,550000,FEC,50,550000,5,1084.443996,63.153015,126.423599,868.728228,20.594686,200
seq00_static_550k.ply,550000,FEC,50,550000,6,1075.909394,61.272938,130.918479,859.480542,18.734746,200
seq00_static_550k.ply,550000,FEC,50,550000,7,1050.454598,61.916897,125.171588,837.095692,20.809209,200
seq00_static_550k.ply,550000,FEC1,50,550000,1,205.870334,61.431486,106.352661,9.188675,18.784650,200
seq00_static_550k.ply,550000,FEC1,50,550000,2,201.669040,62.381500,102.180064,9.005749,18.880920,200
seq00_static_550k.ply,550000,FEC1,50,550000,3,224.311291,62.546556,120.251058,10.585478,19.231058,200
seq00_static_550k.ply,550000,FEC1,50,550000,4,212.615796,63.827986,110.044935,9.685837,18.856737,200
seq00_static_550k.ply,550000,FEC1,50,550000,5,208.562233,64.709389,106.730793,9.551931,17.893883,200
seq00_static_550k.ply,550000,FEC1,50,550000,6,207.461418,64.555208,106.121916,9.495966,17.847812,200
seq00_static_550k.ply,550000,FEC1,50,550000,7,204.160086,61.538489,106.369295,9.150987,17.734193,200
seq00_static_550k.ply,550000,FECunion,50,550000,1,180.938448,61.061576,100.448706,5.470213,2.676985,200
seq00_static_550k.ply,550000,FECunion,50,550000,2,184.342011,62.039502,102.346557,5.431790,2.651520,200
seq00_static_550k.ply,550000,FECunion,50,550000,3,188.019719,62.007432,103.909838,5.484915,2.632775,200
seq00_static_550k.ply,550000,FECunion,50,550000,4,186.557303,61.192733,103.652509,5.628520,3.511936,200
seq00_static_550k.ply,550000,FECunion,50,550000,5,182.701321,60.508927,102.380538,5.479758,2.741653,200
seq00_static_550k.ply,550000,FECunion,50,550000,6,183.666375,62.439744,101.453992,5.480670,2.677715,200
seq00_static_550k.ply,550000,FECunion,50,550000,7,181.744924,59.662392,102.232162,5.463459,2.587296,200
seq00_static_600k.ply,600000,FEC,0,600000,1,1270.057303,70.832976,151.474249,1017.038980,23.483183,221
seq00_static_600k.ply,600000,FEC,0,600000,2,1277.135593,68.291857,149.720109,1031.675731,21.427001,221
seq00_static_600k.ply,600000,FEC,0,600000,3,1232.171654,66.882855,144.731499,991.753857,22.413950,221
seq00_static_600k.ply,600000,FEC,0,600000,4,1212.729491,64.379628,140.849291,980.767486,20.796051,221
seq00_static_600k.ply,600000,FEC,0,600000,5,1244.205875,65.156109,145.655214,1005.646710,21.535141,221
seq00_static_600k.ply,600000,FEC,0,600000,6,1259.005820,67.043354,145.599583,1019.494968,20.883056,221
seq00_static_600k.ply,600000,FEC,0,600000,7,1294.659821,71.660825,161.481230,1032.687356,22.436150,221
seq00_static_600k.ply,600000,FEC1,0,600000,1,224.091131,64.817300,118.463569,10.241792,20.312372,221
seq00_static_600k.ply,600000,FEC1,0,600000,2,221.518327,64.426052,118.303404,10.196528,18.642034,221
seq00_static_600k.ply,600000,FEC1,0,600000,3,221.428772,64.591715,118.018720,10.206844,18.755721,221
seq00_static_600k.ply,600000,FEC1,0,600000,4,217.137954,62.410633,116.810092,9.955580,18.107119,221
seq00_static_600k.ply,600000,FEC1,0,600000,5,218.096341,62.813745,116.835304,10.070957,18.606926,221
seq00_static_600k.ply,600000,FEC1,0,600000,6,240.517756,63.868794,133.545889,12.422879,18.239007,221
seq00_static_600k.ply,600000,FEC1,0,600000,7,222.438475,65.471562,118.325393,10.529043,17.853197,221
seq00_static_600k.ply,600000,FECunion,0,600000,1,196.207237,62.681527,112.867005,5.816200,2.890238,221
seq00_static_600k.ply,600000,FECunion,0,600000,2,195.351029,64.143251,111.136545,5.880077,2.867883,221
seq00_static_600k.ply,600000,FECunion,0,600000,3,198.303579,65.498562,112.430178,5.877403,2.839422,221
seq00_static_600k.ply,600000,FECunion,0,600000,4,193.887813,63.570267,110.461332,5.786757,2.840904,221
seq00_static_600k.ply,600000,FECunion,0,600000,5,191.449921,62.282759,109.538550,5.652863,2.741764,221
seq00_static_600k.ply,600000,FECunion,0,600000,6,190.197329,61.979144,108.513691,5.944327,2.816267,221
seq00_static_600k.ply,600000,FECunion,0,600000,7,191.931578,62.293621,109.548769,5.758055,2.754292,221
seq00_static_600k.ply,600000,FEC,50,600000,1,1220.048529,62.193879,138.101629,994.356561,19.884395,221
seq00_static_600k.ply,600000,FEC,50,600000,2,1230.376886,61.794385,133.569108,1009.578742,19.972960,221
seq00_static_600k.ply,600000,FEC,50,600000,3,1248.529454,63.969658,152.582002,1006.974476,19.554352,221
seq00_static_600k.ply,600000,FEC,50,600000,4,1231.662794,66.345422,141.754251,998.852734,19.105239,221
seq00_static_600k.ply,600000,FEC,50,600000,5,1245.495658,67.178698,140.733257,1012.584826,19.369676,221
seq00_static_600k.ply,600000,FEC,50,600000,6,1252.520773,63.842846,143.928998,1019.991839,19.249940,221
seq00_static_600k.ply,600000,FEC,50,600000,7,1225.638409,64.049835,142.366610,994.423491,19.171595,221
seq00_static_600k.ply,600000,FEC1,50,600000,1,215.637371,65.011202,113.498129,9.691550,17.887869,221
seq00_static_600k.ply,600000,FEC1,50,600000,2,212.149953,63.468326,111.938330,9.634552,17.913525,221
seq00_static_600k.ply,600000,FEC1,50,600000,3,212.155446,63.514859,111.834280,9.586006,17.770201,221
seq00_static_600k.ply,600000,FEC1,50,600000,4,212.764443,62.814141,113.235654,9.715523,17.341285,221
seq00_static_600k.ply,600000,FEC1,50,600000,5,213.390095,63.295787,112.893369,9.794071,17.938447,221
seq00_static_600k.ply,600000,FEC1,50,600000,6,214.701681,63.375176,113.729103,9.959790,17.704488,221
seq00_static_600k.ply,600000,FEC1,50,600000,7,212.786623,62.617302,112.673549,9.689360,17.968614,221
seq00_static_600k.ply,600000,FECunion,50,600000,1,192.440971,63.778126,108.822569,5.910099,2.818275,221
seq00_static_600k.ply,600000,FECunion,50,600000,2,226.125139,66.468057,134.407916,6.102209,3.026437,221
seq00_static_600k.ply,600000,FECunion,50,600000,3,216.631036,68.420182,124.724441,5.840843,2.927139,221
seq00_static_600k.ply,600000,FECunion,50,600000,4,202.688531,63.955837,116.697705,6.112003,2.921448,221
seq00_static_600k.ply,600000,FECunion,50,600000,5,193.282531,65.480764,107.862135,5.738719,2.830161,221
seq00_static_600k.ply,600000,FECunion,50,600000,6,192.845410,63.665113,109.119164,5.971124,2.831123,221
seq00_static_600k.ply,600000,FECunion,50,600000,7,198.647981,64.020826,112.947084,6.009176,3.559256,221
seq00_static_650k.ply,650000,FEC,0,650000,1,1473.399164,77.155912,157.205559,1207.764990,25.264497,225
seq00_static_650k.ply,650000,FEC,0,650000,2,1429.021751,77.097720,154.642565,1170.791810,20.528256,225
seq00_static_650k.ply,650000,FEC,0,650000,3,1339.157055,68.473709,153.977013,1091.604804,19.465070,225
seq00_static_650k.ply,650000,FEC,0,650000,4,1316.881986,64.896575,142.205979,1084.653900,19.506116,225
seq00_static_650k.ply,650000,FEC,0,650000,5,1372.313611,65.725248,150.182263,1130.047412,20.601429,225
seq00_static_650k.ply,650000,FEC,0,650000,6,1450.352278,71.693440,162.902331,1187.360665,22.235317,225
seq00_static_650k.ply,650000,FEC,0,650000,7,1450.989494,71.585942,162.203626,1189.722732,21.425514,225
seq00_static_650k.ply,650000,FEC1,0,650000,1,244.223603,70.070380,131.560639,11.121195,20.101255,225
seq00_static_650k.ply,650000,FEC1,0,650000,2,240.617115,70.777119,128.149157,11.008824,19.718063,225
seq00_static_650k.ply,650000,FEC1,0,650000,3,237.648316,70.874498,126.038564,10.644438,19.660173,225
seq00_static_650k.ply,650000,FEC1,0,650000,4,237.870155,71.465978,125.271550,10.806394,19.733358,225
seq00_static_650k.ply,650000,FEC1,0,650000,5,238.969162,70.229561,127.517858,10.879643,19.411156,225
seq00_static_650k.ply,650000,FEC1,0,650000,6,255.760162,75.302128,136.628562,12.478100,17.943912,225
seq00_static_650k.ply,650000,FEC1,0,650000,7,241.680822,67.085018,131.581260,12.372685,17.910198,225
seq00_static_650k.ply,650000,FECunion,0,650000,1,211.104417,65.557206,122.694115,5.829179,2.762125,225
seq00_static_650k.ply,650000,FECunion,0,650000,2,200.225519,64.207477,114.741285,5.804729,2.752942,225
seq00_static_650k.ply,650000,FECunion,0,650000,3,195.177727,60.802738,113.607054,5.691813,2.824146,225
seq00_static_650k.ply,650000,FECunion,0,650000,4,199.387818,64.604606,113.714263,5.540084,2.863950,225
seq00_static_650k.ply,650000,FECunion,0,650000,5,192.595380,62.944129,109.992585,5.653281,2.828536,225
seq00_static_650k.ply,650000,FECunion,0,650000,6,194.209138,62.033326,111.738918,5.678514,2.787887,225
seq00_static_650k.ply,650000,FECunion,0,650000,7,190.445309,63.925110,107.109369,5.623574,2.796888,225
seq00_static_650k.ply,650000,FEC,50,650000,1,1264.866955,60.620472,141.026886,1039.248670,18.515301,225
seq00_static_650k.ply,650000,FEC,50,650000,2,1340.437026,60.069646,152.021211,1104.465472,18.460986,225
seq00_static_650k.ply,650000,FEC,50,650000,3,1308.999062,63.988599,141.615093,1079.293257,18.615591,225
seq00_static_650k.ply,650000,FEC,50,650000,4,1295.728523,61.738543,131.809765,1077.142027,18.909702,225
seq00_static_650k.ply,650000,FEC,50,650000,5,1288.150663,62.853731,144.520252,1056.878622,18.461242,225
seq00_static_650k.ply,650000,FEC,50,650000,6,1309.761990,62.502675,130.670158,1092.854757,18.421291,225
seq00_static_650k.ply,650000,FEC,50,650000,7,1308.728989,60.989401,140.727018,1083.528485,18.155191,225
seq00_static_650k.ply,650000,FEC1,50,650000,1,205.601423,60.095110,106.792171,9.169944,20.129542,225
seq00_static_650k.ply,650000,FEC1,50,650000,2,210.844677,62.937118,110.716469,9.862221,17.563983,225
seq00_static_650k.ply,650000,FEC1,50,650000,3,213.012242,63.699545,111.981883,9.928853,17.619556,225
seq00_static_650k.ply,650000,FEC1,50,650000,4,211.413337,63.717114,110.986595,9.501370,17.362328,225
seq00_static_650k.ply,650000,FEC1,50,650000,5,211.037149,63.652781,110.817727,9.663796,17.188869,225
seq00_static_650k.ply,650000,FEC1,50,650000,6,208.512340,61.840428,109.840541,9.720579,17.231803,225
seq00_static_650k.ply,650000,FEC1,50,650000,7,211.189218,65.918138,108.968575,9.663991,17.004782,225
seq00_static_650k.ply,650000,FECunion,50,650000,1,184.423517,62.087000,103.074806,5.741075,2.778923,225
seq00_static_650k.ply,650000,FECunion,50,650000,2,184.098914,61.326173,103.141240,5.534658,3.345530,225
seq00_static_650k.ply,650000,FECunion,50,650000,3,184.666850,60.668896,104.515296,5.750495,2.770391,225
seq00_static_650k.ply,650000,FECunion,50,650000,4,184.221228,61.139469,104.011699,5.562207,2.712834,225
seq00_static_650k.ply,650000,FECunion,50,650000,5,186.542812,61.549237,105.328922,5.618628,2.699904,225
seq00_static_650k.ply,650000,FECunion,50,650000,6,201.747340,66.801603,114.064799,6.086572,2.992211,225
seq00_static_650k.ply,650000,FECunion,50,650000,7,203.799401,67.935906,114.593438,6.285370,2.948355,225
seq00_static_700k.ply,700000,FEC,0,700000,1,1526.252825,74.292873,170.762104,1250.337391,24.638482,229
seq00_static_700k.ply,700000,FEC,0,700000,2,1493.067839,77.954494,167.026809,1216.663347,24.790491,229
seq00_static_700k.ply,700000,FEC,0,700000,3,1563.014953,76.141193,179.069395,1275.369673,25.441806,229
seq00_static_700k.ply,700000,FEC,0,700000,4,1633.137829,80.871477,190.291815,1328.912746,25.740006,229
seq00_static_700k.ply,700000,FEC,0,700000,5,1619.759158,82.613805,173.912761,1332.425184,23.652970,229
seq00_static_700k.ply,700000,FEC,0,700000,6,1665.020281,82.023600,173.956578,1375.509282,26.293145,229
seq00_static_700k.ply,700000,FEC,0,700000,7,1676.255606,80.750858,194.840425,1366.948471,26.476629,229
seq00_static_700k.ply,700000,FEC1,0,700000,1,276.699874,82.907273,145.989440,12.326418,22.823003,229
seq00_static_700k.ply,700000,FEC1,0,700000,2,276.491217,81.551063,147.062525,12.391352,22.459212,229
seq00_static_700k.ply,700000,FEC1,0,700000,3,268.601416,80.442432,142.089312,11.684066,22.382409,229
seq00_static_700k.ply,700000,FEC1,0,700000,4,277.091320,86.095876,144.161557,12.052454,22.456661,229
seq00_static_700k.ply,700000,FEC1,0,700000,5,273.122266,80.601052,144.912668,12.083011,23.014639,229
seq00_static_700k.ply,700000,FEC1,0,700000,6,274.143619,80.689088,143.335329,11.878904,25.799225,229
seq00_static_700k.ply,700000,FEC1,0,700000,7,271.036532,82.099849,142.531375,11.703581,22.595265,229
seq00_static_700k.ply,700000,FECunion,0,700000,1,259.791654,90.670556,141.986173,7.363133,3.471716,229
seq00_static_700k.ply,700000,FECunion,0,700000,2,248.651930,82.463694,139.308252,7.282085,3.493597,229
seq00_static_700k.ply,700000,FECunion,0,700000,3,253.339937,85.777475,140.417235,7.294628,4.359394,229
seq00_static_700k.ply,700000,FECunion,0,700000,4,254.808800,83.935629,143.865961,7.171530,3.510084,229
seq00_static_700k.ply,700000,FECunion,0,700000,5,248.846585,81.001323,140.428801,7.193967,4.287313,229
seq00_static_700k.ply,700000,FECunion,0,700000,6,255.256057,82.048293,145.526865,7.392403,3.501163,229
seq00_static_700k.ply,700000,FECunion,0,700000,7,251.703795,82.143297,141.156080,7.213455,3.524260,229
seq00_static_700k.ply,700000,FEC,50,700000,1,1676.553927,79.622548,175.914032,1389.806230,24.059959,229
seq00_static_700k.ply,700000,FEC,50,700000,2,1647.872473,79.850752,178.327523,1359.212213,23.718604,229
seq00_static_700k.ply,700000,FEC,50,700000,3,1666.760600,81.845400,179.509386,1375.557555,23.040612,229
seq00_static_700k.ply,700000,FEC,50,700000,4,1710.186329,81.963654,191.419083,1406.596847,23.385649,229
seq00_static_700k.ply,700000,FEC,50,700000,5,1640.489988,80.078011,178.002702,1352.922937,22.670179,229
seq00_static_700k.ply,700000,FEC,50,700000,6,1632.661482,82.586409,171.494386,1348.231794,23.560622,229
seq00_static_700k.ply,700000,FEC,50,700000,7,1673.657137,78.646803,193.414236,1373.256818,21.396001,229
seq00_static_700k.ply,700000,FEC1,50,700000,1,251.795278,74.388127,133.514183,11.554737,20.809348,229
seq00_static_700k.ply,700000,FEC1,50,700000,2,243.871081,73.171448,128.373874,10.991572,20.281896,229
seq00_static_700k.ply,700000,FEC1,50,700000,3,254.417334,74.180513,136.287263,11.894791,19.774944,229
seq00_static_700k.ply,700000,FEC1,50,700000,4,251.348551,75.736274,132.757212,11.368194,19.510281,229
seq00_static_700k.ply,700000,FEC1,50,700000,5,254.895592,77.328196,133.776285,11.763909,20.404850,229
seq00_static_700k.ply,700000,FEC1,50,700000,6,260.737757,79.692852,136.422813,12.047241,20.542440,229
seq00_static_700k.ply,700000,FEC1,50,700000,7,243.451846,71.184828,130.125753,11.365419,19.655588,229
seq00_static_700k.ply,700000,FECunion,50,700000,1,224.504021,74.281414,127.229897,6.672347,3.312887,229
seq00_static_700k.ply,700000,FECunion,50,700000,2,225.120321,75.253549,126.812807,6.763496,3.210232,229
seq00_static_700k.ply,700000,FECunion,50,700000,3,225.673451,76.017438,126.931404,6.626617,3.230370,229
seq00_static_700k.ply,700000,FECunion,50,700000,4,227.777744,73.483350,130.366199,6.858530,3.254676,229
seq00_static_700k.ply,700000,FECunion,50,700000,5,228.303391,75.596148,129.328900,6.744863,3.316154,229
seq00_static_700k.ply,700000,FECunion,50,700000,6,225.876004,75.137708,127.518622,6.686862,3.380765,229
seq00_static_700k.ply,700000,FECunion,50,700000,7,222.269246,74.801892,124.977472,6.650592,3.269966,229
seq00_static_750k.ply,750000,FEC,0,750000,1,1885.647933,83.898042,199.653263,1568.439669,26.595516,235
seq00_static_750k.ply,750000,FEC,0,750000,2,1896.507216,86.101655,201.559694,1575.182576,26.579942,235
seq00_static_750k.ply,750000,FEC,0,750000,3,1788.916510,81.905635,195.200658,1478.389729,26.427994,235
seq00_static_750k.ply,750000,FEC,0,750000,4,1809.082961,86.684350,191.447830,1496.811195,27.213363,235
seq00_static_750k.ply,750000,FEC,0,750000,5,1906.084015,84.809895,200.075241,1588.018156,25.966018,235
seq00_static_750k.ply,750000,FEC,0,750000,6,1956.238304,92.099997,212.786449,1616.160840,27.779493,235
seq00_static_750k.ply,750000,FEC,0,750000,7,1916.066501,89.446645,202.830073,1588.394351,27.946090,235
seq00_static_750k.ply,750000,FEC1,0,750000,1,294.346333,87.603377,156.920137,13.015337,23.561710,235
seq00_static_750k.ply,750000,FEC1,0,750000,2,295.380734,88.709490,156.494012,12.807689,24.047109,235
seq00_static_750k.ply,750000,FEC1,0,750000,3,307.329042,93.798951,161.414780,13.433108,24.597804,235
seq00_static_750k.ply,750000,FEC1,0,750000,4,299.114692,89.534541,158.207563,12.952819,24.164330,235
seq00_static_750k.ply,750000,FEC1,0,750000,5,296.122470,88.358583,157.284293,13.139318,23.534402,235
seq00_static_750k.ply,750000,FEC1,0,750000,6,293.921194,88.720128,155.030167,12.832093,24.046490,235
seq00_static_750k.ply,750000,FEC1,0,750000,7,314.386573,92.096980,167.286956,14.200795,25.868930,235
seq00_static_750k.ply,750000,FECunion,0,750000,1,271.191612,89.702592,152.952331,7.836136,3.662908,235
seq00_static_750k.ply,750000,FECunion,0,750000,2,268.061459,87.819804,151.268718,7.841867,4.150130,235
seq00_static_750k.ply,750000,FECunion,0,750000,3,267.894773,87.092504,151.977152,8.094871,3.730800,235
seq00_static_750k.ply,750000,FECunion,0,750000,4,268.237032,88.168944,151.563824,7.850672,3.772327,235
seq00_static_750k.ply,750000,FECunion,0,750000,5,265.650888,87.746692,149.921756,7.803540,3.553990,235
seq00_static_750k.ply,750000,FECunion,0,750000,6,260.338388,86.916746,146.142374,7.534022,3.915766,235
seq00_static_750k.ply,750000,FECunion,0,750000,7,260.063498,84.919998,147.528262,7.527524,3.586769,235
seq00_static_750k.ply,750000,FEC,50,750000,1,1747.617679,84.780757,194.261347,1434.368355,26.729457,235
seq00_static_750k.ply,750000,FEC,50,750000,2,1747.556809,86.379871,188.850268,1441.119868,24.207273,235
seq00_static_750k.ply,750000,FEC,50,750000,3,1771.609763,83.928492,204.432447,1452.086302,24.092806,235
seq00_static_750k.ply,750000,FEC,50,750000,4,1740.786765,92.050796,189.629969,1428.081198,23.959912,235
seq00_static_750k.ply,750000,FEC,50,750000,5,1737.277079,87.019627,187.799827,1432.346939,23.211466,235
seq00_static_750k.ply,750000,FEC,50,750000,6,1730.701913,83.143115,198.242366,1418.134299,24.207133,235
seq00_static_750k.ply,750000,FEC,50,750000,7,1719.891156,83.285073,184.742976,1421.458095,23.520191,235
seq00_static_750k.ply,750000,FEC1,50,750000,1,284.234945,83.239518,152.436917,12.860523,22.213473,235
seq00_static_750k.ply,750000,FEC1,50,750000,2,293.938050,87.849023,156.325766,13.641716,21.655336,235
seq00_static_750k.ply,750000,FEC1,50,750000,3,278.660212,83.403560,147.340910,12.272246,23.075734,235
seq00_static_750k.ply,750000,FEC1,50,750000,4,282.473676,83.749833,149.860330,12.574434,22.861075,235
seq00_static_750k.ply,750000,FEC1,50,750000,5,283.732358,84.561343,151.157100,12.831712,21.934271,235
seq00_static_750k.ply,750000,FEC1,50,750000,6,283.059420,82.963268,151.005246,12.711439,22.890999,235
seq00_static_750k.ply,750000,FEC1,50,750000,7,276.915252,83.292493,146.423771,12.212990,22.249130,235
seq00_static_750k.ply,750000,FECunion,50,750000,1,257.208572,83.590496,146.785389,7.505146,3.885513,235
seq00_static_750k.ply,750000,FECunion,50,750000,2,250.612779,82.782785,141.878855,7.579294,3.555800,235
seq00_static_750k.ply,750000,FECunion,50,750000,3,248.845105,81.933930,141.431513,7.385737,3.515543,235
seq00_static_750k.ply,750000,FECunion,50,750000,4,264.696837,86.077925,150.869687,7.621192,3.543997,235
seq00_static_750k.ply,750000,FECunion,50,750000,5,252.769777,83.146367,143.362343,7.368842,3.475472,235
seq00_static_750k.ply,750000,FECunion,50,750000,6,248.975331,82.677275,140.871421,7.504649,3.554874,235
seq00_static_750k.ply,750000,FECunion,50,750000,7,249.867239,81.624063,142.296109,7.445552,3.573098,235
seq00_static_800k.ply,800000,FEC,0,800000,1,2003.909480,90.996331,215.327831,1659.270700,30.018421,239
seq00_static_800k.ply,800000,FEC,0,800000,2,1989.048351,94.747244,210.508917,1644.230565,31.629179,239
seq00_static_800k.ply,800000,FEC,0,800000,3,1951.417199,92.501169,212.801382,1610.052162,27.999151,239
seq00_static_800k.ply,800000,FEC,0,800000,4,1992.240572,94.421574,209.288133,1648.614796,30.469010,239
seq00_static_800k.ply,800000,FEC,0,800000,5,2032.293628,94.360918,212.528163,1686.727992,30.637168,239
seq00_static_800k.ply,800000,FEC,0,800000,6,2076.142094,96.500924,223.208491,1716.161885,31.973161,239
seq00_static_800k.ply,800000,FEC,0,800000,7,2054.907227,95.322491,217.883523,1701.203723,32.245669,239
seq00_static_800k.ply,800000,FEC1,0,800000,1,326.878916,97.752452,172.399401,13.976564,27.403448,239
seq00_static_800k.ply,800000,FEC1,0,800000,2,325.279415,97.952565,171.144966,13.965207,27.051380,239
seq00_static_800k.ply,800000,FEC1,0,800000,3,323.040318,96.059549,170.202221,14.133561,27.594958,239
seq00_static_800k.ply,800000,FEC1,0,800000,4,314.080162,95.093459,165.167336,13.541592,26.154233,239
seq00_static_800k.ply,800000,FEC1,0,800000,5,320.295734,96.453037,168.429384,13.701360,27.165163,239
seq00_static_800k.ply,800000,FEC1,0,800000,6,317.865364,95.625362,164.877436,13.581513,29.600501,239
seq00_static_800k.ply,800000,FEC1,0,800000,7,337.619411,96.655698,181.921211,15.451137,26.580561,239
seq00_static_800k.ply,800000,FECunion,0,800000,1,289.486098,94.422152,164.013282,8.215453,3.990233,239
seq00_static_800k.ply,800000,FECunion,0,800000,2,284.188290,94.884069,159.439698,8.112324,3.990767,239
seq00_static_800k.ply,800000,FECunion,0,800000,3,288.664381,95.902176,162.535464,8.295185,3.939217,239
seq00_static_800k.ply,800000,FECunion,0,800000,4,286.839807,95.430165,161.295492,8.362510,3.963916,239
seq00_static_800k.ply,800000,FECunion,0,800000,5,290.156430,94.294992,164.972282,8.380248,4.007198,239
seq00_static_800k.ply,800000,FECunion,0,800000,6,280.781349,94.545124,157.095345,8.125795,3.834135,239
seq00_static_800k.ply,800000,FECunion,0,800000,7,283.456461,89.747664,162.347185,7.934561,3.769579,239
seq00_static_800k.ply,800000,FEC,50,800000,1,2074.860885,94.017014,228.343396,1714.365834,30.131058,239
seq00_static_800k.ply,800000,FEC,50,800000,2,1990.678979,98.061816,205.963248,1649.694419,28.942335,239
seq00_static_800k.ply,800000,FEC,50,800000,3,1993.795389,95.460210,225.132977,1636.191118,28.970559,239
seq00_static_800k.ply,800000,FEC,50,800000,4,1957.131142,89.944277,209.536112,1619.116788,30.590250,239
seq00_static_800k.ply,800000,FEC,50,800000,5,1957.731403,90.531764,214.087392,1617.449441,27.525431,239
seq00_static_800k.ply,800000,FEC,50,800000,6,1930.939102,96.391346,202.837534,1594.518386,29.245154,239
seq00_static_800k.ply,800000,FEC,50,800000,7,2000.034058,92.931116,220.265644,1649.065947,29.824961,239
seq00_static_800k.ply,800000,FEC1,50,800000,1,311.297684,92.005526,163.669028,13.706714,26.979594,239
seq00_static_800k.ply,800000,FEC1,50,800000,2,307.966244,93.232114,161.454986,13.570925,25.318122,239
seq00_static_800k.ply,800000,FEC1,50,800000,3,309.396371,93.805487,161.594498,13.326601,26.366550,239
seq00_static_800k.ply,800000,FEC1,50,800000,4,320.486046,91.755256,172.661117,14.187948,25.990094,239
seq00_static_800k.ply,800000,FEC1,50,800000,5,308.461950,94.525247,159.871026,13.539405,26.240908,239
seq00_static_800k.ply,800000,FEC1,50,800000,6,302.960665,92.060898,158.289393,12.927903,25.959526,239
seq00_static_800k.ply,800000,FEC1,50,800000,7,306.971515,91.232245,160.604190,13.266218,27.700715,239
seq00_static_800k.ply,800000,FECunion,50,800000,1,273.780570,90.850755,153.444211,8.166179,3.846175,239
seq00_static_800k.ply,800000,FECunion,50,800000,2,283.876814,91.870154,160.323060,8.120014,3.815930,239
seq00_static_800k.ply,800000,FECunion,50,800000,3,281.627992,93.762365,156.788454,8.114543,3.886368,239
seq00_static_800k.ply,800000,FECunion,50,800000,4,280.229878,93.332963,156.833783,8.087835,3.903922,239
seq00_static_800k.ply,800000,FECunion,50,800000,5,282.892816,94.145611,158.255759,8.043051,3.853205,239
seq00_static_800k.ply,800000,FECunion,50,800000,6,288.746407,100.185171,157.937595,8.093208,3.751841,239
seq00_static_800k.ply,800000,FECunion,50,800000,7,271.779019,90.560663,151.919157,8.080863,3.959285,239
seq00_static_850k.ply,850000,FEC,0,850000,1,2211.732314,101.837360,224.130620,1844.463520,31.323069,247
seq00_static_850k.ply,850000,FEC,0,850000,2,2289.158870,101.041651,231.091469,1917.506253,31.192875,247
seq00_static_850k.ply,850000,FEC,0,850000,3,2243.172588,97.659503,218.924859,1887.879926,30.323204,247
seq00_static_850k.ply,850000,FEC,0,850000,4,2311.032113,106.345545,232.612906,1931.661860,31.614311,247
seq00_static_850k.ply,850000,FEC,0,850000,5,2373.311067,102.808336,244.438380,1984.656861,32.265388,247
seq00_static_850k.ply,850000,FEC,0,850000,6,2357.215649,103.999126,281.132155,1929.564276,32.273563,247
seq00_static_850k.ply,850000,FEC,0,850000,7,2345.875377,105.571120,262.980529,1938.100986,30.396601,247
seq00_static_850k.ply,850000,FEC1,0,850000,1,331.311753,100.698020,174.250419,14.598538,26.334083,247
seq00_static_850k.ply,850000,FEC1,0,850000,2,345.020879,94.868678,190.554048,16.480083,25.964328,247
seq00_static_850k.ply,850000,FEC1,0,850000,3,325.002889,99.228528,171.874380,14.110135,25.699407,247
seq00_static_850k.ply,850000,FEC1,0,850000,4,318.758488,95.302070,169.996531,14.062865,25.551680,247
seq00_static_850k.ply,850000,FEC1,0,850000,5,322.241136,95.076401,173.096765,14.605166,24.964114,247
seq00_static_850k.ply,850000,FEC1,0,850000,6,324.105460,96.877904,173.309510,14.329470,25.122497,247
seq00_static_850k.ply,850000,FEC1,0,850000,7,320.280743,96.187453,170.579173,14.203849,24.928351,247
seq00_static_850k.ply,850000,FECunion,0,850000,1,297.449628,97.536439,169.658277,8.536813,3.944561,247
seq00_static_850k.ply,850000,FECunion,0,850000,2,296.318008,95.886542,170.452846,8.701677,3.994755,247
seq00_static_850k.ply,850000,FECunion,0,850000,3,300.938660,103.226542,167.613377,8.508102,3.994291,247
seq00_static_850k.ply,850000,FECunion,0,850000,4,296.031930,95.584259,169.898205,8.528604,3.903774,247
seq00_static_850k.ply,850000,FECunion,0,850000,5,298.575752,97.211391,170.077125,8.327921,4.807919,247
seq00_static_850k.ply,850000,FECunion,0,850000,6,301.813376,97.200229,173.396463,8.643391,4.061713,247
seq00_static_850k.ply,850000,FECunion,0,850000,7,299.396930,95.141306,173.401286,8.681201,4.007825,247
seq00_static_850k.ply,850000,FEC,50,850000,1,2182.226826,99.675371,225.097172,1820.343366,29.363780,247
seq00_static_850k.ply,850000,FEC,50,850000,2,2215.987998,95.037459,228.624330,1856.757945,27.600216,247
seq00_static_850k.ply,850000,FEC,50,850000,3,2187.560532,96.180991,217.174457,1839.569829,26.824853,247
seq00_static_850k.ply,850000,FEC,50,850000,4,2238.605296,97.022395,221.866557,1885.586802,26.303350,247
seq00_static_850k.ply,850000,FEC,50,850000,5,2213.537063,96.823451,215.480454,1865.308619,28.143291,247
seq00_static_850k.ply,850000,FEC,50,850000,6,2226.649203,98.747239,224.882223,1868.104837,27.049183,247
seq00_static_850k.ply,850000,FEC,50,850000,7,2344.189243,103.587160,239.968677,1962.725181,29.917477,247
seq00_static_850k.ply,850000,FEC1,50,850000,1,369.453953,112.811309,194.252020,17.320321,27.028277,247
seq00_static_850k.ply,850000,FEC1,50,850000,2,327.665591,98.788489,173.579808,14.740256,25.575637,247
seq00_static_850k.ply,850000,FEC1,50,850000,3,353.110771,102.954372,190.380556,15.904681,26.820766,247
seq00_static_850k.ply,850000,FEC1,50,850000,4,326.558993,100.920819,170.543900,14.366343,25.961134,247
seq00_static_850k.ply,850000,FEC1,50,850000,5,331.074951,101.722144,173.611985,14.884252,25.586099,247
seq00_static_850k.ply,850000,FEC1,50,850000,6,325.423154,95.636922,173.358951,14.744926,26.700124,247
seq00_static_850k.ply,850000,FEC1,50,850000,7,324.365385,97.529057,171.815405,14.497673,25.392450,247
seq00_static_850k.ply,850000,FECunion,50,850000,1,317.338998,98.240803,185.109729,8.939999,4.086945,247
seq00_static_850k.ply,850000,FECunion,50,850000,2,292.463202,99.142003,163.734002,8.608810,4.022142,247
seq00_static_850k.ply,850000,FECunion,50,850000,3,294.279923,99.655716,164.592220,8.596652,3.961879,247
seq00_static_850k.ply,850000,FECunion,50,850000,4,292.120036,97.462768,164.643111,8.646332,3.974108,247
seq00_static_850k.ply,850000,FECunion,50,850000,5,292.279786,95.878458,165.942891,8.695493,4.012203,247
seq00_static_850k.ply,850000,FECunion,50,850000,6,300.792481,99.293979,169.986368,8.645834,4.032835,247
seq00_static_850k.ply,850000,FECunion,50,850000,7,307.952965,99.461409,176.390138,8.850210,4.023418,247
seq00_static_900k.ply,900000,FEC,0,900000,1,2509.081184,106.641017,244.036302,2117.910902,31.977320,262
seq00_static_900k.ply,900000,FEC,0,900000,2,2571.206137,106.082843,253.379790,2174.805564,28.335583,262
seq00_static_900k.ply,900000,FEC,0,900000,3,2586.279324,107.472989,262.756066,2178.277344,29.180041,262
seq00_static_900k.ply,900000,FEC,0,900000,4,2514.972280,106.892004,255.345559,2116.784070,27.473258,262
seq00_static_900k.ply,900000,FEC,0,900000,5,2506.151705,109.858245,243.969976,2115.908550,28.171431,262
seq00_static_900k.ply,900000,FEC,0,900000,6,2510.150676,110.443212,243.323892,2120.016441,28.207096,262
seq00_static_900k.ply,900000,FEC,0,900000,7,2484.578334,104.556568,247.225927,2096.785103,27.737461,262
seq00_static_900k.ply,900000,FEC1,0,900000,1,338.587798,104.583775,178.181512,14.836192,26.226412,262
seq00_static_900k.ply,900000,FEC1,0,900000,2,348.901372,103.285022,186.782274,15.743770,27.064883,262
seq00_static_900k.ply,900000,FEC1,0,900000,3,343.727433,103.687573,182.932047,15.156839,26.723568,262
seq00_static_900k.ply,900000,FEC1,0,900000,4,344.306398,102.701629,184.550391,15.364734,26.316125,262
seq00_static_900k.ply,900000,FEC1,0,900000,5,344.376548,101.524745,184.241476,15.458849,27.671355,262
seq00_static_900k.ply,900000,FEC1,0,900000,6,348.951859,101.397423,188.327518,15.798854,27.368186,262
seq00_static_900k.ply,900000,FEC1,0,900000,7,357.405855,104.170481,194.203079,15.940989,26.526579,262
seq00_static_900k.ply,900000,FECunion,0,900000,1,311.287526,104.416169,175.939380,8.957977,4.176059,262
seq00_static_900k.ply,900000,FECunion,0,900000,2,319.728761,104.866069,182.313066,8.900009,4.235449,262
seq00_static_900k.ply,900000,FECunion,0,900000,3,323.493383,104.231644,185.671606,9.163496,4.643437,262
seq00_static_900k.ply,900000,FECunion,0,900000,4,315.428452,103.808012,179.832920,9.028220,4.397306,262
seq00_static_900k.ply,900000,FECunion,0,900000,5,314.612278,102.930644,180.317552,8.979855,4.128618,262
seq00_static_900k.ply,900000,FECunion,0,900000,6,316.808663,103.177118,181.542933,9.027447,4.157344,262
seq00_static_900k.ply,900000,FECunion,0,900000,7,315.270806,102.675825,181.017816,9.133937,4.138172,262
seq00_static_900k.ply,900000,FEC,50,900000,1,2501.006277,102.539032,250.371890,2111.351089,28.194615,262
seq00_static_900k.ply,900000,FEC,50,900000,2,2477.681861,106.236445,243.629770,2091.026616,28.624716,262
seq00_static_900k.ply,900000,FEC,50,900000,3,2616.745816,104.307171,254.134669,2218.044541,31.673654,262
seq00_static_900k.ply,900000,FEC,50,900000,4,2628.208366,111.977849,241.644871,2235.442500,30.609469,262
seq00_static_900k.ply,900000,FEC,50,900000,5,2572.310171,106.543130,259.229318,2167.848635,29.978180,262
seq00_static_900k.ply,900000,FEC,50,900000,6,2643.457783,107.645102,260.289845,2238.269364,28.805823,262
seq00_static_900k.ply,900000,FEC,50,900000,7,2531.012029,106.321158,248.514468,2138.595052,29.128598,262
seq00_static_900k.ply,900000,FEC1,50,900000,1,347.187393,106.676771,182.873801,15.614922,26.788199,262
seq00_static_900k.ply,900000,FEC1,50,900000,2,346.320993,104.582294,183.896756,15.174910,26.912590,262
seq00_static_900k.ply,900000,FEC1,50,900000,3,348.327699,104.897231,184.674505,15.504710,27.597648,262
seq00_static_900k.ply,900000,FEC1,50,900000,4,360.163010,106.605644,192.949068,16.526093,26.718272,262
seq00_static_900k.ply,900000,FEC1,50,900000,5,364.621294,106.914969,196.293651,16.599198,26.751045,262
seq00_static_900k.ply,900000,FEC1,50,900000,6,371.945298,107.640787,202.106689,16.944596,26.633107,262
seq00_static_900k.ply,900000,FEC1,50,900000,7,341.206408,103.682952,180.465834,15.161857,26.640535,262
seq00_static_900k.ply,900000,FECunion,50,900000,1,319.856777,102.637185,183.598283,9.147002,4.320844,262
seq00_static_900k.ply,900000,FECunion,50,900000,2,311.256614,102.470891,177.230958,9.083051,4.379225,262
seq00_static_900k.ply,900000,FECunion,50,900000,3,313.013288,104.321441,177.272743,9.144385,4.247627,262
seq00_static_900k.ply,900000,FECunion,50,900000,4,319.195591,104.300310,182.327229,9.201388,4.188384,262
seq00_static_900k.ply,900000,FECunion,50,900000,5,315.298131,103.981844,179.861875,9.337411,4.113452,262
seq00_static_900k.ply,900000,FECunion,50,900000,6,307.665014,101.997673,174.571837,8.963539,4.300932,262
seq00_static_900k.ply,900000,FECunion,50,900000,7,321.947144,110.202650,179.556079,9.218461,4.092471,262
seq00_static_950k.ply,950000,FEC,0,950000,1,2791.205175,109.833850,259.391409,2378.715231,34.259397,278
seq00_static_950k.ply,950000,FEC,0,950000,2,2796.717255,107.688840,261.009119,2389.586169,29.652804,278
seq00_static_950k.ply,950000,FEC,0,950000,3,2759.336561,112.113867,255.146308,2351.851627,31.154844,278
seq00_static_950k.ply,950000,FEC,0,950000,4,2717.242800,112.005436,265.498892,2299.969027,30.948317,278
seq00_static_950k.ply,950000,FEC,0,950000,5,2775.750105,107.131402,256.834550,2372.105784,30.905198,278
seq00_static_950k.ply,950000,FEC,0,950000,6,2752.445799,109.774130,251.418661,2352.308498,30.282581,278
seq00_static_950k.ply,950000,FEC,0,950000,7,2908.329902,108.043863,282.699143,2476.883813,31.475255,278
seq00_static_950k.ply,950000,FEC1,0,950000,1,383.144239,117.084951,201.383737,16.674930,31.245717,278
seq00_static_950k.ply,950000,FEC1,0,950000,2,379.316677,115.149847,201.183511,16.376516,30.007914,278
seq00_static_950k.ply,950000,FEC1,0,950000,3,381.250379,116.069087,202.036120,17.265071,29.166071,278
seq00_static_950k.ply,950000,FEC1,0,950000,4,373.409176,111.995793,198.868590,16.232657,29.917141,278
seq00_static_950k.ply,950000,FEC1,0,950000,5,391.037574,117.276990,209.346355,17.266922,29.335350,278
seq00_static_950k.ply,950000,FEC1,0,950000,6,409.908026,116.003534,224.960486,18.797364,30.352579,278
seq00_static_950k.ply,950000,FEC1,0,950000,7,381.890447,117.411155,201.055222,16.586561,29.820715,278
seq00_static_950k.ply,950000,FECunion,0,950000,1,348.522624,114.674955,199.220015,9.927525,4.658496,278
seq00_static_950k.ply,950000,FECunion,0,950000,2,347.876512,113.840472,199.558156,9.946908,4.595174,278
seq00_static_950k.ply,950000,FECunion,0,950000,3,376.272796,117.337391,219.967745,10.176078,4.701228,278
seq00_static_950k.ply,950000,FECunion,0,950000,4,387.440044,122.173961,225.383387,10.542285,4.657638,278
seq00_static_950k.ply,950000,FECunion,0,950000,5,353.888253,113.511067,204.363272,10.103571,4.640619,278
seq00_static_950k.ply,950000,FECunion,0,950000,6,373.739298,120.536598,214.797238,10.273740,4.559519,278
seq00_static_950k.ply,950000,FECunion,0,950000,7,355.545638,114.470348,205.224749,10.066665,4.627367,278
seq00_static_950k.ply,950000,FEC,50,950000,1,2846.933436,114.596405,274.775277,2415.679059,32.570802,278
seq00_static_950k.ply,950000,FEC,50,950000,2,2868.802846,110.771837,268.549975,2449.843847,30.498904,278
seq00_static_950k.ply,950000,FEC,50,950000,3,2842.253727,112.766491,252.744707,2439.468669,28.582667,278
seq00_static_950k.ply,950000,FEC,50,950000,4,2855.871988,104.873054,257.509341,2453.768960,30.750595,278
seq00_static_950k.ply,950000,FEC,50,950000,5,2869.957832,110.653647,261.838276,2456.971210,31.445504,278
seq00_static_950k.ply,950000,FEC,50,950000,6,2816.330229,111.129020,253.292218,2414.019783,29.106711,278
seq00_static_950k.ply,950000,FEC,50,950000,7,2862.120379,109.714580,266.314960,2446.030531,30.923982,278
seq00_static_950k.ply,950000,FEC1,50,950000,1,369.059270,112.105567,194.349043,16.452435,29.088738,278
seq00_static_950k.ply,950000,FEC1,50,950000,2,366.646067,112.267668,192.017913,16.071902,29.989407,278
seq00_static_950k.ply,950000,FEC1,50,950000,3,364.472102,114.298340,188.966390,15.871343,29.495653,278
seq00_static_950k.ply,950000,FEC1,50,950000,4,376.475449,112.445911,199.119436,16.917671,29.882117,278
seq00_static_950k.ply,950000,FEC1,50,950000,5,379.951506,116.489622,200.234061,17.180220,28.469598,278
seq00_static_950k.ply,950000,FEC1,50,950000,6,373.960741,109.999885,200.090696,17.174676,29.098456,278
seq00_static_950k.ply,950000,FEC1,50,950000,7,376.491332,113.215325,198.990964,17.251874,29.767309,278
seq00_static_950k.ply,950000,FECunion,50,950000,1,332.562113,112.586552,186.749907,9.693868,4.509201,278
seq00_static_950k.ply,950000,FECunion,50,950000,2,327.487668,110.095946,184.757501,9.613861,4.480622,278
seq00_static_950k.ply,950000,FECunion,50,950000,3,330.149558,110.193729,186.814982,9.568706,4.450513,278
seq00_static_950k.ply,950000,FECunion,50,950000,4,344.415478,108.562487,199.628144,9.783262,5.171732,278
seq00_static_950k.ply,950000,FECunion,50,950000,5,324.624597,114.663929,177.991330,9.215801,4.323163,278
seq00_static_950k.ply,950000,FECunion,50,950000,6,319.160993,104.253255,182.216911,9.585007,4.375663,278
seq00_static_950k.ply,950000,FECunion,50,950000,7,317.637891,105.366608,180.168336,9.344569,4.364451,278
seq00_static_1M.ply,1000000,FEC,0,1000000,1,3102.781608,123.317670,283.728540,2654.361841,31.836511,286
seq00_static_1M.ply,1000000,FEC,0,1000000,2,3142.096269,117.483365,303.473226,2680.259561,31.313272,286
seq00_static_1M.ply,1000000,FEC,0,1000000,3,3101.681399,129.919748,276.005223,2654.709280,31.515161,286
seq00_static_1M.ply,1000000,FEC,0,1000000,4,3077.075260,120.567744,283.572987,2631.457128,32.074087,286
seq00_static_1M.ply,1000000,FEC,0,1000000,5,3065.503374,119.360971,285.004016,2618.302510,33.352009,286
seq00_static_1M.ply,1000000,FEC,0,1000000,6,3162.617751,118.443790,293.092588,2709.230330,32.303198,286
seq00_static_1M.ply,1000000,FEC,0,1000000,7,3179.295144,121.642106,289.261906,2725.717795,32.920719,286
seq00_static_1M.ply,1000000,FEC1,0,1000000,1,411.389050,124.914859,218.355050,18.038049,31.678668,286
seq00_static_1M.ply,1000000,FEC1,0,1000000,2,411.954443,124.616179,219.279554,18.614672,30.417505,286
seq00_static_1M.ply,1000000,FEC1,0,1000000,3,400.417093,123.578163,211.615433,17.351227,30.446827,286
seq00_static_1M.ply,1000000,FEC1,0,1000000,4,396.219063,121.646840,209.138792,17.277139,30.886730,286
seq00_static_1M.ply,1000000,FEC1,0,1000000,5,414.190640,132.192545,214.408501,17.883567,31.923690,286
seq00_static_1M.ply,1000000,FEC1,0,1000000,6,405.178271,120.937557,215.697951,18.006782,32.108114,286
seq00_static_1M.ply,1000000,FEC1,0,1000000,7,374.978498,119.701286,194.591137,16.289783,28.090443,286
seq00_static_1M.ply,1000000,FECunion,0,1000000,1,335.629620,113.363305,188.723008,9.886159,4.488938,286
seq00_static_1M.ply,1000000,FECunion,0,1000000,2,332.824988,111.583347,187.969322,9.579040,4.455825,286
seq00_static_1M.ply,1000000,FECunion,0,1000000,3,366.500960,121.613150,207.546536,9.843085,4.508555,286
seq00_static_1M.ply,1000000,FECunion,0,1000000,4,360.158605,110.609188,211.648008,9.921203,4.575021,286
seq00_static_1M.ply,1000000,FECunion,0,1000000,5,341.233895,111.303466,195.511080,9.794658,4.482496,286
seq00_static_1M.ply,1000000,FECunion,0,1000000,6,351.759598,112.980418,202.495061,9.666412,4.704367,286
seq00_static_1M.ply,1000000,FECunion,0,1000000,7,347.855426,113.014312,198.666674,10.228589,5.308852,286
seq00_static_1M.ply,1000000,FEC,50,1000000,1,3198.450071,119.368321,276.671342,2761.026773,31.907429,286
seq00_static_1M.ply,1000000,FEC,50,1000000,2,3212.425329,120.880798,292.370059,2759.532959,30.073286,286
seq00_static_1M.ply,1000000,FEC,50,1000000,3,3137.156600,111.546998,287.600027,2696.499972,32.147408,286
seq00_static_1M.ply,1000000,FEC,50,1000000,4,3255.355210,120.203588,289.261147,2803.854809,32.557570,286
seq00_static_1M.ply,1000000,FEC,50,1000000,5,3194.575362,119.949698,276.418834,2756.005650,32.621375,286
seq00_static_1M.ply,1000000,FEC,50,1000000,6,3041.999198,121.065284,276.956812,2603.177370,31.558670,286
seq00_static_1M.ply,1000000,FEC,50,1000000,7,3194.794140,118.087690,285.016966,2750.162081,32.034724,286
seq00_static_1M.ply,1000000,FEC1,50,1000000,1,385.319971,118.569692,202.572561,17.005476,29.935440,286
seq00_static_1M.ply,1000000,FEC1,50,1000000,2,388.471455,116.777004,207.303524,17.329536,29.583270,286
seq00_static_1M.ply,1000000,FEC1,50,1000000,3,390.330766,118.124174,206.192446,17.154619,31.133911,286
seq00_static_1M.ply,1000000,FEC1,50,1000000,4,403.094704,129.912069,206.943465,17.562502,30.670713,286
seq00_static_1M.ply,1000000,FEC1,50,1000000,5,401.308138,122.044078,212.708972,17.813206,30.039743,286
seq00_static_1M.ply,1000000,FEC1,50,1000000,6,401.570343,120.982055,213.777358,17.853619,29.768805,286
seq00_static_1M.ply,1000000,FEC1,50,1000000,7,394.240676,121.946576,206.375275,17.343152,30.632767,286
seq00_static_1M.ply,1000000,FECunion,50,1000000,1,359.390433,122.164811,200.347447,10.109710,5.027201,286
seq00_static_1M.ply,1000000,FECunion,50,1000000,2,347.292319,119.144448,192.914289,9.737811,4.548922,286
seq00_static_1M.ply,1000000,FECunion,50,1000000,3,366.958641,114.065995,213.292373,10.214490,5.005038,286
seq00_static_1M.ply,1000000,FECunion,50,1000000,4,361.292143,121.085896,202.825323,10.232352,4.899723,286
seq00_static_1M.ply,1000000,FECunion,50,1000000,5,356.933845,121.208198,199.492693,10.318076,4.882801,286
seq00_static_1M.ply,1000000,FECunion,50,1000000,6,361.872578,121.559502,202.910911,10.302838,4.892490,286
seq00_static_1M.ply,1000000,FECunion,50,1000000,7,360.320492,122.766763,200.408580,10.306916,4.789565,286
seq00_static_1050k.ply,1050000,FEC,0,1050000,1,3483.190500,130.101734,317.492583,2990.710142,34.735912,303
seq00_static_1050k.ply,1050000,FEC,0,1050000,2,3409.670847,127.422202,311.954374,2919.798220,39.766970,303
seq00_static_1050k.ply,1050000,FEC,0,1050000,3,3532.250714,128.070043,335.163164,3016.812774,41.152923,303
seq00_static_1050k.ply,1050000,FEC,0,1050000,4,3477.522417,127.417883,329.140786,2972.829677,36.774893,303
seq00_static_1050k.ply,1050000,FEC,0,1050000,5,3378.073594,123.700809,298.969768,2906.503142,38.103092,303
seq00_static_1050k.ply,1050000,FEC,0,1050000,6,3405.245024,127.539317,305.915388,2923.648114,37.151831,303
seq00_static_1050k.ply,1050000,FEC,0,1050000,7,3400.358776,128.511716,298.675197,2926.362898,36.106284,303
seq00_static_1050k.ply,1050000,FEC1,0,1050000,1,397.186151,120.276132,208.585257,17.267333,32.663638,303
seq00_static_1050k.ply,1050000,FEC1,0,1050000,2,416.983254,125.206583,219.436749,18.110332,34.696744,303
seq00_static_1050k.ply,1050000,FEC1,0,1050000,3,411.852213,123.737371,217.471027,17.825755,33.342609,303
seq00_static_1050k.ply,1050000,FEC1,0,1050000,4,435.129796,128.154282,233.445822,19.556764,32.486974,303
seq00_static_1050k.ply,1050000,FEC1,0,1050000,5,428.242507,127.037912,223.575318,19.766869,36.907745,303
seq00_static_1050k.ply,1050000,FEC1,0,1050000,6,417.465316,125.168374,219.696844,18.151027,34.507577,303
seq00_static_1050k.ply,1050000,FEC1,0,1050000,7,411.764419,123.040259,218.207872,17.855262,33.149634,303
seq00_static_1050k.ply,1050000,FECunion,0,1050000,1,373.077075,122.483136,210.226134,10.871638,4.998580,303
seq00_static_1050k.ply,1050000,FECunion,0,1050000,2,385.061973,120.853225,222.114157,10.819006,5.279340,303
seq00_static_1050k.ply,1050000,FECunion,0,1050000,3,379.383508,128.192354,211.095308,10.589412,5.048199,303
seq00_static_1050k.ply,1050000,FECunion,0,1050000,4,377.246934,124.059104,210.250035,10.782952,5.634285,303
seq00_static_1050k.ply,1050000,FECunion,0,1050000,5,376.692978,124.575442,212.127090,10.724752,4.996362,303
seq00_static_1050k.ply,1050000,FECunion,0,1050000,6,376.298372,125.162389,211.108177,10.703540,4.962559,303
seq00_static_1050k.ply,1050000,FECunion,0,1050000,7,381.333109,122.585044,217.012594,10.850831,5.227365,303
seq00_static_1050k.ply,1050000,FEC,50,1050000,1,3380.987156,128.333027,295.340910,2909.458555,37.148941,303
seq00_static_1050k.ply,1050000,FEC,50,1050000,2,3648.827486,129.287347,304.662790,3170.354191,34.308614,303
seq00_static_1050k.ply,1050000,FEC,50,1050000,3,3357.798697,126.064959,294.138898,2894.751326,33.142960,303
seq00_static_1050k.ply,1050000,FEC,50,1050000,4,3407.614995,119.824880,300.733114,2941.947835,35.223748,303
seq00_static_1050k.ply,1050000,FEC,50,1050000,5,3559.999229,122.266919,306.085175,3087.029472,34.626987,303
seq00_static_1050k.ply,1050000,FEC,50,1050000,6,3304.824748,126.907970,280.113773,2856.599528,31.812558,303
seq00_static_1050k.ply,1050000,FEC,50,1050000,7,3504.452937,115.198365,290.289546,3056.239049,32.973012,303
seq00_static_1050k.ply,1050000,FEC1,50,1050000,1,405.086256,123.572517,213.376885,17.741219,31.899789,303
seq00_static_1050k.ply,1050000,FEC1,50,1050000,2,402.807646,123.647469,212.114236,17.583592,31.029893,303
seq00_static_1050k.ply,1050000,FEC1,50,1050000,3,419.565382,130.330525,218.817148,18.565613,32.234311,303
seq00_static_1050k.ply,1050000,FEC1,50,1050000,4,409.692397,128.861677,213.312286,17.642069,31.287988,303
seq00_static_1050k.ply,1050000,FEC1,50,1050000,5,412.198707,125.813375,216.664637,18.306912,32.203274,303
seq00_static_1050k.ply,1050000,FEC1,50,1050000,6,401.049195,121.732935,211.151407,17.548083,32.156147,303
seq00_static_1050k.ply,1050000,FEC1,50,1050000,7,397.479618,120.114496,209.886432,17.499076,31.960366,303
seq00_static_1050k.ply,1050000,FECunion,50,1050000,1,370.935357,122.614270,210.283120,10.742780,4.932508,303
seq00_static_1050k.ply,1050000,FECunion,50,1050000,2,385.466609,138.110674,207.691249,10.735805,6.412174,303
seq00_static_1050k.ply,1050000,FECunion,50,1050000,3,363.218155,122.269710,203.877091,10.667237,4.909597,303
seq00_static_1050k.ply,1050000,FECunion,50,1050000,4,366.715876,123.147613,206.278292,10.555784,4.608895,303
seq00_static_1050k.ply,1050000,FECunion,50,1050000,5,345.713375,114.784071,195.220964,10.060163,4.612002,303
seq00_static_1050k.ply,1050000,FECunion,50,1050000,6,351.840985,116.863396,198.342452,10.149628,5.226409,303
seq00_static_1050k.ply,1050000,FECunion,50,1050000,7,384.105774,128.877786,215.436047,10.896212,5.021831,303
seq00_static_1100k.ply,1100000,FEC,0,1100000,1,3773.854867,142.220638,327.297328,3256.505672,37.117249,313
seq00_static_1100k.ply,1100000,FEC,0,1100000,2,3573.589205,133.537617,302.091135,3090.378211,37.457008,313
seq00_static_1100k.ply,1100000,FEC,0,1100000,3,3754.888612,127.582084,322.668604,3254.961461,39.300403,313
seq00_static_1100k.ply,1100000,FEC,0,1100000,4,3709.068124,131.170381,312.652365,3217.343783,37.542172,313
seq00_static_1100k.ply,1100000,FEC,0,1100000,5,3617.995651,128.271179,333.209923,3106.263239,40.015798,313
seq00_static_1100k.ply,1100000,FEC,0,1100000,6,3744.126746,131.575446,317.422108,3243.877597,40.651632,313
seq00_static_1100k.ply,1100000,FEC,0,1100000,7,3500.464733,127.344600,313.586965,3010.916237,38.828209,313
seq00_static_1100k.ply,1100000,FEC1,0,1100000,1,412.433178,124.847070,218.061733,17.816507,33.491914,313
seq00_static_1100k.ply,1100000,FEC1,0,1100000,2,438.325126,134.393096,230.652171,19.059176,34.966194,313
seq00_static_1100k.ply,1100000,FEC1,0,1100000,3,480.447861,135.149432,261.453663,21.584001,39.344466,313
seq00_static_1100k.ply,1100000,FEC1,0,1100000,4,494.763799,140.072341,268.606312,22.623001,39.308563,313
seq00_static_1100k.ply,1100000,FEC1,0,1100000,5,436.790162,131.634644,231.405435,18.977171,35.574751,313
seq00_static_1100k.ply,1100000,FEC1,0,1100000,6,432.099274,131.724884,228.820615,18.699630,34.067135,313
seq00_static_1100k.ply,1100000,FEC1,0,1100000,7,429.681222,129.808173,228.346576,18.712323,33.834416,313
seq00_static_1100k.ply,1100000,FECunion,0,1100000,1,399.713029,132.826533,225.200829,11.087876,5.227700,313
seq00_static_1100k.ply,1100000,FECunion,0,1100000,2,412.645275,133.161952,234.939799,11.161769,6.275132,313
seq00_static_1100k.ply,1100000,FECunion,0,1100000,3,397.373087,134.628915,222.074620,11.040648,5.220583,313
seq00_static_1100k.ply,1100000,FECunion,0,1100000,4,392.542572,130.866654,221.181898,11.184099,5.120710,313
seq00_static_1100k.ply,1100000,FECunion,0,1100000,5,386.219101,130.428954,216.260112,11.031265,5.178758,313
seq00_static_1100k.ply,1100000,FECunion,0,1100000,6,392.030243,129.761579,222.097520,11.135393,5.252468,313
seq00_static_1100k.ply,1100000,FECunion,0,1100000,7,387.137419,130.739244,216.883275,11.215650,5.208877,313
seq00_static_1100k.ply,1100000,FEC,50,1100000,1,3683.662376,129.230360,314.030404,3192.868557,37.202207,313
seq00_static_1100k.ply,1100000,FEC,50,1100000,2,3757.124058,129.522092,319.258215,3260.479140,37.376428,313
seq00_static_1100k.ply,1100000,FEC,50,1100000,3,3570.711681,129.193527,303.935572,3091.429627,35.853249,313
seq00_static_1100k.ply,1100000,FEC,50,1100000,4,3686.477436,133.378758,310.240486,3196.736377,35.684747,313
seq00_static_1100k.ply,1100000,FEC,50,1100000,5,3741.573585,134.596239,320.463633,3242.921185,33.131794,313
seq00_static_1100k.ply,1100000,FEC,50,1100000,6,3628.845305,125.735098,313.590323,3142.506361,36.601684,313
seq00_static_1100k.ply,1100000,FEC,50,1100000,7,3700.317306,134.190430,318.978044,3201.977958,34.697831,313
seq00_static_1100k.ply,1100000,FEC1,50,1100000,1,430.282064,132.434879,225.160990,18.569744,35.219049,313
seq00_static_1100k.ply,1100000,FEC1,50,1100000,2,416.055173,131.436030,216.268541,17.884571,32.272480,313
seq00_static_1100k.ply,1100000,FEC1,50,1100000,3,409.021511,126.417884,215.112091,17.932879,31.151813,313
seq00_static_1100k.ply,1100000,FEC1,50,1100000,4,413.638432,125.698319,219.737290,18.187105,31.109422,313
seq00_static_1100k.ply,1100000,FEC1,50,1100000,5,419.431545,134.848463,216.690156,18.274727,31.024341,313
seq00_static_1100k.ply,1100000,FEC1,50,1100000,6,400.015162,121.517876,211.191652,17.325884,32.234578,313
seq00_static_1100k.ply,1100000,FEC1,50,1100000,7,429.007127,124.938397,229.640751,18.977857,35.888159,313
seq00_static_1100k.ply,1100000,FECunion,50,1100000,1,395.546574,133.849132,222.098870,11.713090,5.333283,313
seq00_static_1100k.ply,1100000,FECunion,50,1100000,2,397.501639,136.892061,221.208134,11.272917,5.295992,313
seq00_static_1100k.ply,1100000,FECunion,50,1100000,3,427.587698,135.651485,247.014061,11.706386,5.626754,313
seq00_static_1100k.ply,1100000,FECunion,50,1100000,4,410.042258,138.038533,229.772579,11.332903,6.176456,313
seq00_static_1100k.ply,1100000,FECunion,50,1100000,5,406.265884,131.722161,232.192416,11.317083,5.452499,313
seq00_static_1100k.ply,1100000,FECunion,50,1100000,6,405.486972,135.870020,228.493157,11.364363,5.304727,313
seq00_static_1100k.ply,1100000,FECunion,50,1100000,7,400.841270,129.882262,229.340628,11.522730,5.817810,313
seq00_static_1150k.ply,1150000,FEC,0,1150000,1,3963.970821,143.064500,342.857277,3425.323390,41.873478,318
seq00_static_1150k.ply,1150000,FEC,0,1150000,2,3928.950845,136.958849,338.539461,3400.168337,41.678259,318
seq00_static_1150k.ply,1150000,FEC,0,1150000,3,4006.122731,144.250845,347.326548,3463.676056,39.873951,318
seq00_static_1150k.ply,1150000,FEC,0,1150000,4,3979.983868,136.095308,342.465127,3448.933904,40.799526,318
seq00_static_1150k.ply,1150000,FEC,0,1150000,5,3932.248398,148.177018,345.343063,3386.724118,40.196616,318
seq00_static_1150k.ply,1150000,FEC,0,1150000,6,3918.543387,131.596874,329.119246,3404.995426,41.557192,318
seq00_static_1150k.ply,1150000,FEC,0,1150000,7,4042.851593,136.989500,340.246447,3512.464675,41.031951,318
seq00_static_1150k.ply,1150000,FEC1,0,1150000,1,471.608684,146.810759,245.334498,20.390816,37.623319,318
seq00_static_1150k.ply,1150000,FEC1,0,1150000,2,468.107770,143.255626,245.713597,20.375430,36.732212,318
seq00_static_1150k.ply,1150000,FEC1,0,1150000,3,460.342751,140.381553,242.486600,20.009249,36.249417,318
seq00_static_1150k.ply,1150000,FEC1,0,1150000,4,448.526084,144.213322,230.836309,18.826405,34.394943,318
seq00_static_1150k.ply,1150000,FEC1,0,1150000,5,434.273695,132.438911,227.622524,18.301608,36.456756,318
seq00_static_1150k.ply,1150000,FEC1,0,1150000,6,464.648791,132.647235,253.143670,20.943088,35.212165,318
seq00_static_1150k.ply,1150000,FEC1,0,1150000,7,432.509738,136.352146,223.575088,18.321403,34.866499,318
seq00_static_1150k.ply,1150000,FECunion,0,1150000,1,408.706940,131.379860,234.143012,11.619463,5.486525,318
seq00_static_1150k.ply,1150000,FECunion,0,1150000,2,423.902637,139.831419,239.319448,12.036432,5.542875,318
seq00_static_1150k.ply,1150000,FECunion,0,1150000,3,420.192979,139.205165,237.194020,12.131410,5.503714,318
seq00_static_1150k.ply,1150000,FECunion,0,1150000,4,429.748797,141.575086,242.993685,11.827310,5.630570,318
seq00_static_1150k.ply,1150000,FECunion,0,1150000,5,436.407505,149.681171,241.190083,11.992656,5.554476,318
seq00_static_1150k.ply,1150000,FECunion,0,1150000,6,426.922062,143.799052,237.672791,11.691715,6.399894,318
seq00_static_1150k.ply,1150000,FECunion,0,1150000,7,429.420704,145.269100,238.958240,12.007291,5.535388,318
seq00_static_1150k.ply,1150000,FEC,50,1150000,1,4003.523357,138.469041,336.361247,3475.808552,41.164116,318
seq00_static_1150k.ply,1150000,FEC,50,1150000,2,4029.882591,143.438206,330.026955,3505.663227,38.965808,318
seq00_static_1150k.ply,1150000,FEC,50,1150000,3,4007.457203,145.974499,336.760146,3472.996333,40.137398,318
seq00_static_1150k.ply,1150000,FEC,50,1150000,4,4069.193202,136.666123,346.501664,3533.300393,41.006407,318
seq00_static_1150k.ply,1150000,FEC,50,1150000,5,3983.387501,144.938481,337.242595,3449.224674,40.198605,318
seq00_static_1150k.ply,1150000,FEC,50,1150000,6,3984.033954,139.546703,325.355308,3468.204668,39.552470,318
seq00_static_1150k.ply,1150000,FEC,50,1150000,7,4037.984627,142.761958,341.945120,3499.744405,41.703723,318
seq00_static_1150k.ply,1150000,FEC1,50,1150000,1,481.353301,149.991602,248.095341,21.260170,39.396722,318
seq00_static_1150k.ply,1150000,FEC1,50,1150000,2,460.287140,143.296983,238.707914,19.836530,37.530392,318
seq00_static_1150k.ply,1150000,FEC1,50,1150000,3,445.622621,143.392923,228.673980,18.696620,34.880074,318
seq00_static_1150k.ply,1150000,FEC1,50,1150000,4,434.146464,130.864459,229.149492,19.068700,35.146459,318
seq00_static_1150k.ply,1150000,FEC1,50,1150000,5,432.313746,132.291046,223.878326,18.453738,38.246160,318
seq00_static_1150k.ply,1150000,FEC1,50,1150000,6,446.183905,133.786194,237.177729,19.599026,34.274284,318
seq00_static_1150k.ply,1150000,FEC1,50,1150000,7,431.392168,135.514112,222.315439,18.037788,35.916560,318
seq00_static_1150k.ply,1150000,FECunion,50,1150000,1,405.935551,136.280156,226.676011,11.666954,5.713946,318
seq00_static_1150k.ply,1150000,FECunion,50,1150000,2,425.528155,142.813611,236.766190,11.942173,5.593754,318
seq00_static_1150k.ply,1150000,FECunion,50,1150000,3,425.868125,141.187266,238.132973,12.645537,5.704265,318
seq00_static_1150k.ply,1150000,FECunion,50,1150000,4,424.640293,143.569413,236.135087,11.863820,5.466106,318
seq00_static_1150k.ply,1150000,FECunion,50,1150000,5,436.679414,139.546521,249.933303,11.971847,5.638103,318
seq00_static_1150k.ply,1150000,FECunion,50,1150000,6,416.935861,142.562244,230.548485,11.897438,5.566414,318
seq00_static_1150k.ply,1150000,FECunion,50,1150000,7,423.831805,144.330657,234.829366,12.070694,5.727792,318
seq00_static_1200k.ply,1200000,FEC,0,1200000,1,4162.706388,151.648560,371.237814,3581.323100,43.641761,315
seq00_static_1200k.ply,1200000,FEC,0,1200000,2,4106.881750,139.144790,355.017305,3554.491820,46.319769,315
seq00_static_1200k.ply,1200000,FEC,0,1200000,3,4257.094998,151.372929,379.653993,3667.148716,42.680272,315
seq00_static_1200k.ply,1200000,FEC,0,1200000,4,4215.384528,141.743112,368.146105,3646.860907,46.224790,315
seq00_static_1200k.ply,1200000,FEC,0,1200000,5,4279.446492,148.132982,354.439353,3720.964841,43.530329,315
seq00_static_1200k.ply,1200000,FEC,0,1200000,6,4328.962408,142.357900,356.164393,3769.385652,47.221126,315
seq00_static_1200k.ply,1200000,FEC,0,1200000,7,4283.067431,148.567059,369.746031,3706.534201,42.746353,315
seq00_static_1200k.ply,1200000,FEC1,0,1200000,1,459.599097,142.936698,238.739962,19.530646,37.611109,315
seq00_static_1200k.ply,1200000,FEC1,0,1200000,2,458.520019,138.861103,241.428976,19.945665,37.308334,315
seq00_static_1200k.ply,1200000,FEC1,0,1200000,3,479.398150,140.580861,256.331308,21.306344,37.818994,315
seq00_static_1200k.ply,1200000,FEC1,0,1200000,4,467.173269,144.632396,243.247142,20.066127,36.888808,315
seq00_static_1200k.ply,1200000,FEC1,0,1200000,5,504.562511,145.118875,265.348143,22.314965,45.988175,315
seq00_static_1200k.ply,1200000,FEC1,0,1200000,6,481.485317,148.298398,249.105534,20.519168,41.545391,315
seq00_static_1200k.ply,1200000,FEC1,0,1200000,7,483.047589,148.665209,252.886903,20.500720,38.826142,315
seq00_static_1200k.ply,1200000,FECunion,0,1200000,1,473.898298,153.840844,268.931407,12.506711,5.916807,315
seq00_static_1200k.ply,1200000,FECunion,0,1200000,2,450.494827,151.671025,251.845805,12.876040,5.815304,315
seq00_static_1200k.ply,1200000,FECunion,0,1200000,3,461.708016,150.028697,256.890750,12.799135,5.743618,315
seq00_static_1200k.ply,1200000,FECunion,0,1200000,4,446.515581,149.858640,250.517829,12.555071,5.787502,315
seq00_static_1200k.ply,1200000,FECunion,0,1200000,5,451.521160,149.093793,254.916196,12.564982,5.856229,315
seq00_static_1200k.ply,1200000,FECunion,0,1200000,6,474.107178,152.796069,271.011443,12.492662,5.893380,315
seq00_static_1200k.ply,1200000,FECunion,0,1200000,7,451.929902,152.861325,251.630402,12.410712,5.781261,315
seq00_static_1200k.ply,1200000,FEC,50,1200000,1,4051.496893,151.627099,341.167053,3499.790820,46.979762,315
seq00_static_1200k.ply,1200000,FEC,50,1200000,2,4432.388378,155.031058,379.932310,3839.777137,44.737370,315
seq00_static_1200k.ply,1200000,FEC,50,1200000,3,4034.163795,144.920337,347.784110,3485.324760,44.546676,315
seq00_static_1200k.ply,1200000,FEC,50,1200000,4,4248.982267,150.006013,354.546555,3686.417471,45.659971,315
seq00_static_1200k.ply,1200000,FEC,50,1200000,5,4059.169084,151.948485,341.403648,3510.912894,43.368084,315
seq00_static_1200k.ply,1200000,FEC,50,1200000,6,4295.825549,141.310175,356.377097,3740.246332,45.825301,315
seq00_static_1200k.ply,1200000,FEC,50,1200000,7,4159.414020,152.133375,351.080057,3601.136368,43.188232,315
seq00_static_1200k.ply,1200000,FEC1,50,1200000,1,455.135222,142.153023,235.381825,19.570662,37.315528,315
seq00_static_1200k.ply,1200000,FEC1,50,1200000,2,467.751733,139.310107,248.144825,20.642881,38.050190,315
seq00_static_1200k.ply,1200000,FEC1,50,1200000,3,477.868923,147.872115,248.292271,20.257037,39.727223,315
seq00_static_1200k.ply,1200000,FEC1,50,1200000,4,476.372644,146.698538,246.349525,20.402270,41.313602,315
seq00_static_1200k.ply,1200000,FEC1,50,1200000,5,509.556548,155.126443,266.499099,23.040946,41.279313,315
seq00_static_1200k.ply,1200000,FEC1,50,1200000,6,479.968189,146.918453,251.420408,20.658118,38.827753,315
seq00_static_1200k.ply,1200000,FEC1,50,1200000,7,488.784146,147.402764,257.629976,21.240210,39.331936,315
seq00_static_1200k.ply,1200000,FECunion,50,1200000,1,442.752888,150.876274,244.308875,12.295000,6.209820,315
seq00_static_1200k.ply,1200000,FECunion,50,1200000,2,445.796078,152.339649,244.316915,12.423860,5.762973,315
seq00_static_1200k.ply,1200000,FECunion,50,1200000,3,452.387024,147.890270,255.671008,12.253285,5.968373,315
seq00_static_1200k.ply,1200000,FECunion,50,1200000,4,438.128585,148.079029,243.305746,12.867315,5.759745,315
seq00_static_1200k.ply,1200000,FECunion,50,1200000,5,437.164449,147.391681,243.188587,12.375154,5.601677,315
seq00_static_1200k.ply,1200000,FECunion,50,1200000,6,408.851704,139.370581,225.716918,12.274604,5.605445,315
seq00_static_1200k.ply,1200000,FECunion,50,1200000,7,409.132445,139.044422,226.623434,11.835255,5.377872,315
seq00_static_1250k.ply,1250000,FEC,0,1250000,1,4785.642592,154.892747,382.491112,4188.470547,47.801739,323
seq00_static_1250k.ply,1250000,FEC,0,1250000,2,4680.921661,164.709282,371.595576,4086.411772,46.397891,323
seq00_static_1250k.ply,1250000,FEC,0,1250000,3,4844.735145,149.380005,390.989852,4240.704058,51.613689,323
seq00_static_1250k.ply,1250000,FEC,0,1250000,4,4916.335436,162.728424,391.524858,4303.673006,46.253366,323
seq00_static_1250k.ply,1250000,FEC,0,1250000,5,4547.627616,153.203869,374.199094,3961.183422,47.374347,323
seq00_static_1250k.ply,1250000,FEC,0,1250000,6,4674.158392,149.661612,377.541087,4088.832117,46.363464,323
seq00_static_1250k.ply,1250000,FEC,0,1250000,7,4644.914362,151.955791,389.842504,4043.486744,47.897378,323
seq00_static_1250k.ply,1250000,FEC1,0,1250000,1,493.519639,152.251149,258.030138,20.817795,41.036562,323
seq00_static_1250k.ply,1250000,FEC1,0,1250000,2,488.386292,148.233044,259.114453,20.768252,38.848176,323
seq00_static_1250k.ply,1250000,FEC1,0,1250000,3,504.247695,150.772445,264.167583,21.691255,43.009893,323
seq00_static_1250k.ply,1250000,FEC1,0,1250000,4,526.313610,151.262997,284.653225,23.563897,40.839928,323
seq00_static_1250k.ply,1250000,FEC1,0,1250000,5,496.707146,155.863622,257.077164,20.920078,39.789071,323
seq00_static_1250k.ply,1250000,FEC1,0,1250000,6,486.835147,148.972029,255.868798,20.635669,39.074508,323
seq00_static_1250k.ply,1250000,FEC1,0,1250000,7,485.356700,148.946494,253.876000,20.690391,39.086842,323
seq00_static_1250k.ply,1250000,FECunion,0,1250000,1,459.984245,154.533512,252.532240,12.376320,5.833267,323
seq00_static_1250k.ply,1250000,FECunion,0,1250000,2,472.987653,149.524482,272.228113,12.975429,5.824619,323
seq00_static_1250k.ply,1250000,FECunion,0,1250000,3,446.767314,152.281233,248.724128,12.501242,5.787446,323
seq00_static_1250k.ply,1250000,FECunion,0,1250000,4,445.126323,149.093714,249.425014,12.542479,5.770511,323
seq00_static_1250k.ply,1250000,FECunion,0,1250000,5,470.674721,155.335842,265.707552,12.497569,5.761628,323
seq00_static_1250k.ply,1250000,FECunion,0,1250000,6,464.046401,151.008615,263.665025,12.506110,5.858168,323
seq00_static_1250k.ply,1250000,FECunion,0,1250000,7,463.519043,152.220611,262.210418,12.428548,5.807973,323
seq00_static_1250k.ply,1250000,FEC,50,1250000,1,4376.995424,154.416959,375.143061,3787.362918,42.466172,323
seq00_static_1250k.ply,1250000,FEC,50,1250000,2,3866.925098,134.751118,330.497251,3349.635328,41.026768,323
seq00_static_1250k.ply,1250000,FEC,50,1250000,3,3985.050059,135.881440,334.609550,3462.960586,40.369765,323
seq00_static_1250k.ply,1250000,FEC,50,1250000,4,4007.174418,136.980335,358.957965,3458.949229,41.083222,323
seq00_static_1250k.ply,1250000,FEC,50,1250000,5,3946.598914,140.365116,329.944781,3422.620499,42.503982,323
seq00_static_1250k.ply,1250000,FEC,50,1250000,6,4498.686791,132.452386,375.111497,3929.712857,48.746381,323
seq00_static_1250k.ply,1250000,FEC,50,1250000,7,4699.233708,159.082063,391.018761,4088.194224,47.351021,323
seq00_static_1250k.ply,1250000,FEC1,50,1250000,1,521.451157,161.252188,271.743924,22.680742,41.204659,323
seq00_static_1250k.ply,1250000,FEC1,50,1250000,2,524.319209,159.828858,275.481724,22.762463,41.376877,323
seq00_static_1250k.ply,1250000,FEC1,50,1250000,3,520.872833,158.785513,272.565364,22.451054,42.548624,323
seq00_static_1250k.ply,1250000,FEC1,50,1250000,4,514.951282,160.971896,265.578373,21.840296,43.325863,323
seq00_static_1250k.ply,1250000,FEC1,50,1250000,5,534.290248,156.525487,285.765317,23.875726,41.646066,323
seq00_static_1250k.ply,1250000,FEC1,50,1250000,6,513.589909,158.961574,266.793578,22.288560,41.446051,323
seq00_static_1250k.ply,1250000,FEC1,50,1250000,7,508.823243,159.668014,262.487324,22.177284,41.028619,323
seq00_static_1250k.ply,1250000,FECunion,50,1250000,1,461.871145,156.876230,255.644824,13.215763,6.167148,323
seq00_static_1250k.ply,1250000,FECunion,50,1250000,2,496.957836,157.482695,284.831008,12.956765,6.138927,323
seq00_static_1250k.ply,1250000,FECunion,50,1250000,3,489.795230,162.905555,274.292591,13.349816,6.277760,323
seq00_static_1250k.ply,1250000,FECunion,50,1250000,4,472.117645,160.690139,261.235134,13.078799,6.335188,323
seq00_static_1250k.ply,1250000,FECunion,50,1250000,5,461.178817,158.579331,254.400766,13.080011,6.101254,323
seq00_static_1250k.ply,1250000,FECunion,50,1250000,6,466.693350,159.120898,256.641536,13.206834,6.106636,323
seq00_static_1250k.ply,1250000,FECunion,50,1250000,7,470.415001,158.943274,260.191440,13.404628,6.943876,323
seq00_static_1300k.ply,1300000,FEC,0,1300000,1,5070.093802,179.649095,415.211248,4403.697466,52.864927,328
seq00_static_1300k.ply,1300000,FEC,0,1300000,2,4927.338616,176.670507,416.348744,4263.859007,51.465222,328
seq00_static_1300k.ply,1300000,FEC,0,1300000,3,4957.793597,180.330099,413.490974,4297.281297,49.306775,328
seq00_static_1300k.ply,1300000,FEC,0,1300000,4,5164.557967,181.098309,424.111071,4500.417879,44.906898,328
seq00_static_1300k.ply,1300000,FEC,0,1300000,5,4581.504927,152.854998,369.796744,4001.040888,45.441619,328
seq00_static_1300k.ply,1300000,FEC,0,1300000,6,4721.957851,159.906306,382.861356,4120.591193,45.609524,328
seq00_static_1300k.ply,1300000,FEC,0,1300000,7,4883.554701,154.754209,380.239888,4278.665612,48.797560,328
seq00_static_1300k.ply,1300000,FEC1,0,1300000,1,513.241081,155.283267,270.595770,23.520011,39.227444,328
seq00_static_1300k.ply,1300000,FEC1,0,1300000,2,514.433043,157.164039,268.351996,22.574740,41.222183,328
seq00_static_1300k.ply,1300000,FEC1,0,1300000,3,503.685502,155.682871,263.677447,21.498364,39.609851,328
seq00_static_1300k.ply,1300000,FEC1,0,1300000,4,512.342842,161.210145,261.749955,23.218085,42.875417,328
seq00_static_1300k.ply,1300000,FEC1,0,1300000,5,498.597530,155.269552,259.690789,21.013130,39.344102,328
seq00_static_1300k.ply,1300000,FEC1,0,1300000,6,508.365690,167.737523,258.444782,21.427788,37.791990,328
seq00_static_1300k.ply,1300000,FEC1,0,1300000,7,500.395797,156.355313,260.654332,21.317829,39.519032,328
seq00_static_1300k.ply,1300000,FECunion,0,1300000,1,456.509082,153.775521,255.696031,12.619355,5.918571,328
seq00_static_1300k.ply,1300000,FECunion,0,1300000,2,477.368450,166.012575,256.776547,12.669634,6.289551,328
seq00_static_1300k.ply,1300000,FECunion,0,1300000,3,467.093552,154.928267,261.218042,12.543325,5.940604,328
seq00_static_1300k.ply,1300000,FECunion,0,1300000,4,467.226143,161.744632,257.042051,12.504538,6.031812,328
seq00_static_1300k.ply,1300000,FECunion,0,1300000,5,463.702272,157.900169,256.500713,12.769824,6.042488,328
seq00_static_1300k.ply,1300000,FECunion,0,1300000,6,460.258081,155.877638,255.838448,12.712539,6.048427,328
seq00_static_1300k.ply,1300000,FECunion,0,1300000,7,468.395972,159.991570,253.444403,12.618254,6.008751,328
seq00_static_1300k.ply,1300000,FEC,50,1300000,1,4614.388757,152.600338,379.528047,4021.253600,47.143562,328
seq00_static_1300k.ply,1300000,FEC,50,1300000,2,4732.050903,154.448830,381.015477,4136.437819,47.390537,328
seq00_static_1300k.ply,1300000,FEC,50,1300000,3,4723.340032,154.650102,378.106280,4131.838350,45.968893,328
seq00_static_1300k.ply,1300000,FEC,50,1300000,4,4678.582614,156.695101,377.007640,4085.823036,45.128239,328
seq00_static_1300k.ply,1300000,FEC,50,1300000,5,4751.963658,152.889692,377.352836,4162.406842,44.683950,328
seq00_static_1300k.ply,1300000,FEC,50,1300000,6,4937.278040,157.392753,385.563098,4334.698702,45.365011,328
seq00_static_1300k.ply,1300000,FEC,50,1300000,7,4912.652947,154.993355,385.337828,4313.371682,45.372687,328
seq00_static_1300k.ply,1300000,FEC1,50,1300000,1,496.913853,154.030038,259.197384,21.527123,38.614616,328
seq00_static_1300k.ply,1300000,FEC1,50,1300000,2,518.357797,163.454774,266.684045,22.393752,40.416848,328
seq00_static_1300k.ply,1300000,FEC1,50,1300000,3,530.096576,158.258018,277.286971,23.386024,42.997757,328
seq00_static_1300k.ply,1300000,FEC1,50,1300000,4,493.842345,154.179218,256.878250,21.079168,38.026454,328
seq00_static_1300k.ply,1300000,FEC1,50,1300000,5,539.318149,166.474024,281.796427,23.751803,40.902534,328
seq00_static_1300k.ply,1300000,FEC1,50,1300000,6,503.099051,165.447560,254.616002,21.084872,39.319977,328
seq00_static_1300k.ply,1300000,FEC1,50,1300000,7,501.172717,157.306495,255.184718,21.204534,43.828769,328
seq00_static_1300k.ply,1300000,FECunion,50,1300000,1,476.037565,155.456407,269.132275,13.270215,5.905847,328
seq00_static_1300k.ply,1300000,FECunion,50,1300000,2,456.399354,154.714624,252.686288,12.820387,6.362079,328
seq00_static_1300k.ply,1300000,FECunion,50,1300000,3,460.336048,155.816622,255.223700,12.736629,5.927354,328
seq00_static_1300k.ply,1300000,FECunion,50,1300000,4,459.457993,159.340566,251.871477,12.573251,5.990495,328
seq00_static_1300k.ply,1300000,FECunion,50,1300000,5,453.540215,156.202212,249.339972,12.754708,5.967716,328
seq00_static_1300k.ply,1300000,FECunion,50,1300000,6,471.477952,157.888759,262.601009,12.839833,5.973401,328
seq00_static_1300k.ply,1300000,FECunion,50,1300000,7,448.177241,155.091802,244.818442,12.712582,6.911068,328
seq00_static_1350k.ply,1350000,FEC,0,1350000,1,5235.196852,168.123177,402.703537,4589.793947,47.802209,350
seq00_static_1350k.ply,1350000,FEC,0,1350000,2,5178.991071,172.548337,419.401140,4522.482989,50.701472,350
seq00_static_1350k.ply,1350000,FEC,0,1350000,3,5020.228342,168.630656,411.273038,4378.330150,48.662105,350
seq00_static_1350k.ply,1350000,FEC,0,1350000,4,5143.415714,162.010353,407.127543,4508.501179,52.501590,350
seq00_static_1350k.ply,1350000,FEC,0,1350000,5,5579.612507,177.322046,430.360406,4904.712926,52.661826,350
seq00_static_1350k.ply,1350000,FEC,0,1350000,6,5291.275306,181.119620,435.166258,4606.318746,50.368638,350
seq00_static_1350k.ply,1350000,FEC,0,1350000,7,5068.514513,169.277751,410.773939,4425.867517,48.957380,350
seq00_static_1350k.ply,1350000,FEC1,0,1350000,1,540.063569,162.434815,285.696552,22.948170,44.042579,350
seq00_static_1350k.ply,1350000,FEC1,0,1350000,2,560.046826,173.203329,293.289015,23.358719,44.547138,350
seq00_static_1350k.ply,1350000,FEC1,0,1350000,3,568.641552,175.430087,295.589828,24.074210,46.996359,350
seq00_static_1350k.ply,1350000,FEC1,0,1350000,4,607.052714,178.313325,318.760958,26.622236,50.790436,350
seq00_static_1350k.ply,1350000,FEC1,0,1350000,5,576.651556,177.724402,302.948353,24.624811,44.282399,350
seq00_static_1350k.ply,1350000,FEC1,0,1350000,6,585.809156,180.433813,306.471776,25.082880,45.236318,350
seq00_static_1350k.ply,1350000,FEC1,0,1350000,7,576.350044,176.574015,301.549140,24.512359,46.475435,350
seq00_static_1350k.ply,1350000,FECunion,0,1350000,1,529.384310,177.814999,294.755856,14.342233,7.360163,350
seq00_static_1350k.ply,1350000,FECunion,0,1350000,2,536.196490,187.584186,292.391526,14.302571,7.188459,350
seq00_static_1350k.ply,1350000,FECunion,0,1350000,3,522.083985,178.855793,288.080580,14.190283,6.845660,350
seq00_static_1350k.ply,1350000,FECunion,0,1350000,4,512.183271,176.049403,282.311340,13.981175,6.695349,350
seq00_static_1350k.ply,1350000,FECunion,0,1350000,5,510.905687,174.239161,282.145328,14.418782,6.752740,350
seq00_static_1350k.ply,1350000,FECunion,0,1350000,6,542.494363,175.044154,307.707929,14.244481,7.021233,350
seq00_static_1350k.ply,1350000,FECunion,0,1350000,7,488.307271,167.768711,269.426308,13.363931,6.090907,350
seq00_static_1350k.ply,1350000,FEC,50,1350000,1,5077.679979,163.946690,409.553165,4440.445413,48.886197,350
seq00_static_1350k.ply,1350000,FEC,50,1350000,2,5058.846800,166.461480,393.481641,4438.133136,48.335369,350
seq00_static_1350k.ply,1350000,FEC,50,1350000,3,5059.962039,160.655732,385.628057,4454.437671,47.218132,350
seq00_static_1350k.ply,1350000,FEC,50,1350000,4,5041.499860,164.652945,390.292394,4423.231284,51.448194,350
seq00_static_1350k.ply,1350000,FEC,50,1350000,5,5120.579019,171.500050,398.652824,4488.543365,49.425271,350
seq00_static_1350k.ply,1350000,FEC,50,1350000,6,5385.821112,171.192469,423.033647,4725.151248,53.429054,350
seq00_static_1350k.ply,1350000,FEC,50,1350000,7,5241.373590,183.324285,396.863795,4596.841806,51.747951,350
seq00_static_1350k.ply,1350000,FEC1,50,1350000,1,574.135282,186.017953,292.402375,24.378951,46.107079,350
seq00_static_1350k.ply,1350000,FEC1,50,1350000,2,549.691388,175.466836,283.248128,23.252028,43.495011,350
seq00_static_1350k.ply,1350000,FEC1,50,1350000,3,542.780381,175.125135,277.938774,22.981697,43.416180,350
seq00_static_1350k.ply,1350000,FEC1,50,1350000,4,557.025731,172.072024,286.402665,23.358638,50.420307,350
seq00_static_1350k.ply,1350000,FEC1,50,1350000,5,569.904722,177.211623,299.387745,24.337049,42.933047,350
seq00_static_1350k.ply,1350000,FEC1,50,1350000,6,544.777567,172.676160,279.955548,22.908730,45.263022,350
seq00_static_1350k.ply,1350000,FEC1,50,1350000,7,545.192486,174.452027,280.775675,22.827718,43.787514,350
seq00_static_1350k.ply,1350000,FECunion,50,1350000,1,504.022800,171.819532,279.694676,13.903686,6.579832,350
seq00_static_1350k.ply,1350000,FECunion,50,1350000,2,511.310392,177.623813,280.881558,13.917668,6.519287,350
seq00_static_1350k.ply,1350000,FECunion,50,1350000,3,510.890979,183.497844,276.304484,13.737107,6.549249,350
seq00_static_1350k.ply,1350000,FECunion,50,1350000,4,504.593021,178.714098,275.022349,14.159628,6.632857,350
seq00_static_1350k.ply,1350000,FECunion,50,1350000,5,503.665808,175.870040,276.224485,13.738830,6.491276,350
seq00_static_1350k.ply,1350000,FECunion,50,1350000,6,495.460948,173.696715,271.986271,13.717038,6.430448,350
seq00_static_1350k.ply,1350000,FECunion,50,1350000,7,503.852773,174.084660,277.954539,13.568439,7.097622,350
seq00_static_1400k.ply,1400000,FEC,0,1400000,1,5435.288281,184.382195,437.128172,4742.127461,53.711419,360
seq00_static_1400k.ply,1400000,FEC,0,1400000,2,5586.597418,176.782915,428.683826,4912.358845,52.302941,360
seq00_static_1400k.ply,1400000,FEC,0,1400000,3,5551.593513,169.151547,420.675169,4886.981123,50.583650,360
seq00_static_1400k.ply,1400000,FEC,0,1400000,4,5414.320112,175.504463,412.720423,4758.283837,51.740870,360
seq00_static_1400k.ply,1400000,FEC,0,1400000,5,5280.447421,171.957955,414.009391,4631.045999,49.583401,360
seq00_static_1400k.ply,1400000,FEC,0,1400000,6,5377.980013,167.328340,417.832563,4725.383189,45.174180,360
seq00_static_1400k.ply,1400000,FEC,0,1400000,7,5043.516814,152.057577,390.357613,4431.739937,49.308260,360
seq00_static_1400k.ply,1400000,FEC1,0,1400000,1,537.312903,165.909415,280.201471,22.664518,43.705029,360
seq00_static_1400k.ply,1400000,FEC1,0,1400000,2,544.463745,163.077042,284.622495,23.275073,47.664356,360
seq00_static_1400k.ply,1400000,FEC1,0,1400000,3,559.209982,168.136227,294.963212,24.838287,43.090241,360
seq00_static_1400k.ply,1400000,FEC1,0,1400000,4,540.859323,168.170432,280.580665,23.001014,43.923936,360
seq00_static_1400k.ply,1400000,FEC1,0,1400000,5,533.164198,160.465818,282.084702,23.027066,42.024785,360
seq00_static_1400k.ply,1400000,FEC1,0,1400000,6,544.563080,167.906085,281.467774,22.824489,46.886459,360
seq00_static_1400k.ply,1400000,FEC1,0,1400000,7,595.529814,167.495025,325.190987,26.721456,46.663897,360
seq00_static_1400k.ply,1400000,FECunion,0,1400000,1,543.149559,182.690768,302.003674,14.693610,6.890171,360
seq00_static_1400k.ply,1400000,FECunion,0,1400000,2,540.075238,183.189712,299.098894,14.959494,6.829878,360
seq00_static_1400k.ply,1400000,FECunion,0,1400000,3,540.036481,183.626182,298.949025,14.963314,6.849089,360
seq00_static_1400k.ply,1400000,FECunion,0,1400000,4,538.874927,180.372315,299.960081,14.866286,6.938111,360
seq00_static_1400k.ply,1400000,FECunion,0,1400000,5,537.410375,189.537438,292.240335,14.775423,6.826273,360
seq00_static_1400k.ply,1400000,FECunion,0,1400000,6,541.231257,179.506463,301.996175,15.267292,6.815995,360
seq00_static_1400k.ply,1400000,FECunion,0,1400000,7,536.955810,178.738386,299.810229,14.733990,6.962523,360
seq00_static_1400k.ply,1400000,FEC,50,1400000,1,5670.956698,184.368709,443.713295,4967.237205,55.215424,360
seq00_static_1400k.ply,1400000,FEC,50,1400000,2,5821.383640,181.484300,452.043799,5120.110394,52.462079,360
seq00_static_1400k.ply,1400000,FEC,50,1400000,3,5478.442475,167.014242,435.370789,4802.446298,52.290850,360
seq00_static_1400k.ply,1400000,FEC,50,1400000,4,5357.897541,178.457238,430.775589,4683.107786,48.948320,360
seq00_static_1400k.ply,1400000,FEC,50,1400000,5,5241.479663,161.970154,414.441652,4593.333188,52.268894,360
seq00_static_1400k.ply,1400000,FEC,50,1400000,6,5256.756738,164.794664,414.628436,4603.559370,50.782157,360
seq00_static_1400k.ply,1400000,FEC,50,1400000,7,5371.180882,171.924860,413.187727,4715.762480,50.534161,360
seq00_static_1400k.ply,1400000,FEC1,50,1400000,1,545.507368,167.524193,283.275714,23.522171,44.019933,360
seq00_static_1400k.ply,1400000,FEC1,50,1400000,2,534.548554,165.145698,277.179435,23.039296,43.525624,360
seq00_static_1400k.ply,1400000,FEC1,50,1400000,3,541.355106,164.819009,280.744107,23.623616,43.662067,360
seq00_static_1400k.ply,1400000,FEC1,50,1400000,4,565.625734,167.923005,300.571185,24.946010,43.580507,360
seq00_static_1400k.ply,1400000,FEC1,50,1400000,5,538.181293,168.293497,275.230909,23.251893,44.134334,360
seq00_static_1400k.ply,1400000,FEC1,50,1400000,6,547.796105,168.287197,283.499195,23.710318,44.855908,360
seq00_static_1400k.ply,1400000,FEC1,50,1400000,7,554.349874,168.226914,287.194369,24.224709,46.777771,360
seq00_static_1400k.ply,1400000,FECunion,50,1400000,1,481.601561,164.951566,265.149855,13.528270,6.370117,360
seq00_static_1400k.ply,1400000,FECunion,50,1400000,2,496.754125,171.270766,271.018746,13.752200,6.345684,360
seq00_static_1400k.ply,1400000,FECunion,50,1400000,3,487.476991,165.718556,268.874301,13.830794,6.388959,360
seq00_static_1400k.ply,1400000,FECunion,50,1400000,4,485.696408,163.677910,267.709127,13.661166,6.519732,360
seq00_static_1400k.ply,1400000,FECunion,50,1400000,5,497.762169,172.604625,266.218499,13.516259,6.444072,360
seq00_static_1400k.ply,1400000,FECunion,50,1400000,6,493.555869,164.790692,274.358546,13.683704,6.467332,360
seq00_static_1400k.ply,1400000,FECunion,50,1400000,7,504.876166,178.478163,272.330418,13.536998,6.422025,360
seq00_static_1450k.ply,1450000,FEC,0,1450000,1,6149.978037,179.200457,463.140679,5435.437883,55.628051,371
seq00_static_1450k.ply,1450000,FEC,0,1450000,2,5902.333224,181.881464,464.109018,5186.145335,53.580869,371
seq00_static_1450k.ply,1450000,FEC,0,1450000,3,6099.129281,181.691403,459.884583,5375.914826,56.978336,371
seq00_static_1450k.ply,1450000,FEC,0,1450000,4,6328.579220,183.886117,502.082302,5564.827559,56.775644,371
seq00_static_1450k.ply,1450000,FEC,0,1450000,5,6047.647585,187.772979,454.094504,5328.200652,54.517978,371
seq00_static_1450k.ply,1450000,FEC,0,1450000,6,5831.817251,177.299928,458.011609,5126.078968,55.552406,371
seq00_static_1450k.ply,1450000,FEC,0,1450000,7,5847.663757,172.274787,459.780688,5143.606581,54.987161,371
seq00_static_1450k.ply,1450000,FEC1,0,1450000,1,563.304964,175.405780,292.686493,23.874853,44.765360,371
seq00_static_1450k.ply,1450000,FEC1,0,1450000,2,563.350007,171.503003,291.446291,23.734406,50.808766,371
seq00_static_1450k.ply,1450000,FEC1,0,1450000,3,572.251572,168.733926,305.515976,24.535514,46.067397,371
seq00_static_1450k.ply,1450000,FEC1,0,1450000,4,558.957055,172.810138,291.113241,23.855704,45.131078,371
seq00_static_1450k.ply,1450000,FEC1,0,1450000,5,548.399283,167.857876,288.214493,23.184036,44.437671,371
seq00_static_1450k.ply,1450000,FEC1,0,1450000,6,572.049947,169.200730,298.407729,24.522405,50.854066,371
seq00_static_1450k.ply,1450000,FEC1,0,1450000,7,587.282089,170.456702,314.821829,26.618802,46.184416,371
seq00_static_1450k.ply,1450000,FECunion,0,1450000,1,502.883746,171.007883,280.007166,14.119259,6.545177,371
seq00_static_1450k.ply,1450000,FECunion,0,1450000,2,497.852115,169.484821,276.685882,13.993842,6.565696,371
seq00_static_1450k.ply,1450000,FECunion,0,1450000,3,500.072332,173.746147,274.680875,14.024801,6.488687,371
seq00_static_1450k.ply,1450000,FECunion,0,1450000,4,498.990879,170.407698,276.845548,14.002695,6.679287,371
seq00_static_1450k.ply,1450000,FECunion,0,1450000,5,516.891793,167.128511,294.416514,13.973396,6.523189,371
seq00_static_1450k.ply,1450000,FECunion,0,1450000,6,520.824676,171.391922,293.577355,14.553152,6.544127,371
seq00_static_1450k.ply,1450000,FECunion,0,1450000,7,519.708013,175.425236,288.175578,14.072194,7.366357,371
seq00_static_1450k.ply,1450000,FEC,50,1450000,1,5941.770647,182.521034,446.233859,5239.230060,58.616739,371
seq00_static_1450k.ply,1450000,FEC,50,1450000,2,6191.326383,198.551904,455.614353,5464.556021,57.355959,371
seq00_static_1450k.ply,1450000,FEC,50,1450000,3,6090.058782,187.456489,475.844969,5358.221177,52.721852,371
seq00_static_1450k.ply,1450000,FEC,50,1450000,4,5990.938638,176.531700,438.426946,5306.392466,54.590925,371
seq00_static_1450k.ply,1450000,FEC,50,1450000,5,5888.207411,176.259815,439.266634,5206.563858,51.569230,371
seq00_static_1450k.ply,1450000,FEC,50,1450000,6,5901.893495,167.032013,421.238008,5246.062745,53.536756,371
seq00_static_1450k.ply,1450000,FEC,50,1450000,7,6360.344112,178.095799,472.597098,5637.294143,56.944780,371
seq00_static_1450k.ply,1450000,FEC1,50,1450000,1,620.315227,189.320683,319.210593,26.467878,55.790389,371
seq00_static_1450k.ply,1450000,FEC1,50,1450000,2,599.255645,185.835172,311.257350,25.788907,48.428093,371
seq00_static_1450k.ply,1450000,FEC1,50,1450000,3,590.417501,180.619981,309.063283,25.260531,48.103247,371
seq00_static_1450k.ply,1450000,FEC1,50,1450000,4,596.083424,187.021626,309.115859,25.350367,46.967535,371
seq00_static_1450k.ply,1450000,FEC1,50,1450000,5,615.041823,189.236641,315.254582,25.983309,56.114281,371
seq00_static_1450k.ply,1450000,FEC1,50,1450000,6,657.822285,214.760745,336.103013,28.064912,47.896589,371
seq00_static_1450k.ply,1450000,FEC1,50,1450000,7,610.036930,188.098195,318.049732,26.356121,48.207586,371
seq00_static_1450k.ply,1450000,FECunion,50,1450000,1,553.266528,187.144493,307.237800,15.192326,7.150567,371
seq00_static_1450k.ply,1450000,FECunion,50,1450000,2,556.963449,188.658843,304.000195,15.319081,7.092662,371
seq00_static_1450k.ply,1450000,FECunion,50,1450000,3,553.018655,194.598404,299.543040,15.362182,7.054282,371
seq00_static_1450k.ply,1450000,FECunion,50,1450000,4,536.523630,183.987769,295.823104,15.435410,7.080603,371
seq00_static_1450k.ply,1450000,FECunion,50,1450000,5,540.035211,184.751289,298.150892,15.351100,7.122889,371
seq00_static_1450k.ply,1450000,FECunion,50,1450000,6,544.550726,184.090155,302.194241,15.349429,7.178059,371
seq00_static_1450k.ply,1450000,FECunion,50,1450000,7,567.353924,186.895970,318.504707,15.307862,7.340218,371
seq00_static_1500k.ply,1500000,FEC,0,1500000,1,6539.476614,201.244612,458.691297,5791.280068,55.509721,379
seq00_static_1500k.ply,1500000,FEC,0,1500000,2,6355.360521,185.057309,467.836077,5619.993617,56.281604,379
seq00_static_1500k.ply,1500000,FEC,0,1500000,3,6329.646050,192.519243,467.645597,5592.187573,55.850486,379
seq00_static_1500k.ply,1500000,FEC,0,1500000,4,6635.890284,186.008523,484.973950,5889.092391,55.662297,379
seq00_static_1500k.ply,1500000,FEC,0,1500000,5,6349.650923,187.532012,491.087456,5592.775479,57.368782,379
seq00_static_1500k.ply,1500000,FEC,0,1500000,6,6255.115182,184.070654,487.886460,5504.244626,56.396575,379
seq00_static_1500k.ply,1500000,FEC,0,1500000,7,6195.804449,184.871800,458.906573,5482.031716,55.009588,379
seq00_static_1500k.ply,1500000,FEC1,0,1500000,1,602.601259,183.119301,316.460422,25.973709,48.146621,379
seq00_static_1500k.ply,1500000,FEC1,0,1500000,2,614.913114,187.941377,321.020475,27.416696,47.468925,379
seq00_static_1500k.ply,1500000,FEC1,0,1500000,3,613.985049,187.125642,317.468186,25.793860,56.111203,379
seq00_static_1500k.ply,1500000,FEC1,0,1500000,4,605.599593,188.032434,314.685250,25.863698,47.606662,379
seq00_static_1500k.ply,1500000,FEC1,0,1500000,5,603.751108,186.359557,314.598340,26.228081,48.030998,379
seq00_static_1500k.ply,1500000,FEC1,0,1500000,6,603.166937,186.419643,311.667883,26.267040,47.157746,379
seq00_static_1500k.ply,1500000,FEC1,0,1500000,7,610.610533,186.120806,316.198004,26.376105,52.696287,379
seq00_static_1500k.ply,1500000,FECunion,0,1500000,1,560.264289,189.467446,312.027765,15.002639,7.119041,379
seq00_static_1500k.ply,1500000,FECunion,0,1500000,2,555.277545,186.159520,308.291356,15.053052,7.660106,379
seq00_static_1500k.ply,1500000,FECunion,0,1500000,3,547.992013,184.591190,304.402246,15.061061,7.158370,379
seq00_static_1500k.ply,1500000,FECunion,0,1500000,4,549.302350,186.723865,303.750091,15.122849,7.142991,379
seq00_static_1500k.ply,1500000,FECunion,0,1500000,5,569.876898,181.999163,323.546951,15.453150,7.054818,379
seq00_static_1500k.ply,1500000,FECunion,0,1500000,6,546.335613,190.206715,298.815012,15.090086,7.166359,379
seq00_static_1500k.ply,1500000,FECunion,0,1500000,7,544.584266,183.926400,302.336948,15.141859,7.117316,379
seq00_static_1500k.ply,1500000,FEC,50,1500000,1,6387.272274,182.150562,482.630099,5649.216493,56.977144,379
seq00_static_1500k.ply,1500000,FEC,50,1500000,2,6291.664788,188.710523,464.453552,5576.565479,46.922251,379
seq00_static_1500k.ply,1500000,FEC,50,1500000,3,6157.062741,180.346443,458.774581,5456.169923,46.968011,379
seq00_static_1500k.ply,1500000,FEC,50,1500000,4,6157.450853,184.991933,456.635194,5451.071677,50.289859,379
seq00_static_1500k.ply,1500000,FEC,50,1500000,5,6164.773897,180.979510,459.920664,5460.094768,48.930328,379
seq00_static_1500k.ply,1500000,FEC,50,1500000,6,6329.700094,185.395409,473.781067,5606.112350,49.050706,379
seq00_static_1500k.ply,1500000,FEC,50,1500000,7,6337.277207,184.455645,470.257044,5616.824100,50.415565,379
seq00_static_1500k.ply,1500000,FEC1,50,1500000,1,590.535672,184.687185,308.410673,25.481807,45.214894,379
seq00_static_1500k.ply,1500000,FEC1,50,1500000,2,573.322790,177.883142,298.552669,24.387493,46.649837,379
seq00_static_1500k.ply,1500000,FEC1,50,1500000,3,593.123060,175.747608,318.039318,26.691074,43.852789,379
seq00_static_1500k.ply,1500000,FEC1,50,1500000,4,566.242580,178.333290,292.800547,23.830965,46.139946,379
seq00_static_1500k.ply,1500000,FEC1,50,1500000,5,594.277401,183.593288,310.396777,25.894532,46.065960,379
seq00_static_1500k.ply,1500000,FEC1,50,1500000,6,592.319759,184.258339,308.647159,25.709918,46.231231,379
seq00_static_1500k.ply,1500000,FEC1,50,1500000,7,606.028238,183.858157,321.271458,26.635752,45.692734,379
seq00_static_1500k.ply,1500000,FECunion,50,1500000,1,522.397381,181.335278,288.620947,14.719465,7.019361,379
seq00_static_1500k.ply,1500000,FECunion,50,1500000,2,523.127313,179.710749,290.180048,14.900615,6.973734,379
seq00_static_1500k.ply,1500000,FECunion,50,1500000,3,522.245045,178.619991,290.225296,15.016444,7.419349,379
seq00_static_1500k.ply,1500000,FECunion,50,1500000,4,522.681597,178.332666,291.910859,14.958343,6.926348,379
seq00_static_1500k.ply,1500000,FECunion,50,1500000,5,536.944151,188.934125,294.553523,14.972706,6.955820,379
seq00_static_1500k.ply,1500000,FECunion,50,1500000,6,532.781880,180.201480,298.393048,15.062705,6.923984,379
seq00_static_1500k.ply,1500000,FECunion,50,1500000,7,525.988740,178.862894,293.501353,14.998704,6.881509,379
seq00_static_1550k.ply,1550000,FEC,0,1550000,1,6586.846219,185.510563,491.533289,5824.071887,58.093714,400
seq00_static_1550k.ply,1550000,FEC,0,1550000,2,7042.712060,186.606955,491.303911,6282.626288,61.659335,400
seq00_static_1550k.ply,1550000,FEC,0,1550000,3,7122.062711,198.758673,514.622928,6328.584401,58.381289,400
seq00_static_1550k.ply,1550000,FEC,0,1550000,4,6801.056103,193.309168,479.958967,6048.486585,56.647080,400
seq00_static_1550k.ply,1550000,FEC,0,1550000,5,6492.104971,189.406755,499.778685,5706.449680,58.436597,400
seq00_static_1550k.ply,1550000,FEC,0,1550000,6,6573.554302,190.688840,475.508112,5825.525487,56.919689,400
seq00_static_1550k.ply,1550000,FEC,0,1550000,7,6990.479435,188.427352,501.454177,6213.993697,59.627556,400
seq00_static_1550k.ply,1550000,FEC1,0,1550000,1,654.322881,205.499048,337.232864,28.019230,52.231908,400
seq00_static_1550k.ply,1550000,FEC1,0,1550000,2,666.492216,198.926147,352.209865,29.171665,52.860361,400
seq00_static_1550k.ply,1550000,FEC1,0,1550000,3,672.855452,199.163741,351.453146,29.859844,59.397604,400
seq00_static_1550k.ply,1550000,FEC1,0,1550000,4,679.197876,208.066837,355.360323,29.643964,53.654549,400
seq00_static_1550k.ply,1550000,FEC1,0,1550000,5,658.598263,206.870603,339.565950,28.444221,52.969334,400
seq00_static_1550k.ply,1550000,FEC1,0,1550000,6,686.894561,201.844747,368.227894,30.206916,52.694263,400
seq00_static_1550k.ply,1550000,FEC1,0,1550000,7,657.730451,208.720613,337.700690,27.873507,52.423424,400
seq00_static_1550k.ply,1550000,FECunion,0,1550000,1,579.033978,196.609722,320.510895,15.992009,7.716036,400
seq00_static_1550k.ply,1550000,FECunion,0,1550000,2,603.581602,199.220989,338.298793,16.868665,8.294872,400
seq00_static_1550k.ply,1550000,FECunion,0,1550000,3,609.470316,209.749332,327.581138,16.144325,7.971834,400
seq00_static_1550k.ply,1550000,FECunion,0,1550000,4,574.235307,195.693769,318.117198,16.211107,7.534456,400
seq00_static_1550k.ply,1550000,FECunion,0,1550000,5,588.058103,203.300857,323.408178,16.535392,7.646160,400
seq00_static_1550k.ply,1550000,FECunion,0,1550000,6,580.020544,196.123559,321.786282,16.120696,7.702060,400
seq00_static_1550k.ply,1550000,FECunion,0,1550000,7,580.155658,196.502918,322.087821,16.197891,8.104787,400
seq00_static_1550k.ply,1550000,FEC,50,1550000,1,6575.977316,194.576120,481.336259,5820.516078,59.589948,400
seq00_static_1550k.ply,1550000,FEC,50,1550000,2,6599.811192,190.903856,483.951499,5855.601888,50.303847,400
seq00_static_1550k.ply,1550000,FEC,50,1550000,3,6777.282519,186.549193,499.246481,6021.477041,50.538588,400
seq00_static_1550k.ply,1550000,FEC,50,1550000,4,6823.690134,178.299775,498.030018,6073.424391,54.406649,400
seq00_static_1550k.ply,1550000,FEC,50,1550000,5,6548.429193,198.686472,476.958403,5801.090914,52.942242,400
seq00_static_1550k.ply,1550000,FEC,50,1550000,6,6553.428473,193.254116,480.665123,5808.174505,52.642731,400
seq00_static_1550k.ply,1550000,FEC,50,1550000,7,6644.021521,196.525257,486.382596,5892.630567,49.938407,400
seq00_static_1550k.ply,1550000,FEC1,50,1550000,1,596.173574,185.596306,308.520569,26.334792,46.853504,400
seq00_static_1550k.ply,1550000,FEC1,50,1550000,2,612.141830,186.464374,320.688493,27.366365,47.764112,400
seq00_static_1550k.ply,1550000,FEC1,50,1550000,3,612.263545,183.313857,320.559714,26.890439,51.971857,400
seq00_static_1550k.ply,1550000,FEC1,50,1550000,4,644.204795,199.140328,335.679956,28.428412,50.079411,400
seq00_static_1550k.ply,1550000,FEC1,50,1550000,5,637.484926,199.639219,329.142120,27.738428,50.685223,400
seq00_static_1550k.ply,1550000,FEC1,50,1550000,6,657.735227,196.918682,348.398704,30.031982,49.482880,400
seq00_static_1550k.ply,1550000,FEC1,50,1550000,7,637.852479,193.998139,332.838950,28.274075,51.987563,400
seq00_static_1550k.ply,1550000,FECunion,50,1550000,1,589.199125,198.212849,328.616042,16.216557,8.286094,400
seq00_static_1550k.ply,1550000,FECunion,50,1550000,2,586.218236,199.006999,326.311733,16.335715,7.679890,400
seq00_static_1550k.ply,1550000,FECunion,50,1550000,3,592.755285,200.303164,330.992426,16.105452,7.789896,400
seq00_static_1550k.ply,1550000,FECunion,50,1550000,4,645.464046,210.577513,365.657173,17.093001,9.564101,400
seq00_static_1550k.ply,1550000,FECunion,50,1550000,5,537.306446,183.407732,298.695551,15.123707,6.976025,400
seq00_static_1550k.ply,1550000,FECunion,50,1550000,6,534.546503,182.597017,296.667288,15.012486,7.162600,400
seq00_static_1550k.ply,1550000,FECunion,50,1550000,7,551.732538,178.621715,315.609782,15.146212,6.980122,400
seq00_static_1600k.ply,1600000,FEC,0,1600000,1,7121.265412,204.394281,522.333434,6292.613612,60.531795,417
seq00_static_1600k.ply,1600000,FEC,0,1600000,2,7283.384892,195.158425,525.580363,6474.619354,61.749518,417
seq00_static_1600k.ply,1600000,FEC,0,1600000,3,7207.425438,198.859932,503.564333,6420.214967,60.420673,417
seq00_static_1600k.ply,1600000,FEC,0,1600000,4,7113.827029,210.636321,509.628634,6305.586442,61.260128,417
seq00_static_1600k.ply,1600000,FEC,0,1600000,5,7489.857490,223.602713,529.185743,6647.046311,63.894853,417
seq00_static_1600k.ply,1600000,FEC,0,1600000,6,7332.757781,211.681552,521.673905,6515.807982,58.834332,417
seq00_static_1600k.ply,1600000,FEC,0,1600000,7,7319.661212,191.052498,514.749545,6524.619760,57.775366,417
seq00_static_1600k.ply,1600000,FEC1,0,1600000,1,676.886302,198.916669,363.472564,30.025863,49.013364,417
seq00_static_1600k.ply,1600000,FEC1,0,1600000,2,649.313205,203.086984,332.774836,28.057516,52.873652,417
seq00_static_1600k.ply,1600000,FEC1,0,1600000,3,751.150626,202.734147,400.551367,35.482149,74.525360,417
seq00_static_1600k.ply,1600000,FEC1,0,1600000,4,847.049917,264.811520,441.070596,38.415540,59.866431,417
seq00_static_1600k.ply,1600000,FEC1,0,1600000,5,722.068449,246.908697,358.415648,29.824672,52.711046,417
seq00_static_1600k.ply,1600000,FEC1,0,1600000,6,680.198421,210.292188,348.626541,28.534497,60.605580,417
seq00_static_1600k.ply,1600000,FEC1,0,1600000,7,690.348071,212.819215,361.968343,30.045415,51.879254,417
seq00_static_1600k.ply,1600000,FECunion,0,1600000,1,617.960766,205.351450,344.551867,16.435607,8.966073,417
seq00_static_1600k.ply,1600000,FECunion,0,1600000,2,594.023892,203.332923,328.403588,16.600301,7.654432,417
seq00_static_1600k.ply,1600000,FECunion,0,1600000,3,610.677201,209.396453,328.179262,16.390142,7.661681,417
seq00_static_1600k.ply,1600000,FECunion,0,1600000,4,596.812847,204.040710,329.572561,16.456212,7.651369,417
seq00_static_1600k.ply,1600000,FECunion,0,1600000,5,586.973306,196.485527,327.332848,15.736197,7.507454,417
seq00_static_1600k.ply,1600000,FECunion,0,1600000,6,568.359620,195.778217,313.106778,15.471670,7.315441,417
seq00_static_1600k.ply,1600000,FECunion,0,1600000,7,567.042650,192.839090,313.363240,15.564179,7.468090,417
seq00_static_1600k.ply,1600000,FEC,50,1600000,1,7362.565310,210.727335,517.361465,6557.507495,59.319207,417
seq00_static_1600k.ply,1600000,FEC,50,1600000,2,7227.410651,192.791198,503.527828,6464.582566,50.595757,417
seq00_static_1600k.ply,1600000,FEC,50,1600000,3,7144.508080,195.085842,497.444206,6382.363136,54.068163,417
seq00_static_1600k.ply,1600000,FEC,50,1600000,4,6870.591878,197.895344,480.587519,6124.484145,52.234503,417
seq00_static_1600k.ply,1600000,FEC,50,1600000,5,6982.356448,193.981440,496.945856,6226.269107,49.464340,417
seq00_static_1600k.ply,1600000,FEC,50,1600000,6,7267.823972,194.086116,503.302382,6503.329040,51.234408,417
seq00_static_1600k.ply,1600000,FEC,50,1600000,7,7145.333866,197.985873,499.438521,6381.355165,50.626224,417
seq00_static_1600k.ply,1600000,FEC1,50,1600000,1,623.385020,191.683318,326.889543,27.000379,48.175574,417
seq00_static_1600k.ply,1600000,FEC1,50,1600000,2,599.230340,189.972201,310.351625,25.538082,45.876313,417
seq00_static_1600k.ply,1600000,FEC1,50,1600000,3,608.812461,194.175927,312.371823,26.023017,48.224628,417
seq00_static_1600k.ply,1600000,FEC1,50,1600000,4,605.081021,187.209870,315.092652,26.400879,47.947533,417
seq00_static_1600k.ply,1600000,FEC1,50,1600000,5,682.602051,205.809713,361.526087,30.016874,52.409390,417
seq00_static_1600k.ply,1600000,FEC1,50,1600000,6,654.231337,207.573178,338.401316,27.990474,50.283279,417
seq00_static_1600k.ply,1600000,FEC1,50,1600000,7,649.266797,203.730107,338.659668,27.545464,49.301879,417
seq00_static_1600k.ply,1600000,FECunion,50,1600000,1,589.212226,203.128756,325.796658,16.526137,8.811055,417
seq00_static_1600k.ply,1600000,FECunion,50,1600000,2,612.328497,202.389505,347.271850,16.647172,7.813482,417
seq00_static_1600k.ply,1600000,FECunion,50,1600000,3,585.799228,201.737488,325.163249,16.493764,7.844914,417
seq00_static_1600k.ply,1600000,FECunion,50,1600000,4,561.140066,196.952854,308.149179,15.465071,7.201174,417
seq00_static_1600k.ply,1600000,FECunion,50,1600000,5,555.299529,191.208091,308.047174,15.413698,7.118507,417
seq00_static_1600k.ply,1600000,FECunion,50,1600000,6,565.018656,189.112698,318.151089,15.189624,7.203899,417
seq00_static_1600k.ply,1600000,FECunion,50,1600000,7,545.036650,188.944459,301.259140,15.225694,7.117495,417
seq00_static_1650k.ply,1650000,FEC,0,1650000,1,7561.665547,198.733089,530.495150,6750.660272,64.663018,422
seq00_static_1650k.ply,1650000,FEC,0,1650000,2,7663.442627,213.764471,522.922631,6840.188513,63.448768,422
seq00_static_1650k.ply,1650000,FEC,0,1650000,3,7469.090928,218.668964,513.957104,6655.690545,62.214013,422
seq00_static_1650k.ply,1650000,FEC,0,1650000,4,7786.257749,213.082023,517.745645,6974.866986,63.709240,422
seq00_static_1650k.ply,1650000,FEC,0,1650000,5,7465.729662,218.113687,525.092840,6642.254306,63.214031,422
seq00_static_1650k.ply,1650000,FEC,0,1650000,6,7708.500316,222.840344,522.374955,6881.196270,60.048502,422
seq00_static_1650k.ply,1650000,FEC,0,1650000,7,7759.891544,208.280567,518.805686,6950.706984,60.246821,422
seq00_static_1650k.ply,1650000,FEC1,0,1650000,1,630.829910,199.658290,323.630333,26.292981,52.212729,422
seq00_static_1650k.ply,1650000,FEC1,0,1650000,2,675.875336,212.629588,348.339851,28.852706,54.326227,422
seq00_static_1650k.ply,1650000,FEC1,0,1650000,3,685.303571,217.316434,347.189304,28.649224,61.147974,422
seq00_static_1650k.ply,1650000,FEC1,0,1650000,4,696.704880,223.504648,355.191207,29.148930,56.776359,422
seq00_static_1650k.ply,1650000,FEC1,0,1650000,5,690.498304,220.953780,352.522673,29.497103,54.781538,422
seq00_static_1650k.ply,1650000,FEC1,0,1650000,6,696.602423,218.179864,355.217482,29.262996,60.431159,422
seq00_static_1650k.ply,1650000,FEC1,0,1650000,7,712.839745,218.379804,374.438956,30.741180,55.248224,422
seq00_static_1650k.ply,1650000,FECunion,0,1650000,1,598.206601,215.170656,322.821704,15.841850,7.491724,422
seq00_static_1650k.ply,1650000,FECunion,0,1650000,2,577.956265,199.602799,316.954720,15.798678,8.289679,422
seq00_static_1650k.ply,1650000,FECunion,0,1650000,3,599.733313,207.026495,322.432097,16.075504,7.517432,422
seq00_static_1650k.ply,1650000,FECunion,0,1650000,4,603.806893,197.209559,341.379833,15.949113,7.628394,422
seq00_static_1650k.ply,1650000,FECunion,0,1650000,5,588.154735,208.677027,319.568447,15.918383,7.430889,422
seq00_static_1650k.ply,1650000,FECunion,0,1650000,6,591.703138,206.619673,324.451287,16.369737,7.368790,422
seq00_static_1650k.ply,1650000,FECunion,0,1650000,7,584.385731,198.393385,324.634663,16.307366,8.145980,422
seq00_static_1650k.ply,1650000,FEC,50,1650000,1,7956.840360,220.094051,531.809835,7127.374721,60.283857,422
seq00_static_1650k.ply,1650000,FEC,50,1650000,2,7837.111181,200.053269,534.614888,7036.367226,50.133079,422
seq00_static_1650k.ply,1650000,FEC,50,1650000,3,7758.441041,199.807060,514.737403,6975.401375,52.804966,422
seq00_static_1650k.ply,1650000,FEC,50,1650000,4,7760.900182,199.594024,519.663067,6973.246401,52.539163,422
seq00_static_1650k.ply,1650000,FEC,50,1650000,5,7974.224093,198.964678,529.821916,7173.054202,56.602458,422
seq00_static_1650k.ply,1650000,FEC,50,1650000,6,7737.200118,215.510309,508.981052,6939.987002,57.109185,422
seq00_static_1650k.ply,1650000,FEC,50,1650000,7,7866.969058,221.220862,518.391579,7054.559682,57.218429,422
seq00_static_1650k.ply,1650000,FEC1,50,1650000,1,674.871233,219.476696,343.924552,28.172772,54.064083,422
seq00_static_1650k.ply,1650000,FEC1,50,1650000,2,678.841468,217.625403,348.082969,28.839765,54.469835,422
seq00_static_1650k.ply,1650000,FEC1,50,1650000,3,642.729881,212.703273,325.698213,27.337521,49.047422,422
seq00_static_1650k.ply,1650000,FEC1,50,1650000,4,649.104171,196.880693,343.766345,28.754249,49.125902,422
seq00_static_1650k.ply,1650000,FEC1,50,1650000,5,625.386143,197.225156,323.749692,26.643152,50.026871,422
seq00_static_1650k.ply,1650000,FEC1,50,1650000,6,621.127674,198.359728,320.432904,26.962119,48.141304,422
seq00_static_1650k.ply,1650000,FEC1,50,1650000,7,628.399358,199.681326,324.167398,26.763302,49.862429,422
seq00_static_1650k.ply,1650000,FECunion,50,1650000,1,578.637620,204.838647,316.625706,16.032781,7.449020,422
seq00_static_1650k.ply,1650000,FECunion,50,1650000,2,589.084815,200.802563,328.291825,16.835355,8.347419,422
seq00_static_1650k.ply,1650000,FECunion,50,1650000,3,613.338918,216.945153,335.063419,17.072237,9.041419,422
seq00_static_1650k.ply,1650000,FECunion,50,1650000,4,616.665260,216.678723,339.169689,17.446498,8.224032,422
seq00_static_1650k.ply,1650000,FECunion,50,1650000,5,624.836411,220.769437,342.174078,17.407169,8.156921,422
seq00_static_1650k.ply,1650000,FECunion,50,1650000,6,604.676597,211.170756,333.275941,17.310062,8.209302,422
seq00_static_1650k.ply,1650000,FECunion,50,1650000,7,615.182762,219.288993,335.578272,17.096364,8.100796,422
seq00_static_1700k.ply,1700000,FEC,0,1700000,1,8384.891200,225.408481,548.956072,7521.542360,66.056218,433
seq00_static_1700k.ply,1700000,FEC,0,1700000,2,8104.270880,220.476681,536.216804,7263.347929,66.665134,433
seq00_static_1700k.ply,1700000,FEC,0,1700000,3,8138.173994,227.824816,549.789690,7274.871226,65.974325,433
seq00_static_1700k.ply,1700000,FEC,0,1700000,4,8255.154916,229.939226,557.343564,7377.331852,68.162692,433
seq00_static_1700k.ply,1700000,FEC,0,1700000,5,8242.323985,222.725239,540.095993,7395.286805,66.478702,433
seq00_static_1700k.ply,1700000,FEC,0,1700000,6,8457.798136,224.068835,554.729271,7592.709227,66.653259,433
seq00_static_1700k.ply,1700000,FEC,0,1700000,7,8182.629979,227.990152,551.126810,7316.300938,65.838279,433
seq00_static_1700k.ply,1700000,FEC1,0,1700000,1,704.176722,220.233062,364.092903,30.015596,57.043688,433
seq00_static_1700k.ply,1700000,FEC1,0,1700000,2,712.513281,225.632080,367.762991,30.351492,56.026515,433
seq00_static_1700k.ply,1700000,FEC1,0,1700000,3,734.863626,226.625113,377.730006,30.964859,64.643957,433
seq00_static_1700k.ply,1700000,FEC1,0,1700000,4,705.027160,224.878318,362.883215,29.362057,56.023137,433
seq00_static_1700k.ply,1700000,FEC1,0,1700000,5,691.381505,226.851907,353.462331,28.719982,51.468423,433
seq00_static_1700k.ply,1700000,FEC1,0,1700000,6,724.932839,210.772342,386.799663,32.350767,59.193509,433
seq00_static_1700k.ply,1700000,FEC1,0,1700000,7,668.925013,209.173893,345.687788,28.570719,54.556491,433
seq00_static_1700k.ply,1700000,FECunion,0,1700000,1,613.571330,216.257379,332.806091,16.574915,7.754729,433
seq00_static_1700k.ply,1700000,FECunion,0,1700000,2,602.381169,207.342535,332.044799,16.505801,7.869130,433
seq00_static_1700k.ply,1700000,FECunion,0,1700000,3,615.154435,214.739761,327.667450,16.374790,7.656968,433
seq00_static_1700k.ply,1700000,FECunion,0,1700000,4,631.345482,223.384561,341.239663,16.871934,9.358029,433
seq00_static_1700k.ply,1700000,FECunion,0,1700000,5,678.816040,240.461454,368.462452,17.661641,8.345068,433
seq00_static_1700k.ply,1700000,FECunion,0,1700000,6,655.704817,226.751683,351.770865,17.289943,9.075525,433
seq00_static_1700k.ply,1700000,FECunion,0,1700000,7,632.913145,219.163130,346.640537,17.289967,9.055435,433
seq00_static_1700k.ply,1700000,FEC,50,1700000,1,8076.492181,221.377510,541.678374,7221.795548,67.336829,433
seq00_static_1700k.ply,1700000,FEC,50,1700000,2,8133.833611,226.600784,542.896291,7283.401138,57.712832,433
seq00_static_1700k.ply,1700000,FEC,50,1700000,3,8096.631593,217.103130,532.098326,7265.769835,58.402933,433
seq00_static_1700k.ply,1700000,FEC,50,1700000,4,8122.507102,221.874024,547.746126,7270.304702,58.899327,433
seq00_static_1700k.ply,1700000,FEC,50,1700000,5,8100.332011,220.568962,540.149920,7260.698187,55.442574,433
seq00_static_1700k.ply,1700000,FEC,50,1700000,6,8141.515575,208.429579,541.282288,7313.124850,55.223557,433
seq00_static_1700k.ply,1700000,FEC,50,1700000,7,8052.924500,204.945818,536.657751,7234.061870,53.799240,433
seq00_static_1700k.ply,1700000,FEC1,50,1700000,1,644.511733,203.576484,332.913764,27.508321,51.708723,433
seq00_static_1700k.ply,1700000,FEC1,50,1700000,2,670.048433,202.678238,351.761412,28.768035,56.587264,433
seq00_static_1700k.ply,1700000,FEC1,50,1700000,3,684.552985,215.400060,355.397606,29.218117,54.177852,433
seq00_static_1700k.ply,1700000,FEC1,50,1700000,4,705.560124,227.363047,361.984269,30.486523,54.011003,433
seq00_static_1700k.ply,1700000,FEC1,50,1700000,5,680.802239,214.570865,352.451217,28.774517,54.702675,433
seq00_static_1700k.ply,1700000,FEC1,50,1700000,6,712.432604,217.716044,375.182196,31.123435,55.128436,433
seq00_static_1700k.ply,1700000,FEC1,50,1700000,7,725.190640,229.619864,376.631996,31.688364,54.058879,433
seq00_static_1700k.ply,1700000,FECunion,50,1700000,1,609.344513,214.126625,334.749667,17.487792,8.280313,433
seq00_static_1700k.ply,1700000,FECunion,50,1700000,2,614.917359,214.318143,338.960683,17.188724,8.247334,433
seq00_static_1700k.ply,1700000,FECunion,50,1700000,3,623.033966,219.731480,341.346036,17.642831,8.131988,433
seq00_static_1700k.ply,1700000,FECunion,50,1700000,4,624.204842,217.892567,344.292777,17.190898,7.693767,433
seq00_static_1700k.ply,1700000,FECunion,50,1700000,5,577.788868,205.801776,315.231854,16.293079,7.758971,433
seq00_static_1700k.ply,1700000,FECunion,50,1700000,6,584.378440,206.920930,319.522397,16.412698,7.690290,433
seq00_static_1700k.ply,1700000,FECunion,50,1700000,7,584.312062,206.823474,319.393291,16.516966,7.684359,433
seq00_static_1750k.ply,1750000,FEC,0,1750000,1,8742.107144,229.360904,557.985121,7859.294776,63.528623,445
seq00_static_1750k.ply,1750000,FEC,0,1750000,2,8763.467669,218.390239,558.967644,7890.706094,63.717393,445
seq00_static_1750k.ply,1750000,FEC,0,1750000,3,8939.651615,223.311697,563.297870,8057.118410,67.633182,445
seq00_static_1750k.ply,1750000,FEC,0,1750000,4,8884.320032,231.894080,541.619047,8002.758463,67.304391,445
seq00_static_1750k.ply,1750000,FEC,0,1750000,5,8437.215582,231.322543,560.093247,7557.846566,62.907998,445
seq00_static_1750k.ply,1750000,FEC,0,1750000,6,8537.098789,222.897937,571.950001,7645.782914,67.571659,445
seq00_static_1750k.ply,1750000,FEC,0,1750000,7,8785.117147,227.289879,585.749043,7880.067299,66.445001,445
seq00_static_1750k.ply,1750000,FEC1,0,1750000,1,732.003643,229.585453,371.994665,30.514960,62.606183,445
seq00_static_1750k.ply,1750000,FEC1,0,1750000,2,703.532009,226.362382,358.250856,29.449096,56.098884,445
seq00_static_1750k.ply,1750000,FEC1,0,1750000,3,699.629081,223.637474,357.313487,29.131519,57.867566,445
seq00_static_1750k.ply,1750000,FEC1,0,1750000,4,709.646705,221.331059,363.889933,29.874960,61.637808,445
seq00_static_1750k.ply,1750000,FEC1,0,1750000,5,717.105038,225.495966,370.282288,31.130978,56.073359,445
seq00_static_1750k.ply,1750000,FEC1,0,1750000,6,704.177716,221.485867,361.921902,29.569377,58.619212,445
seq00_static_1750k.ply,1750000,FEC1,0,1750000,7,704.531138,220.277656,357.743179,31.118416,63.825434,445
seq00_static_1750k.ply,1750000,FECunion,0,1750000,1,661.196261,226.935327,364.303457,17.623589,8.408865,445
seq00_static_1750k.ply,1750000,FECunion,0,1750000,2,630.159634,222.343586,342.512054,17.543191,7.860894,445
seq00_static_1750k.ply,1750000,FECunion,0,1750000,3,628.070473,216.853324,345.116427,17.119557,8.050624,445
seq00_static_1750k.ply,1750000,FECunion,0,1750000,4,635.399518,226.865880,335.422205,17.131540,7.909507,445
seq00_static_1750k.ply,1750000,FECunion,0,1750000,5,639.174239,213.360507,356.788629,16.925031,7.992674,445
seq00_static_1750k.ply,1750000,FECunion,0,1750000,6,626.060093,215.427920,344.484793,17.515719,8.323088,445
seq00_static_1750k.ply,1750000,FECunion,0,1750000,7,665.027734,234.460636,351.666600,17.896563,8.491867,445
seq00_static_1750k.ply,1750000,FEC,50,1750000,1,8884.169745,228.655759,565.912486,7996.477068,67.994004,445
seq00_static_1750k.ply,1750000,FEC,50,1750000,2,8816.984034,231.208626,561.041332,7939.222083,61.914544,445
seq00_static_1750k.ply,1750000,FEC,50,1750000,3,8868.214336,235.730485,569.978842,7981.899990,56.797243,445
seq00_static_1750k.ply,1750000,FEC,50,1750000,4,8799.279770,230.227521,557.304083,7929.294229,59.285133,445
seq00_static_1750k.ply,1750000,FEC,50,1750000,5,8825.645403,238.455539,557.375707,7948.711813,58.220465,445
seq00_static_1750k.ply,1750000,FEC,50,1750000,6,8637.037719,224.193727,561.691232,7772.719037,54.956349,445
seq00_static_1750k.ply,1750000,FEC,50,1750000,7,8555.251000,215.073657,545.909920,7714.760343,56.835687,445
seq00_static_1750k.ply,1750000,FEC1,50,1750000,1,666.922453,214.682522,342.025306,28.412507,51.694828,445
seq00_static_1750k.ply,1750000,FEC1,50,1750000,2,691.290217,213.945923,362.885196,30.087061,51.586093,445
seq00_static_1750k.ply,1750000,FEC1,50,1750000,3,677.650228,214.762247,348.686480,29.060544,53.917477,445
seq00_static_1750k.ply,1750000,FEC1,50,1750000,4,683.375280,217.998752,352.272564,29.357550,51.851273,445
seq00_static_1750k.ply,1750000,FEC1,50,1750000,5,696.216286,222.520862,356.105492,29.827139,55.131615,445
seq00_static_1750k.ply,1750000,FEC1,50,1750000,6,692.767472,220.070938,357.447222,29.866597,53.268861,445
seq00_static_1750k.ply,1750000,FEC1,50,1750000,7,685.074376,219.643555,350.347632,29.224858,54.477797,445
seq00_static_1750k.ply,1750000,FECunion,50,1750000,1,616.343318,216.527430,337.766250,17.155344,8.125643,445
seq00_static_1750k.ply,1750000,FECunion,50,1750000,2,610.110597,223.875336,326.507640,15.686712,7.460788,445
seq00_static_1750k.ply,1750000,FECunion,50,1750000,3,574.749955,200.258077,315.814952,15.842451,7.285740,445
seq00_static_1750k.ply,1750000,FECunion,50,1750000,4,557.137490,196.392606,304.673105,15.627689,7.321999,445
seq00_static_1750k.ply,1750000,FECunion,50,1750000,5,567.009756,201.097387,309.345910,15.483639,7.179214,445
seq00_static_1750k.ply,1750000,FECunion,50,1750000,6,578.197238,200.586403,319.408934,15.879344,7.491849,445
seq00_static_1750k.ply,1750000,FECunion,50,1750000,7,555.140483,196.161800,303.487594,15.471763,7.289478,445
seq00_static_1800k.ply,1800000,FEC,0,1800000,1,8924.407046,206.514136,547.785936,8063.758511,73.280425,464
seq00_static_1800k.ply,1800000,FEC,0,1800000,2,9744.860242,260.979916,601.750835,8783.860908,69.622468,464
seq00_static_1800k.ply,1800000,FEC,0,1800000,3,9659.683596,241.520702,602.722016,8709.089531,71.302645,464
seq00_static_1800k.ply,1800000,FEC,0,1800000,4,9499.562051,241.719328,580.575969,8569.447332,71.547422,464
seq00_static_1800k.ply,1800000,FEC,0,1800000,5,9126.152330,243.826436,565.230005,8212.480173,66.358084,464
seq00_static_1800k.ply,1800000,FEC,0,1800000,6,9328.868418,231.214800,556.629026,8435.733570,67.299188,464
seq00_static_1800k.ply,1800000,FEC,0,1800000,7,8876.740021,221.612834,564.516400,7992.969737,63.801673,464
seq00_static_1800k.ply,1800000,FEC1,0,1800000,1,725.209117,221.458229,377.707603,31.287265,61.232686,464
seq00_static_1800k.ply,1800000,FEC1,0,1800000,2,709.501412,223.537964,365.872443,30.566066,56.530578,464
seq00_static_1800k.ply,1800000,FEC1,0,1800000,3,725.098224,226.775382,371.318700,30.247550,64.471009,464
seq00_static_1800k.ply,1800000,FEC1,0,1800000,4,727.443207,236.764049,369.204630,30.522023,57.162729,464
seq00_static_1800k.ply,1800000,FEC1,0,1800000,5,730.708590,244.841896,365.668604,30.191475,57.464381,464
seq00_static_1800k.ply,1800000,FEC1,0,1800000,6,726.266762,224.012539,370.987723,31.317468,66.839731,464
seq00_static_1800k.ply,1800000,FEC1,0,1800000,7,710.416946,227.459000,364.197107,29.808297,56.247904,464
seq00_static_1800k.ply,1800000,FECunion,0,1800000,1,670.750337,227.445100,372.962493,18.068843,8.351875,464
seq00_static_1800k.ply,1800000,FECunion,0,1800000,2,679.793849,225.802508,381.374034,17.961210,8.683177,464
seq00_static_1800k.ply,1800000,FECunion,0,1800000,3,676.081399,241.130454,363.870030,17.963859,8.345860,464
seq00_static_1800k.ply,1800000,FECunion,0,1800000,4,650.091325,231.988020,351.659676,17.804324,8.338550,464
seq00_static_1800k.ply,1800000,FECunion,0,1800000,5,657.023102,234.749103,353.732038,17.841006,8.713222,464
seq00_static_1800k.ply,1800000,FECunion,0,1800000,6,697.752422,249.176072,366.840243,18.442417,8.515828,464
seq00_static_1800k.ply,1800000,FECunion,0,1800000,7,682.057866,238.410782,373.147448,18.779915,8.553358,464
seq00_static_1800k.ply,1800000,FEC,50,1800000,1,9425.297883,235.486460,591.178498,8502.130232,71.907076,464
seq00_static_1800k.ply,1800000,FEC,50,1800000,2,9005.173371,238.502736,570.814758,8099.859698,69.999979,464
seq00_static_1800k.ply,1800000,FEC,50,1800000,3,9358.451344,233.829693,583.157590,8446.803001,68.929510,464
seq00_static_1800k.ply,1800000,FEC,50,1800000,4,9151.263656,242.845372,580.930268,8242.017116,63.825908,464
seq00_static_1800k.ply,1800000,FEC,50,1800000,5,9191.680321,224.401834,567.863446,8299.955534,71.243154,464
seq00_static_1800k.ply,1800000,FEC,50,1800000,6,9652.274368,238.782409,594.648109,8727.588306,72.206701,464
seq00_static_1800k.ply,1800000,FEC,50,1800000,7,9261.534361,242.075501,584.289323,8334.675955,68.276225,464
seq00_static_1800k.ply,1800000,FEC1,50,1800000,1,727.723878,239.180440,366.493271,30.018097,59.607888,464
seq00_static_1800k.ply,1800000,FEC1,50,1800000,2,738.604409,236.748996,370.482323,31.084811,66.749308,464
seq00_static_1800k.ply,1800000,FEC1,50,1800000,3,743.528739,239.629246,377.813387,31.728604,59.791878,464
seq00_static_1800k.ply,1800000,FEC1,50,1800000,4,720.961211,234.592979,362.871510,30.281322,60.157561,464
seq00_static_1800k.ply,1800000,FEC1,50,1800000,5,722.834852,232.366012,364.259469,29.754577,64.579024,464
seq00_static_1800k.ply,1800000,FEC1,50,1800000,6,724.051593,229.348216,373.222057,30.313519,57.671374,464
seq00_static_1800k.ply,1800000,FEC1,50,1800000,7,713.599369,230.179335,364.050465,29.773291,56.736368,464
seq00_static_1800k.ply,1800000,FECunion,50,1800000,1,646.649380,231.995836,347.301039,17.781326,8.464959,464
seq00_static_1800k.ply,1800000,FECunion,50,1800000,2,648.126232,233.201550,347.782310,18.105429,9.124889,464
seq00_static_1800k.ply,1800000,FECunion,50,1800000,3,667.261327,234.162360,362.985829,18.156310,8.496155,464
seq00_static_1800k.ply,1800000,FECunion,50,1800000,4,645.960110,233.940331,346.209507,18.106850,8.493064,464
seq00_static_1800k.ply,1800000,FECunion,50,1800000,5,657.504293,241.900104,340.684790,17.840150,8.440495,464
seq00_static_1800k.ply,1800000,FECunion,50,1800000,6,642.797038,230.315723,346.073092,18.009819,8.654115,464
seq00_static_1800k.ply,1800000,FECunion,50,1800000,7,659.695532,239.255077,351.691203,17.954279,8.444974,464
seq00_static_1850k.ply,1850000,FEC,0,1850000,1,9973.036505,255.478854,602.697293,9007.175439,71.666789,479
seq00_static_1850k.ply,1850000,FEC,0,1850000,2,9647.995617,239.909832,594.193787,8709.148740,70.924215,479
seq00_static_1850k.ply,1850000,FEC,0,1850000,3,9527.106060,235.614505,597.395382,8597.678167,72.042971,479
seq00_static_1850k.ply,1850000,FEC,0,1850000,4,9709.369941,242.380005,596.263056,8767.177226,74.145689,479
seq00_static_1850k.ply,1850000,FEC,0,1850000,5,9665.539946,241.450196,603.811502,8713.051177,73.025863,479
seq00_static_1850k.ply,1850000,FEC,0,1850000,6,9464.973608,243.181815,595.352672,8529.854319,72.025013,479
seq00_static_1850k.ply,1850000,FEC,0,1850000,7,9616.884406,240.522691,602.472268,8670.756039,72.905575,479
seq00_static_1850k.ply,1850000,FEC1,0,1850000,1,782.960854,242.419409,404.256224,33.630683,65.074154,479
seq00_static_1850k.ply,1850000,FEC1,0,1850000,2,752.040765,243.547532,386.152753,31.690794,56.516610,479
seq00_static_1850k.ply,1850000,FEC1,0,1850000,3,768.024162,240.316052,393.267071,32.028206,67.282699,479
seq00_static_1850k.ply,1850000,FEC1,0,1850000,4,777.177095,246.521053,397.613942,32.866526,64.392706,479
seq00_static_1850k.ply,1850000,FEC1,0,1850000,5,768.557083,248.624466,389.319775,31.763440,64.025299,479
seq00_static_1850k.ply,1850000,FEC1,0,1850000,6,787.038154,243.613953,402.601857,33.720819,69.870198,479
seq00_static_1850k.ply,1850000,FEC1,0,1850000,7,774.823593,247.771743,396.805107,32.817170,62.177524,479
seq00_static_1850k.ply,1850000,FECunion,0,1850000,1,711.744482,250.809116,387.277783,19.258109,9.010513,479
seq00_static_1850k.ply,1850000,FECunion,0,1850000,2,708.160524,241.457375,391.023395,19.040762,8.975179,479
seq00_static_1850k.ply,1850000,FECunion,0,1850000,3,703.819923,241.742537,386.571614,19.023962,9.146182,479
seq00_static_1850k.ply,1850000,FECunion,0,1850000,4,712.876388,239.955870,398.742387,18.946315,8.562274,479
seq00_static_1850k.ply,1850000,FECunion,0,1850000,5,663.522041,225.884173,367.023326,17.981927,8.425726,479
seq00_static_1850k.ply,1850000,FECunion,0,1850000,6,655.468582,227.191845,359.192249,17.901839,8.462827,479
seq00_static_1850k.ply,1850000,FECunion,0,1850000,7,667.425777,227.844813,370.762290,18.599065,8.834272,479
seq00_static_1850k.ply,1850000,FEC,50,1850000,1,10002.780337,258.022790,605.180090,9031.860504,70.533198,479
seq00_static_1850k.ply,1850000,FEC,50,1850000,2,9800.642431,236.904439,603.774726,8859.208022,74.636580,479
seq00_static_1850k.ply,1850000,FEC,50,1850000,3,10228.467383,257.668436,599.806934,9259.517303,72.403495,479
seq00_static_1850k.ply,1850000,FEC,50,1850000,4,9825.908622,241.164671,589.444828,8890.947926,72.245693,479
seq00_static_1850k.ply,1850000,FEC,50,1850000,5,9669.452666,249.214699,603.526929,8717.699250,73.351338,479
seq00_static_1850k.ply,1850000,FEC,50,1850000,6,10010.123397,240.109859,613.630230,9061.662753,69.467099,479
seq00_static_1850k.ply,1850000,FEC,50,1850000,7,9415.968448,231.213018,610.053750,8483.090308,72.211996,479
seq00_static_1850k.ply,1850000,FEC1,50,1850000,1,759.949827,243.421358,388.741274,32.784905,59.297815,479
seq00_static_1850k.ply,1850000,FEC1,50,1850000,2,746.865444,243.829578,375.192603,31.118613,64.006616,479
seq00_static_1850k.ply,1850000,FEC1,50,1850000,3,753.067486,242.867667,378.899116,30.988968,67.008126,479
seq00_static_1850k.ply,1850000,FEC1,50,1850000,4,756.168925,252.583681,378.854456,30.996568,60.697412,479
seq00_static_1850k.ply,1850000,FEC1,50,1850000,5,747.352948,242.475956,378.265236,31.077794,60.629518,479
seq00_static_1850k.ply,1850000,FEC1,50,1850000,6,759.101732,240.753354,383.546948,32.272553,67.928862,479
seq00_static_1850k.ply,1850000,FEC1,50,1850000,7,775.776827,252.710347,391.470118,33.367909,61.847023,479
seq00_static_1850k.ply,1850000,FECunion,50,1850000,1,680.846862,238.429044,370.514983,18.999064,9.000690,479
seq00_static_1850k.ply,1850000,FECunion,50,1850000,2,680.222426,239.614443,369.753562,18.682589,9.001427,479
seq00_static_1850k.ply,1850000,FECunion,50,1850000,3,693.706817,241.222576,379.244862,18.691034,8.928513,479
seq00_static_1850k.ply,1850000,FECunion,50,1850000,4,671.197963,244.832003,357.618384,18.429696,8.561763,479
seq00_static_1850k.ply,1850000,FECunion,50,1850000,5,648.007753,228.533508,352.005699,18.108684,8.473416,479
seq00_static_1850k.ply,1850000,FECunion,50,1850000,6,678.439440,240.891985,357.036881,18.353475,8.941651,479
seq00_static_1850k.ply,1850000,FECunion,50,1850000,7,694.882186,247.879317,374.063130,19.312353,9.016075,479
seq00_static_1900k.ply,1900000,FEC,0,1900000,1,9937.898594,254.418100,597.977035,8956.482778,75.255012,492
seq00_static_1900k.ply,1900000,FEC,0,1900000,2,10489.463030,249.005869,596.873259,9529.622929,72.287077,492
seq00_static_1900k.ply,1900000,FEC,0,1900000,3,10189.768738,248.775553,635.312647,9210.139469,72.971717,492
seq00_static_1900k.ply,1900000,FEC,0,1900000,4,10287.935454,239.514029,628.267385,9325.364122,74.083084,492
seq00_static_1900k.ply,1900000,FEC,0,1900000,5,10657.567724,251.469951,664.492163,9639.552134,76.229725,492
seq00_static_1900k.ply,1900000,FEC,0,1900000,6,10202.932704,251.017991,594.315864,9246.340238,70.693943,492
seq00_static_1900k.ply,1900000,FEC,0,1900000,7,10252.502754,244.096059,629.762956,9277.520105,70.888947,492
seq00_static_1900k.ply,1900000,FEC1,0,1900000,1,801.226907,252.061764,405.448719,33.144323,72.904857,492
seq00_static_1900k.ply,1900000,FEC1,0,1900000,2,817.254477,254.363047,425.172766,35.079470,64.117660,492
seq00_static_1900k.ply,1900000,FEC1,0,1900000,3,759.063709,255.454414,379.903593,31.151494,58.612895,492
seq00_static_1900k.ply,1900000,FEC1,0,1900000,4,739.725764,236.683379,374.846960,30.622559,64.478143,492
seq00_static_1900k.ply,1900000,FEC1,0,1900000,5,749.787833,233.829715,389.003937,32.425807,59.136600,492
seq00_static_1900k.ply,1900000,FEC1,0,1900000,6,727.558591,230.334413,370.007407,30.114519,64.547074,492
seq00_static_1900k.ply,1900000,FEC1,0,1900000,7,794.991109,251.847106,403.605807,32.901280,70.983733,492
seq00_static_1900k.ply,1900000,FECunion,0,1900000,1,774.884104,255.560138,437.570478,20.221403,9.559813,492
seq00_static_1900k.ply,1900000,FECunion,0,1900000,2,761.805761,268.147838,415.973005,20.425635,9.448582,492
seq00_static_1900k.ply,1900000,FECunion,0,1900000,3,727.310931,254.464867,398.528998,20.123384,9.372376,492
seq00_static_1900k.ply,1900000,FECunion,0,1900000,4,723.683331,251.039010,398.893198,20.157342,9.337948,492
seq00_static_1900k.ply,1900000,FECunion,0,1900000,5,740.157593,262.637612,401.112839,20.009857,9.586362,492
seq00_static_1900k.ply,1900000,FECunion,0,1900000,6,704.528246,254.410191,378.251313,19.192350,8.661881,492
seq00_static_1900k.ply,1900000,FECunion,0,1900000,7,671.538504,234.233248,367.635678,18.479929,8.740600,492
seq00_static_1900k.ply,1900000,FEC,50,1900000,1,10070.112916,237.310903,629.577920,9103.327570,68.379636,492
seq00_static_1900k.ply,1900000,FEC,50,1900000,2,10282.893084,247.075048,624.236826,9316.060059,75.603012,492
seq00_static_1900k.ply,1900000,FEC,50,1900000,3,10838.354377,257.903651,647.466337,9836.731328,74.946611,492
seq00_static_1900k.ply,1900000,FEC,50,1900000,4,10246.545245,265.307876,627.237525,9262.101055,69.690243,492
seq00_static_1900k.ply,1900000,FEC,50,1900000,5,10292.604111,236.930607,621.210721,9344.358683,70.663499,492
seq00_static_1900k.ply,1900000,FEC,50,1900000,6,10331.917973,248.652924,627.986304,9357.400603,74.489499,492
seq00_static_1900k.ply,1900000,FEC,50,1900000,7,10579.535550,259.801592,628.281379,9595.611453,74.837867,492
seq00_static_1900k.ply,1900000,FEC1,50,1900000,1,782.200690,251.928380,396.285675,32.915302,65.620723,492
seq00_static_1900k.ply,1900000,FEC1,50,1900000,2,779.831360,258.115955,388.314492,31.931475,66.877878,492
seq00_static_1900k.ply,1900000,FEC1,50,1900000,3,729.142305,240.124576,366.407829,30.420972,59.372210,492
seq00_static_1900k.ply,1900000,FEC1,50,1900000,4,733.306304,238.980406,369.976560,30.769147,59.957569,492
seq00_static_1900k.ply,1900000,FEC1,50,1900000,5,803.367923,242.485234,417.158069,37.001382,67.956525,492
seq00_static_1900k.ply,1900000,FEC1,50,1900000,6,806.365891,265.767696,409.050530,34.074238,59.113348,492
seq00_static_1900k.ply,1900000,FEC1,50,1900000,7,779.627664,243.223566,404.947835,34.329699,59.932642,492
seq00_static_1900k.ply,1900000,FECunion,50,1900000,1,694.310023,251.466134,370.890882,18.758117,8.819081,492
seq00_static_1900k.ply,1900000,FECunion,50,1900000,2,689.421087,246.301415,370.842441,18.600038,8.776981,492
seq00_static_1900k.ply,1900000,FECunion,50,1900000,3,708.609509,251.032472,383.714020,20.089475,10.088963,492
seq00_static_1900k.ply,1900000,FECunion,50,1900000,4,719.859688,255.937973,389.125485,20.209218,9.632784,492
seq00_static_1900k.ply,1900000,FECunion,50,1900000,5,737.687023,259.100133,400.028683,20.035040,10.207347,492
seq00_static_1900k.ply,1900000,FECunion,50,1900000,6,717.700939,257.122549,386.124452,19.956059,9.737752,492
seq00_static_1900k.ply,1900000,FECunion,50,1900000,7,722.077546,259.051748,388.698660,19.946934,9.374786,492
seq00_static_1950k.ply,1950000,FEC,0,1950000,1,11014.313253,276.576421,623.221002,9990.223913,72.953933,505
seq00_static_1950k.ply,1950000,FEC,0,1950000,2,10934.794108,244.079430,650.378743,9940.903899,78.903855,505
seq00_static_1950k.ply,1950000,FEC,0,1950000,3,10852.409572,260.699310,651.972599,9834.601579,78.447534,505
seq00_static_1950k.ply,1950000,FEC,0,1950000,4,11500.226852,272.184217,666.740213,10463.435869,71.688033,505
seq00_static_1950k.ply,1950000,FEC,0,1950000,5,11036.322547,243.963981,648.129617,10037.693847,77.334310,505
seq00_static_1950k.ply,1950000,FEC,0,1950000,6,11011.275400,261.249223,663.411611,9977.631797,80.329801,505
seq00_static_1950k.ply,1950000,FEC,0,1950000,7,11397.340825,263.837310,671.218175,10353.675771,78.839154,505
seq00_static_1950k.ply,1950000,FEC1,0,1950000,1,780.841966,255.807932,392.594646,31.946068,65.716752,505
seq00_static_1950k.ply,1950000,FEC1,0,1950000,2,759.046031,240.138283,384.015075,31.519329,69.780871,505
seq00_static_1950k.ply,1950000,FEC1,0,1950000,3,777.090411,241.363477,402.953987,33.884630,62.143354,505
seq00_static_1950k.ply,1950000,FEC1,0,1950000,4,756.783429,240.189811,389.771010,32.001857,61.018770,505
seq00_static_1950k.ply,1950000,FEC1,0,1950000,5,784.710984,241.226859,403.288327,32.762308,72.467835,505
seq00_static_1950k.ply,1950000,FEC1,0,1950000,6,844.383790,258.660636,442.352847,36.420798,67.070633,505
seq00_static_1950k.ply,1950000,FEC1,0,1950000,7,824.518479,259.549184,423.949790,35.082284,68.831238,505
seq00_static_1950k.ply,1950000,FECunion,0,1950000,1,754.346041,266.375759,410.687535,20.705955,9.693816,505
seq00_static_1950k.ply,1950000,FECunion,0,1950000,2,781.737314,259.596875,437.565168,20.637579,10.873072,505
seq00_static_1950k.ply,1950000,FECunion,0,1950000,3,745.048818,260.578222,408.023887,20.288314,9.701380,505
seq00_static_1950k.ply,1950000,FECunion,0,1950000,4,712.051774,269.422471,373.321235,18.739322,8.853953,505
seq00_static_1950k.ply,1950000,FECunion,0,1950000,5,711.031228,245.197776,391.235885,18.848179,9.381614,505
seq00_static_1950k.ply,1950000,FECunion,0,1950000,6,694.397437,243.995617,379.993163,18.888197,8.873220,505
seq00_static_1950k.ply,1950000,FECunion,0,1950000,7,687.018119,236.872875,378.792403,18.797266,8.842812,505
seq00_static_1950k.ply,1950000,FEC,50,1950000,1,11086.795748,244.675816,660.501048,10083.042516,77.968214,505
seq00_static_1950k.ply,1950000,FEC,50,1950000,2,11312.610271,259.796892,662.415577,10281.203823,79.813165,505
seq00_static_1950k.ply,1950000,FEC,50,1950000,3,11080.800752,264.101287,656.932344,10064.386652,73.794368,505
seq00_static_1950k.ply,1950000,FEC,50,1950000,4,10947.723769,247.244629,657.190118,9941.595733,71.591959,505
seq00_static_1950k.ply,1950000,FEC,50,1950000,5,11336.830144,243.918360,659.382432,10333.307961,79.279312,505
seq00_static_1950k.ply,1950000,FEC,50,1950000,6,10863.648661,265.171871,644.976353,9859.263225,71.617152,505
seq00_static_1950k.ply,1950000,FEC,50,1950000,7,10985.197964,244.859986,653.531722,9992.069476,72.739118,505
seq00_static_1950k.ply,1950000,FEC1,50,1950000,1,755.594898,245.950579,380.967556,31.408842,63.693054,505
seq00_static_1950k.ply,1950000,FEC1,50,1950000,2,758.276119,245.806581,383.465409,31.961839,62.543580,505
seq00_static_1950k.ply,1950000,FEC1,50,1950000,3,792.799720,246.150710,404.046783,33.776852,70.156109,505
seq00_static_1950k.ply,1950000,FEC1,50,1950000,4,792.845391,254.547211,403.002403,33.513470,65.937839,505
seq00_static_1950k.ply,1950000,FEC1,50,1950000,5,806.013391,262.644644,406.710402,33.999258,66.538385,505
seq00_static_1950k.ply,1950000,FEC1,50,1950000,6,859.054880,269.300411,438.508326,36.389885,71.685490,505
seq00_static_1950k.ply,1950000,FEC1,50,1950000,7,815.732108,264.106390,411.204633,34.478360,69.671990,505
seq00_static_1950k.ply,1950000,FECunion,50,1950000,1,736.029599,263.601585,397.017282,20.481826,9.692719,505
seq00_static_1950k.ply,1950000,FECunion,50,1950000,2,758.921416,261.359976,417.548073,20.585375,9.701598,505
seq00_static_1950k.ply,1950000,FECunion,50,1950000,3,695.436632,261.624449,363.885583,18.870860,9.094086,505
seq00_static_1950k.ply,1950000,FECunion,50,1950000,4,684.497215,246.592440,367.444332,18.859993,9.077634,505
seq00_static_1950k.ply,1950000,FECunion,50,1950000,5,690.941334,250.016531,368.872583,19.024468,9.544994,505
seq00_static_1950k.ply,1950000,FECunion,50,1950000,6,705.638356,259.458585,373.292916,18.821231,8.962412,505
seq00_static_1950k.ply,1950000,FECunion,50,1950000,7,692.122478,249.799667,370.267880,19.023452,9.032794,505
seq00_static_2M.ply,2000000,FEC,0,2000000,1,11326.224158,267.366717,638.538675,10292.211513,78.177965,508
seq00_static_2M.ply,2000000,FEC,0,2000000,2,11592.520083,257.882720,671.527770,10564.722043,70.730765,508
seq00_static_2M.ply,2000000,FEC,0,2000000,3,11479.680163,241.385107,682.217553,10453.515305,80.075413,508
seq00_static_2M.ply,2000000,FEC,0,2000000,4,11735.997806,261.700695,687.930470,10685.341574,79.165452,508
seq00_static_2M.ply,2000000,FEC,0,2000000,5,11733.786694,258.894810,697.462822,10678.378839,73.359637,508
seq00_static_2M.ply,2000000,FEC,0,2000000,6,11266.626013,245.274834,672.411158,10241.039288,75.486521,508
seq00_static_2M.ply,2000000,FEC,0,2000000,7,11590.013533,266.089839,697.972166,10514.594890,81.113442,508
seq00_static_2M.ply,2000000,FEC1,0,2000000,1,844.487280,261.626555,434.117361,35.782198,74.552179,508
seq00_static_2M.ply,2000000,FEC1,0,2000000,2,824.595163,263.853684,424.549558,35.070433,63.323627,508
seq00_static_2M.ply,2000000,FEC1,0,2000000,3,773.721106,243.222164,399.999136,33.019552,62.004014,508
seq00_static_2M.ply,2000000,FEC1,0,2000000,4,778.477323,244.350605,398.028189,32.047481,69.770629,508
seq00_static_2M.ply,2000000,FEC1,0,2000000,5,765.334149,239.729018,396.117429,32.284105,62.333534,508
seq00_static_2M.ply,2000000,FEC1,0,2000000,6,767.439325,240.228869,396.906950,32.550623,62.927393,508
seq00_static_2M.ply,2000000,FEC1,0,2000000,7,768.774019,242.895451,392.481090,31.601592,68.649463,508
seq00_static_2M.ply,2000000,FECunion,0,2000000,1,751.132040,251.635183,419.128927,20.930042,11.197484,508
seq00_static_2M.ply,2000000,FECunion,0,2000000,2,772.228936,271.791216,419.435793,21.666843,10.614262,508
seq00_static_2M.ply,2000000,FECunion,0,2000000,3,783.681025,269.608499,431.362496,21.979311,10.879940,508
seq00_static_2M.ply,2000000,FECunion,0,2000000,4,764.557206,265.167540,420.236101,21.437537,10.095518,508
seq00_static_2M.ply,2000000,FECunion,0,2000000,5,773.059501,266.244025,426.150264,21.392293,9.874942,508
seq00_static_2M.ply,2000000,FECunion,0,2000000,6,772.055188,261.627326,429.441527,21.167304,10.186539,508
seq00_static_2M.ply,2000000,FECunion,0,2000000,7,768.186911,269.954886,418.567942,20.874866,10.429812,508
seq00_static_2M.ply,2000000,FEC,50,2000000,1,11536.717750,267.624362,660.711568,10501.432089,77.437767,508
seq00_static_2M.ply,2000000,FEC,50,2000000,2,11400.596464,267.038719,679.110368,10352.062845,80.990205,508
seq00_static_2M.ply,2000000,FEC,50,2000000,3,11406.084398,267.189859,665.704774,10368.150019,79.248711,508
seq00_static_2M.ply,2000000,FEC,50,2000000,4,11405.998938,259.206019,675.005580,10369.940639,81.197808,508
seq00_static_2M.ply,2000000,FEC,50,2000000,5,11708.521096,268.190457,675.119431,10661.325094,74.578022,508
seq00_static_2M.ply,2000000,FEC,50,2000000,6,11074.500186,261.096404,642.070336,10076.841905,73.945266,508
seq00_static_2M.ply,2000000,FEC,50,2000000,7,10241.867448,249.931304,590.659872,9309.052185,69.985659,508
seq00_static_2M.ply,2000000,FEC1,50,2000000,1,753.429198,234.008501,389.672669,32.584780,63.248572,508
seq00_static_2M.ply,2000000,FEC1,50,2000000,2,769.061167,248.427284,391.046871,32.455903,62.759145,508
seq00_static_2M.ply,2000000,FEC1,50,2000000,3,808.247623,246.993949,411.720444,33.739077,78.247685,508
seq00_static_2M.ply,2000000,FEC1,50,2000000,4,807.470777,273.698901,401.465467,33.248751,63.243573,508
seq00_static_2M.ply,2000000,FEC1,50,2000000,5,773.954160,253.895694,389.662442,32.041900,64.332700,508
seq00_static_2M.ply,2000000,FEC1,50,2000000,6,779.882890,248.670820,394.222361,32.512820,69.895356,508
seq00_static_2M.ply,2000000,FEC1,50,2000000,7,778.105468,261.356060,387.040470,31.788215,64.157428,508
seq00_static_2M.ply,2000000,FECunion,50,2000000,1,697.813514,244.720234,380.901868,19.529382,9.182904,508
seq00_static_2M.ply,2000000,FECunion,50,2000000,2,710.764579,251.600430,385.224206,19.803837,9.249802,508
seq00_static_2M.ply,2000000,FECunion,50,2000000,3,724.448684,250.767649,397.942968,19.609474,9.881616,508
seq00_static_2M.ply,2000000,FECunion,50,2000000,4,699.034747,250.867897,376.484406,19.183257,9.504411,508
seq00_static_2M.ply,2000000,FECunion,50,2000000,5,695.029244,246.859598,377.218645,19.156515,9.128829,508
seq00_static_2M.ply,2000000,FECunion,50,2000000,6,719.943414,252.105874,392.228667,19.726850,9.495074,508
seq00_static_2M.ply,2000000,FECunion,50,2000000,7,710.711959,250.874129,386.607433,19.493444,9.122187,508
seq00_static_2050k.ply,2050000,FEC,0,2050000,1,11590.063447,258.778627,709.037877,10492.586304,82.841283,520
seq00_static_2050k.ply,2050000,FEC,0,2050000,2,11945.328724,269.088121,716.353298,10839.806333,78.198736,520
seq00_static_2050k.ply,2050000,FEC,0,2050000,3,11886.087215,266.342312,698.427140,10817.136213,74.596875,520
seq00_static_2050k.ply,2050000,FEC,0,2050000,4,12404.383516,264.072152,731.812306,11294.622100,82.334579,520
seq00_static_2050k.ply,2050000,FEC,0,2050000,5,12004.293648,282.429387,716.827234,10883.842134,77.794038,520
seq00_static_2050k.ply,2050000,FEC,0,2050000,6,11763.918452,250.198433,682.655265,10726.606627,76.472770,520
seq00_static_2050k.ply,2050000,FEC,0,2050000,7,12164.329796,246.253396,725.059839,11074.259841,79.810139,520
seq00_static_2050k.ply,2050000,FEC1,0,2050000,1,858.763378,270.140916,441.384824,35.809474,71.958463,520
seq00_static_2050k.ply,2050000,FEC1,0,2050000,2,968.680040,297.761960,499.137665,42.141029,77.286319,520
seq00_static_2050k.ply,2050000,FEC1,0,2050000,3,867.920416,277.793849,443.939593,35.971057,70.837881,520
seq00_static_2050k.ply,2050000,FEC1,0,2050000,4,881.834211,271.685227,451.446187,37.765211,78.829510,520
seq00_static_2050k.ply,2050000,FEC1,0,2050000,5,868.736240,282.211746,440.605049,36.101332,70.901149,520
seq00_static_2050k.ply,2050000,FEC1,0,2050000,6,824.154170,270.626229,413.972627,33.616440,69.265286,520
seq00_static_2050k.ply,2050000,FEC1,0,2050000,7,804.377438,247.621050,413.850768,33.809307,72.274065,520
seq00_static_2050k.ply,2050000,FECunion,0,2050000,1,740.868174,262.301473,399.832619,20.123755,10.160728,520
seq00_static_2050k.ply,2050000,FECunion,0,2050000,2,739.837984,249.872667,411.187979,20.688501,9.907507,520
seq00_static_2050k.ply,2050000,FECunion,0,2050000,3,745.702742,257.534612,410.337335,20.522255,9.636153,520
seq00_static_2050k.ply,2050000,FECunion,0,2050000,4,760.724261,256.460856,424.305025,20.511168,9.514290,520
seq00_static_2050k.ply,2050000,FECunion,0,2050000,5,741.273590,255.907406,406.349466,20.465674,9.726188,520
seq00_static_2050k.ply,2050000,FECunion,0,2050000,6,748.532415,255.290882,414.155748,20.332782,9.575707,520
seq00_static_2050k.ply,2050000,FECunion,0,2050000,7,753.809246,255.188234,419.028200,20.319630,9.501932,520
seq00_static_2050k.ply,2050000,FEC,50,2050000,1,11489.220242,252.308785,695.917725,10424.024763,79.954126,520
seq00_static_2050k.ply,2050000,FEC,50,2050000,2,12145.592635,281.073361,704.346172,11047.358933,75.305784,520
seq00_static_2050k.ply,2050000,FEC,50,2050000,3,12241.520004,268.468752,697.049785,11168.073957,81.562809,520
seq00_static_2050k.ply,2050000,FEC,50,2050000,4,11800.865083,267.040915,691.934557,10740.232454,78.801458,520
seq00_static_2050k.ply,2050000,FEC,50,2050000,5,12446.807083,266.831491,724.336813,11354.982300,75.735246,520
seq00_static_2050k.ply,2050000,FEC,50,2050000,6,11928.223547,263.503441,709.600148,10852.277082,79.832820,520
seq00_static_2050k.ply,2050000,FEC,50,2050000,7,12448.110497,266.494061,692.844786,11384.363913,79.004204,520
seq00_static_2050k.ply,2050000,FEC1,50,2050000,1,828.920741,265.801966,421.708742,34.432121,69.909306,520
seq00_static_2050k.ply,2050000,FEC1,50,2050000,2,849.128174,273.405736,431.469786,36.495695,68.808974,520
seq00_static_2050k.ply,2050000,FEC1,50,2050000,3,831.876403,268.735539,423.110098,35.089812,67.628707,520
seq00_static_2050k.ply,2050000,FEC1,50,2050000,4,849.206866,272.451847,428.492480,35.485082,74.329526,520
seq00_static_2050k.ply,2050000,FEC1,50,2050000,5,847.918252,280.711554,425.104576,35.243627,69.116535,520
seq00_static_2050k.ply,2050000,FEC1,50,2050000,6,831.748495,268.756786,421.723455,34.554357,68.792825,520
seq00_static_2050k.ply,2050000,FEC1,50,2050000,7,829.376891,270.521438,413.529318,33.586343,74.768892,520
seq00_static_2050k.ply,2050000,FECunion,50,2050000,1,752.219205,280.499031,395.415057,20.594489,9.671656,520
seq00_static_2050k.ply,2050000,FECunion,50,2050000,2,752.431774,271.055631,403.502905,20.484306,9.620407,520
seq00_static_2050k.ply,2050000,FECunion,50,2050000,3,742.876965,270.354126,397.121571,20.535999,9.604487,520
seq00_static_2050k.ply,2050000,FECunion,50,2050000,4,754.568486,269.356372,406.494476,20.834960,9.688600,520
seq00_static_2050k.ply,2050000,FECunion,50,2050000,5,748.500936,268.490782,401.843262,20.807311,9.660755,520
seq00_static_2050k.ply,2050000,FECunion,50,2050000,6,737.394668,264.906471,396.949929,20.357614,9.812935,520
seq00_static_2050k.ply,2050000,FECunion,50,2050000,7,772.087443,267.266972,422.823208,20.782854,10.198672,520
seq00_static_2100k.ply,2100000,FEC,0,2100000,1,12763.629863,270.634930,732.306551,11649.909647,79.745795,539
seq00_static_2100k.ply,2100000,FEC,0,2100000,2,12917.494259,268.999289,748.771257,11788.862192,78.197040,539
seq00_static_2100k.ply,2100000,FEC,0,2100000,3,12885.093490,272.095035,710.948259,11786.051505,78.383601,539
seq00_static_2100k.ply,2100000,FEC,0,2100000,4,12876.861440,272.487773,746.161809,11744.186151,81.634016,539
seq00_static_2100k.ply,2100000,FEC,0,2100000,5,12753.369628,278.477688,726.979620,11635.193795,80.050056,539
seq00_static_2100k.ply,2100000,FEC,0,2100000,6,12790.236300,279.755567,735.089561,11658.289290,80.817104,539
seq00_static_2100k.ply,2100000,FEC,0,2100000,7,13031.742135,262.421107,763.486361,11889.190817,80.285535,539
seq00_static_2100k.ply,2100000,FEC1,0,2100000,1,870.614630,267.133752,455.717896,38.042102,68.274711,539
seq00_static_2100k.ply,2100000,FEC1,0,2100000,2,860.586896,273.638625,442.430709,36.230410,68.235480,539
seq00_static_2100k.ply,2100000,FEC1,0,2100000,3,864.926921,276.009695,433.978679,35.717334,76.629012,539
seq00_static_2100k.ply,2100000,FEC1,0,2100000,4,856.865842,274.799270,437.425329,35.950098,69.397274,539
seq00_static_2100k.ply,2100000,FEC1,0,2100000,5,845.885708,266.202412,437.754170,35.321572,68.496392,539
seq00_static_2100k.ply,2100000,FEC1,0,2100000,6,858.160992,267.484650,439.631346,35.638540,76.194406,539
seq00_static_2100k.ply,2100000,FEC1,0,2100000,7,862.888148,275.729402,443.501143,36.507087,67.531904,539
seq00_static_2100k.ply,2100000,FECunion,0,2100000,1,786.096904,266.782482,435.440967,21.538008,10.000431,539
seq00_static_2100k.ply,2100000,FECunion,0,2100000,2,792.734649,275.898798,436.217749,21.476646,9.952385,539
seq00_static_2100k.ply,2100000,FECunion,0,2100000,3,793.969102,283.451748,429.526176,21.407240,9.967559,539
seq00_static_2100k.ply,2100000,FECunion,0,2100000,4,786.341828,274.317744,431.424461,21.426934,10.281661,539
seq00_static_2100k.ply,2100000,FECunion,0,2100000,5,785.152135,274.055593,428.678128,21.108619,10.027201,539
seq00_static_2100k.ply,2100000,FECunion,0,2100000,6,802.268315,285.072006,434.319442,21.387688,9.983286,539
seq00_static_2100k.ply,2100000,FECunion,0,2100000,7,783.467377,270.730057,430.682646,21.383153,10.233969,539
seq00_static_2100k.ply,2100000,FEC,50,2100000,1,12689.653291,275.539997,717.891609,11580.049513,79.758803,539
seq00_static_2100k.ply,2100000,FEC,50,2100000,2,12530.909869,289.740197,717.025058,11406.408772,78.905116,539
seq00_static_2100k.ply,2100000,FEC,50,2100000,3,12687.354013,285.223856,744.158172,11547.186710,80.219704,539
seq00_static_2100k.ply,2100000,FEC,50,2100000,4,12331.208280,282.673845,711.702041,11233.764937,79.761670,539
seq00_static_2100k.ply,2100000,FEC,50,2100000,5,12354.635806,281.705733,695.917448,11273.002100,81.621447,539
seq00_static_2100k.ply,2100000,FEC,50,2100000,6,12478.519403,274.798419,731.728251,11365.742281,79.502487,539
seq00_static_2100k.ply,2100000,FEC,50,2100000,7,12694.485124,273.632212,706.360770,11609.776984,82.213288,539
seq00_static_2100k.ply,2100000,FEC1,50,2100000,1,848.062664,281.631723,425.040519,34.959193,68.708093,539
seq00_static_2100k.ply,2100000,FEC1,50,2100000,2,864.497475,274.838287,442.297856,37.529113,68.804983,539
seq00_static_2100k.ply,2100000,FEC1,50,2100000,3,846.298260,276.139219,419.643636,34.605822,75.355356,539
seq00_static_2100k.ply,2100000,FEC1,50,2100000,4,835.644240,276.973310,419.041073,34.722865,67.785157,539
seq00_static_2100k.ply,2100000,FEC1,50,2100000,5,852.506391,273.953890,435.309670,36.489692,67.804410,539
seq00_static_2100k.ply,2100000,FEC1,50,2100000,6,855.498132,280.566423,426.895177,34.878242,75.218833,539
seq00_static_2100k.ply,2100000,FEC1,50,2100000,7,855.146567,276.670151,435.136797,36.493467,67.912283,539
seq00_static_2100k.ply,2100000,FECunion,50,2100000,1,792.788266,278.611076,432.482364,21.133990,10.259062,539
seq00_static_2100k.ply,2100000,FECunion,50,2100000,2,762.634367,275.149219,409.548215,20.840146,10.567166,539
seq00_static_2100k.ply,2100000,FECunion,50,2100000,3,760.487030,272.716263,410.723503,20.949090,9.860378,539
seq00_static_2100k.ply,2100000,FECunion,50,2100000,4,800.799550,277.798274,439.349064,21.278077,10.182995,539
seq00_static_2100k.ply,2100000,FECunion,50,2100000,5,791.267638,279.821214,418.538632,21.316336,10.014591,539
seq00_static_2100k.ply,2100000,FECunion,50,2100000,6,784.796430,282.172173,422.624116,21.341671,10.208864,539
seq00_static_2100k.ply,2100000,FECunion,50,2100000,7,786.612005,278.459551,427.454412,21.317710,10.017487,539
seq00_static_2150k.ply,2150000,FEC,0,2150000,1,13260.048176,273.740324,743.329546,12124.354369,81.276034,552
seq00_static_2150k.ply,2150000,FEC,0,2150000,2,13510.089237,265.909128,759.531215,12364.830098,84.669380,552
seq00_static_2150k.ply,2150000,FEC,0,2150000,3,13133.184743,274.932657,745.975880,11982.953458,81.230109,552
seq00_static_2150k.ply,2150000,FEC,0,2150000,4,13984.774556,272.862542,760.560634,12824.972875,81.664289,552
seq00_static_2150k.ply,2150000,FEC,0,2150000,5,13587.396127,271.138408,765.376960,12436.398949,77.837421,552
seq00_static_2150k.ply,2150000,FEC,0,2150000,6,13807.053002,269.407643,755.108332,12659.472870,85.014565,552
seq00_static_2150k.ply,2150000,FEC,0,2150000,7,13471.666066,285.517326,758.417204,12315.425854,80.004609,552
seq00_static_2150k.ply,2150000,FEC1,0,2150000,1,876.264446,272.283547,455.206859,37.576915,69.198806,552
seq00_static_2150k.ply,2150000,FEC1,0,2150000,2,863.027547,272.297090,444.362567,36.471175,69.744966,552
seq00_static_2150k.ply,2150000,FEC1,0,2150000,3,890.652548,282.507611,448.373403,36.549797,78.821462,552
seq00_static_2150k.ply,2150000,FEC1,0,2150000,4,954.726524,272.949044,519.203089,43.926942,69.990285,552
seq00_static_2150k.ply,2150000,FEC1,0,2150000,5,886.128486,278.978904,453.041399,37.712217,75.497428,552
seq00_static_2150k.ply,2150000,FEC1,0,2150000,6,848.547067,265.850765,439.536400,36.471303,67.314028,552
seq00_static_2150k.ply,2150000,FEC1,0,2150000,7,870.396003,271.923498,449.915168,37.674090,69.970612,552
seq00_static_2150k.ply,2150000,FECunion,0,2150000,1,783.535825,269.223362,431.571806,21.280304,10.306272,552
seq00_static_2150k.ply,2150000,FECunion,0,2150000,2,787.353673,280.693856,425.495820,21.260806,10.343566,552
seq00_static_2150k.ply,2150000,FECunion,0,2150000,3,790.674601,285.416232,423.798378,21.256420,11.600543,552
seq00_static_2150k.ply,2150000,FECunion,0,2150000,4,773.668927,271.450748,421.796298,21.319358,10.211442,552
seq00_static_2150k.ply,2150000,FECunion,0,2150000,5,781.086343,281.535425,419.967011,21.170802,10.771812,552
seq00_static_2150k.ply,2150000,FECunion,0,2150000,6,792.643465,272.660682,436.047494,21.467208,10.479435,552
seq00_static_2150k.ply,2150000,FECunion,0,2150000,7,797.318429,279.275185,435.148731,22.367295,10.124027,552
seq00_static_2150k.ply,2150000,FEC,50,2150000,1,13270.797185,276.627347,747.612771,12133.064196,78.512833,552
seq00_static_2150k.ply,2150000,FEC,50,2150000,2,12608.510985,287.639735,675.365399,11546.500848,78.303430,552
seq00_static_2150k.ply,2150000,FEC,50,2150000,3,13222.022140,271.650496,750.152780,12093.335910,82.867488,552
seq00_static_2150k.ply,2150000,FEC,50,2150000,4,13732.996116,288.634769,763.216359,12576.874832,80.238362,552
seq00_static_2150k.ply,2150000,FEC,50,2150000,5,13319.490530,285.313749,745.128467,12185.626862,80.706582,552
seq00_static_2150k.ply,2150000,FEC,50,2150000,6,12994.322703,278.574023,711.643899,11908.608840,71.819253,552
seq00_static_2150k.ply,2150000,FEC,50,2150000,7,12946.820275,244.018913,703.361180,11895.089929,82.455967,552
seq00_static_2150k.ply,2150000,FEC1,50,2150000,1,878.706863,279.043103,450.826194,37.328489,71.332523,552
seq00_static_2150k.ply,2150000,FEC1,50,2150000,2,889.745488,283.963206,453.764992,37.578741,73.439770,552
seq00_static_2150k.ply,2150000,FEC1,50,2150000,3,939.609628,301.866536,468.759094,39.391143,82.193849,552
seq00_static_2150k.ply,2150000,FEC1,50,2150000,4,893.013444,292.581439,451.449634,37.299359,71.907445,552
seq00_static_2150k.ply,2150000,FEC1,50,2150000,5,912.873236,293.502406,457.992909,37.486007,79.818381,552
seq00_static_2150k.ply,2150000,FEC1,50,2150000,6,922.511606,302.804163,463.912567,38.772420,75.188706,552
seq00_static_2150k.ply,2150000,FEC1,50,2150000,7,922.571997,303.223971,458.155690,37.840609,82.828348,552
seq00_static_2150k.ply,2150000,FECunion,50,2150000,1,843.085426,294.964978,459.737035,22.698939,11.023201,552
seq00_static_2150k.ply,2150000,FECunion,50,2150000,2,826.823576,293.456635,448.079014,22.652782,10.796169,552
seq00_static_2150k.ply,2150000,FECunion,50,2150000,3,832.493301,294.296039,452.300760,22.987790,11.169147,552
seq00_static_2150k.ply,2150000,FECunion,50,2150000,4,844.628883,294.737240,461.549497,23.053316,10.863301,552
seq00_static_2150k.ply,2150000,FECunion,50,2150000,5,774.840946,282.377901,414.098930,21.181933,10.073006,552
seq00_static_2150k.ply,2150000,FECunion,50,2150000,6,771.867766,275.602505,416.949470,20.915651,10.064554,552
seq00_static_2150k.ply,2150000,FECunion,50,2150000,7,782.382037,269.482445,429.709108,21.343633,10.397789,552
seq00_static_2200k.ply,2200000,FEC,0,2200000,1,14172.687616,279.195402,697.308689,13059.954742,83.697158,583
seq00_static_2200k.ply,2200000,FEC,0,2200000,2,14067.607532,264.088612,758.933352,12922.785289,82.519760,583
seq00_static_2200k.ply,2200000,FEC,0,2200000,3,14621.471172,270.587398,785.567217,13440.275461,84.451749,583
seq00_static_2200k.ply,2200000,FEC,0,2200000,4,14083.267588,276.532519,773.562479,12908.953450,84.140133,583
seq00_static_2200k.ply,2200000,FEC,0,2200000,5,14225.778428,272.266775,793.151741,13039.539235,88.317883,583
seq00_static_2200k.ply,2200000,FEC,0,2200000,6,14052.761994,303.778753,785.438147,12855.206511,84.595640,583
seq00_static_2200k.ply,2200000,FEC,0,2200000,7,13947.654519,278.758315,788.999041,12763.504461,88.384917,583
seq00_static_2200k.ply,2200000,FEC1,0,2200000,1,941.407757,292.385690,489.458210,39.977833,76.658063,583
seq00_static_2200k.ply,2200000,FEC1,0,2200000,2,952.984534,288.794332,500.437513,41.408464,77.551851,583
seq00_static_2200k.ply,2200000,FEC1,0,2200000,3,932.405250,296.339406,477.977057,39.064617,77.529144,583
seq00_static_2200k.ply,2200000,FEC1,0,2200000,4,1034.316080,306.616751,540.274642,45.756544,86.822570,583
seq00_static_2200k.ply,2200000,FEC1,0,2200000,5,946.391968,293.656923,491.466963,40.278098,77.388098,583
seq00_static_2200k.ply,2200000,FEC1,0,2200000,6,958.838177,304.821262,483.864749,39.633267,83.501594,583
seq00_static_2200k.ply,2200000,FEC1,0,2200000,7,889.015026,280.527372,457.753167,37.576784,72.581596,583
seq00_static_2200k.ply,2200000,FECunion,0,2200000,1,774.165961,267.391783,427.748109,21.507405,10.173531,583
seq00_static_2200k.ply,2200000,FECunion,0,2200000,2,789.132985,280.832285,427.497861,21.514964,10.348934,583
seq00_static_2200k.ply,2200000,FECunion,0,2200000,3,829.124795,283.911945,459.129297,22.109010,10.458885,583
seq00_static_2200k.ply,2200000,FECunion,0,2200000,4,825.885990,290.539991,450.190518,22.267695,11.136744,583
seq00_static_2200k.ply,2200000,FECunion,0,2200000,5,820.141035,291.865985,443.940849,22.463044,10.899772,583
seq00_static_2200k.ply,2200000,FECunion,0,2200000,6,831.783978,288.986501,454.754030,22.045045,11.475323,583
seq00_static_2200k.ply,2200000,FECunion,0,2200000,7,815.165473,285.650884,445.685924,22.016672,10.508845,583
seq00_static_2200k.ply,2200000,FEC,50,2200000,1,13668.517957,295.704623,767.943043,12493.588307,87.423563,583
seq00_static_2200k.ply,2200000,FEC,50,2200000,2,14982.612556,305.689999,816.336872,13746.012282,89.795255,583
seq00_static_2200k.ply,2200000,FEC,50,2200000,3,13722.070905,299.843975,765.317078,12541.851179,86.857140,583
seq00_static_2200k.ply,2200000,FEC,50,2200000,4,14307.404019,297.864869,783.885857,13112.520645,82.734372,583
seq00_static_2200k.ply,2200000,FEC,50,2200000,5,13691.308027,285.678456,764.561064,12533.884015,83.594517,583
seq00_static_2200k.ply,2200000,FEC,50,2200000,6,14352.574260,284.324106,772.008300,13180.373574,89.414370,583
seq00_static_2200k.ply,2200000,FEC,50,2200000,7,14141.712854,328.169185,780.555367,12924.125830,85.121648,583
seq00_static_2200k.ply,2200000,FEC1,50,2200000,1,936.219816,300.908750,466.544473,39.415178,81.715757,583
seq00_static_2200k.ply,2200000,FEC1,50,2200000,2,883.022640,283.592047,449.809799,37.590321,72.107742,583
seq00_static_2200k.ply,2200000,FEC1,50,2200000,3,895.394083,287.713928,451.059297,36.987669,79.303940,583
seq00_static_2200k.ply,2200000,FEC1,50,2200000,4,891.543291,290.292587,452.551904,37.584424,71.357851,583
seq00_static_2200k.ply,2200000,FEC1,50,2200000,5,873.173049,284.448203,441.723587,36.505178,71.390679,583
seq00_static_2200k.ply,2200000,FEC1,50,2200000,6,906.646121,292.776430,451.526022,37.503403,80.642767,583
seq00_static_2200k.ply,2200000,FEC1,50,2200000,7,924.874998,296.218098,464.911501,39.091350,83.010554,583
seq00_static_2200k.ply,2200000,FECunion,50,2200000,1,824.667125,295.070186,445.211093,21.959714,10.547082,583
seq00_static_2200k.ply,2200000,FECunion,50,2200000,2,824.317165,283.154976,451.678315,22.262458,10.814396,583
seq00_static_2200k.ply,2200000,FECunion,50,2200000,3,797.491527,286.690766,427.853906,22.300355,10.885079,583
seq00_static_2200k.ply,2200000,FECunion,50,2200000,4,802.582541,286.576605,431.858514,22.251252,10.695166,583
seq00_static_2200k.ply,2200000,FECunion,50,2200000,5,835.962653,289.103265,457.313779,22.511800,11.443893,583
seq00_static_2200k.ply,2200000,FECunion,50,2200000,6,819.127032,292.588891,441.801482,22.172196,12.003089,583
seq00_static_2200k.ply,2200000,FECunion,50,2200000,7,798.803219,284.736951,430.481827,22.162576,12.208498,583
seq00_static_2250k.ply,2250000,FEC,0,2250000,1,15218.435793,300.314653,829.176918,13962.737636,85.158217,583
seq00_static_2250k.ply,2250000,FEC,0,2250000,2,14773.150265,299.174399,804.313842,13544.354634,87.325043,583
seq00_static_2250k.ply,2250000,FEC,0,2250000,3,14891.937349,300.858785,811.218371,13648.036204,89.053840,583
seq00_static_2250k.ply,2250000,FEC,0,2250000,4,14596.528265,296.683189,809.834873,13358.350813,85.791094,583
seq00_static_2250k.ply,2250000,FEC,0,2250000,5,15046.845151,291.737518,833.652664,13785.236986,89.853381,583
seq00_static_2250k.ply,2250000,FEC,0,2250000,6,15112.426610,286.884342,806.468720,13888.191605,88.088678,583
seq00_static_2250k.ply,2250000,FEC,0,2250000,7,14743.843703,284.429791,824.613932,13502.987593,92.232471,583
seq00_static_2250k.ply,2250000,FEC1,0,2250000,1,954.520234,299.763299,489.794296,40.983573,79.736637,583
seq00_static_2250k.ply,2250000,FEC1,0,2250000,2,992.586942,298.064529,515.909873,43.244621,88.768787,583
seq00_static_2250k.ply,2250000,FEC1,0,2250000,3,970.817264,306.719819,499.337475,41.230213,77.868971,583
seq00_static_2250k.ply,2250000,FEC1,0,2250000,4,935.329840,302.916158,475.256165,39.050372,75.886318,583
seq00_static_2250k.ply,2250000,FEC1,0,2250000,5,982.114973,288.357518,522.943301,44.476751,78.056201,583
seq00_static_2250k.ply,2250000,FEC1,0,2250000,6,959.612670,301.266629,495.854787,40.455679,78.670977,583
seq00_static_2250k.ply,2250000,FEC1,0,2250000,7,1017.526250,315.517362,517.091155,43.875798,87.457221,583
seq00_static_2250k.ply,2250000,FECunion,0,2250000,1,874.707749,305.779414,476.986575,23.731429,12.185237,583
seq00_static_2250k.ply,2250000,FECunion,0,2250000,2,910.020608,315.870808,486.441322,23.892463,13.000464,583
seq00_static_2250k.ply,2250000,FECunion,0,2250000,3,836.245535,293.966109,456.155472,21.841348,10.624173,583
seq00_static_2250k.ply,2250000,FECunion,0,2250000,4,814.924325,281.195994,447.583636,21.947350,11.624993,583
seq00_static_2250k.ply,2250000,FECunion,0,2250000,5,817.821159,280.882228,450.094923,22.440322,10.401582,583
seq00_static_2250k.ply,2250000,FECunion,0,2250000,6,827.896893,280.881597,460.690868,22.136582,10.331959,583
seq00_static_2250k.ply,2250000,FECunion,0,2250000,7,832.682280,280.406315,463.907432,22.978250,11.678698,583
seq00_static_2250k.ply,2250000,FEC,50,2250000,1,14840.143470,297.713615,827.916273,13599.340402,85.150252,583
seq00_static_2250k.ply,2250000,FEC,50,2250000,2,14735.964409,288.857459,805.864776,13523.791276,91.172573,583
seq00_static_2250k.ply,2250000,FEC,50,2250000,3,14466.500171,310.596819,802.614174,13237.245003,90.968150,583
seq00_static_2250k.ply,2250000,FEC,50,2250000,4,15074.278768,322.714102,823.831289,13816.305659,82.474587,583
seq00_static_2250k.ply,2250000,FEC,50,2250000,5,14648.132420,290.315794,808.214832,13431.227768,87.531952,583
seq00_static_2250k.ply,2250000,FEC,50,2250000,6,15011.595503,295.214014,828.114261,13771.032710,88.906263,583
seq00_static_2250k.ply,2250000,FEC,50,2250000,7,14652.782120,311.674475,807.552063,13417.178559,91.012671,583
seq00_static_2250k.ply,2250000,FEC1,50,2250000,1,938.775644,303.453068,469.338894,38.641723,85.483079,583
seq00_static_2250k.ply,2250000,FEC1,50,2250000,2,935.094671,308.433612,467.368379,39.020534,77.797661,583
seq00_static_2250k.ply,2250000,FEC1,50,2250000,3,919.783057,295.486612,468.724103,39.198093,74.124144,583
seq00_static_2250k.ply,2250000,FEC1,50,2250000,4,1034.119996,325.146119,525.982908,45.807087,82.520047,583
seq00_static_2250k.ply,2250000,FEC1,50,2250000,5,923.926190,302.596711,464.957467,38.299644,76.186907,583
seq00_static_2250k.ply,2250000,FEC1,50,2250000,6,931.596014,312.674165,456.575581,37.784813,79.583268,583
seq00_static_2250k.ply,2250000,FEC1,50,2250000,7,901.556918,290.923200,457.454917,39.096808,71.421063,583
seq00_static_2250k.ply,2250000,FECunion,50,2250000,1,813.897878,288.872530,439.684090,22.127461,10.534196,583
seq00_static_2250k.ply,2250000,FECunion,50,2250000,2,801.268246,285.842851,431.870476,22.093880,10.693929,583
seq00_static_2250k.ply,2250000,FECunion,50,2250000,3,816.128840,301.231578,429.969325,22.248506,11.229755,583
seq00_static_2250k.ply,2250000,FECunion,50,2250000,4,875.304607,313.791674,469.245720,24.079552,12.282836,583
seq00_static_2250k.ply,2250000,FECunion,50,2250000,5,872.411753,316.134656,465.476401,23.681300,11.294543,583
seq00_static_2250k.ply,2250000,FECunion,50,2250000,6,884.640265,322.384965,470.279317,23.776116,11.442134,583
seq00_static_2250k.ply,2250000,FECunion,50,2250000,7,870.815780,313.546179,465.825884,23.697902,11.357788,583
seq00_static_2300k.ply,2300000,FEC,0,2300000,1,14949.813653,310.897116,783.886834,13695.674947,93.292737,588
seq00_static_2300k.ply,2300000,FEC,0,2300000,2,15208.860721,322.071549,821.635378,13927.118055,87.322027,588
seq00_static_2300k.ply,2300000,FEC,0,2300000,3,15651.033385,288.110957,861.859431,14366.532271,87.424334,588
seq00_static_2300k.ply,2300000,FEC,0,2300000,4,15293.924517,283.580193,866.976585,13990.020961,94.948883,588
seq00_static_2300k.ply,2300000,FEC,0,2300000,5,15956.095962,313.257845,874.015381,14633.652521,87.503882,588
seq00_static_2300k.ply,2300000,FEC,0,2300000,6,15903.931462,307.656915,885.539297,14582.388426,89.977579,588
seq00_static_2300k.ply,2300000,FEC,0,2300000,7,15783.014706,307.021580,864.804560,14480.721586,92.761894,588
seq00_static_2300k.ply,2300000,FEC1,0,2300000,1,985.136319,320.698982,497.293958,40.559789,81.795042,588
seq00_static_2300k.ply,2300000,FEC1,0,2300000,2,968.517534,301.926236,500.239564,41.206023,80.078992,588
seq00_static_2300k.ply,2300000,FEC1,0,2300000,3,1041.347330,318.025226,534.311763,44.540699,90.287414,588
seq00_static_2300k.ply,2300000,FEC1,0,2300000,4,970.638389,306.339130,504.692049,41.413714,73.923320,588
seq00_static_2300k.ply,2300000,FEC1,0,2300000,5,925.021896,283.123376,473.049677,38.955311,85.588606,588
seq00_static_2300k.ply,2300000,FEC1,0,2300000,6,922.693831,295.579163,470.192826,38.813647,74.567552,588
seq00_static_2300k.ply,2300000,FEC1,0,2300000,7,920.891321,280.816330,479.289137,39.947946,76.501892,588
seq00_static_2300k.ply,2300000,FECunion,0,2300000,1,900.574544,322.241236,475.308145,22.799972,10.828781,588
seq00_static_2300k.ply,2300000,FECunion,0,2300000,2,883.363650,299.859699,486.936436,24.382391,11.498324,588
seq00_static_2300k.ply,2300000,FECunion,0,2300000,3,889.239996,307.400936,488.751369,24.600137,11.572446,588
seq00_static_2300k.ply,2300000,FECunion,0,2300000,4,945.454699,321.896975,509.880534,24.504598,12.008383,588
seq00_static_2300k.ply,2300000,FECunion,0,2300000,5,892.591993,303.173180,495.049318,24.772298,11.717303,588
seq00_static_2300k.ply,2300000,FECunion,0,2300000,6,887.676033,306.517817,487.792160,24.359152,11.859478,588
seq00_static_2300k.ply,2300000,FECunion,0,2300000,7,902.066710,317.726266,491.327661,24.401475,11.409995,588
seq00_static_2300k.ply,2300000,FEC,50,2300000,1,16055.592745,299.334578,846.044814,14775.437202,92.533439,588
seq00_static_2300k.ply,2300000,FEC,50,2300000,2,15477.108798,326.385593,856.961887,14160.889038,96.662842,588
seq00_static_2300k.ply,2300000,FEC,50,2300000,3,15847.541034,324.390504,847.572589,14552.782495,93.964291,588
seq00_static_2300k.ply,2300000,FEC,50,2300000,4,15885.949490,321.796563,852.602935,14588.783199,85.733586,588
seq00_static_2300k.ply,2300000,FEC,50,2300000,5,15705.206985,293.784716,852.738666,14440.742819,87.424099,588
seq00_static_2300k.ply,2300000,FEC,50,2300000,6,15884.840401,288.788699,855.515116,14621.895523,84.831722,588
seq00_static_2300k.ply,2300000,FEC,50,2300000,7,15640.094794,290.039744,854.916811,14371.150217,95.429592,588
seq00_static_2300k.ply,2300000,FEC1,50,2300000,1,972.923339,316.379684,490.280178,40.473373,81.680087,588
seq00_static_2300k.ply,2300000,FEC1,50,2300000,2,967.919262,322.069704,476.204698,40.125491,86.349030,588
seq00_static_2300k.ply,2300000,FEC1,50,2300000,3,906.065739,297.295736,455.135140,37.658117,74.400840,588
seq00_static_2300k.ply,2300000,FEC1,50,2300000,4,894.549380,286.809901,456.445437,37.856208,72.578803,588
seq00_static_2300k.ply,2300000,FEC1,50,2300000,5,940.968272,297.929859,471.755364,39.431134,84.096595,588
seq00_static_2300k.ply,2300000,FEC1,50,2300000,6,937.475281,300.539514,476.303267,39.653975,77.906788,588
seq00_static_2300k.ply,2300000,FEC1,50,2300000,7,952.428434,305.858332,477.378186,39.845844,86.911666,588
seq00_static_2300k.ply,2300000,FECunion,50,2300000,1,877.032137,323.111317,462.427719,23.716209,11.829242,588
seq00_static_2300k.ply,2300000,FECunion,50,2300000,2,905.065288,310.716930,497.803965,23.853940,11.652297,588
seq00_static_2300k.ply,2300000,FECunion,50,2300000,3,938.418366,345.983561,484.603933,23.930114,11.473242,588
seq00_static_2300k.ply,2300000,FECunion,50,2300000,4,865.270724,306.132030,468.750873,23.972109,11.252356,588
seq00_static_2300k.ply,2300000,FECunion,50,2300000,5,845.061560,313.241948,445.849002,22.547046,10.544746,588
seq00_static_2300k.ply,2300000,FECunion,50,2300000,6,836.643582,294.594661,453.618752,22.613926,11.246818,588
seq00_static_2300k.ply,2300000,FECunion,50,2300000,7,822.290230,295.111673,441.860791,22.511793,10.631923,588
seq00_static_2350k.ply,2350000,FEC,0,2350000,1,16813.299202,326.125274,786.545363,15540.008139,86.475264,611
seq00_static_2350k.ply,2350000,FEC,0,2350000,2,16813.407290,316.118669,817.542027,15533.449395,88.877246,611
seq00_static_2350k.ply,2350000,FEC,0,2350000,3,16655.263937,292.213052,837.897202,15379.571647,94.057565,611
seq00_static_2350k.ply,2350000,FEC,0,2350000,4,16579.984705,311.456807,875.759408,15261.032490,90.875263,611
seq00_static_2350k.ply,2350000,FEC,0,2350000,5,16614.784537,305.012043,887.795468,15293.899635,91.106945,611
seq00_static_2350k.ply,2350000,FEC,0,2350000,6,16480.668234,301.694263,873.279704,15166.259418,96.813632,611
seq00_static_2350k.ply,2350000,FEC,0,2350000,7,16647.011729,318.615159,868.438288,15321.234050,91.937912,611
seq00_static_2350k.ply,2350000,FEC1,0,2350000,1,1024.916918,320.159700,522.725801,42.935448,86.446272,611
seq00_static_2350k.ply,2350000,FEC1,0,2350000,2,965.474035,302.894730,496.849615,40.854197,80.374051,611
seq00_static_2350k.ply,2350000,FEC1,0,2350000,3,1002.969125,313.448939,513.198293,42.584026,87.189179,611
seq00_static_2350k.ply,2350000,FEC1,0,2350000,4,988.284735,304.894625,512.931267,42.906738,79.938671,611
seq00_static_2350k.ply,2350000,FEC1,0,2350000,5,965.195439,313.471824,488.834501,40.976472,76.538300,611
seq00_static_2350k.ply,2350000,FEC1,0,2350000,6,994.292364,300.047634,520.313393,43.882133,82.177464,611
seq00_static_2350k.ply,2350000,FEC1,0,2350000,7,983.257161,309.955256,505.735000,41.729654,79.194194,611
seq00_static_2350k.ply,2350000,FECunion,0,2350000,1,937.998261,318.600398,507.046908,24.083992,12.941356,611
seq00_static_2350k.ply,2350000,FECunion,0,2350000,2,898.108834,308.258084,494.943070,24.456020,11.504002,611
seq00_static_2350k.ply,2350000,FECunion,0,2350000,3,917.946923,317.706807,491.269866,24.474460,11.715073,611
seq00_static_2350k.ply,2350000,FECunion,0,2350000,4,916.432673,308.757912,510.436095,24.431679,11.327869,611
seq00_static_2350k.ply,2350000,FECunion,0,2350000,5,891.052807,306.596524,489.643901,24.681357,12.647432,611
seq00_static_2350k.ply,2350000,FECunion,0,2350000,6,892.939425,306.519008,491.158574,24.464021,11.550253,611
seq00_static_2350k.ply,2350000,FECunion,0,2350000,7,903.601959,310.042896,499.926911,23.420174,10.866347,611
seq00_static_2350k.ply,2350000,FEC,50,2350000,1,16872.054103,319.224281,913.850422,15507.063201,91.334615,611
seq00_static_2350k.ply,2350000,FEC,50,2350000,2,16596.932655,310.240740,887.686293,15281.370217,85.107767,611
seq00_static_2350k.ply,2350000,FEC,50,2350000,3,16871.265011,301.808539,877.643592,15565.792204,90.518456,611
seq00_static_2350k.ply,2350000,FEC,50,2350000,4,16333.646883,307.195153,890.609923,15012.196098,88.310592,611
seq00_static_2350k.ply,2350000,FEC,50,2350000,5,16448.291079,292.961709,877.839038,15158.702923,88.593553,611
seq00_static_2350k.ply,2350000,FEC,50,2350000,6,16614.608074,297.566717,886.468645,15299.192793,94.028644,611
seq00_static_2350k.ply,2350000,FEC,50,2350000,7,16782.261082,326.216578,868.648290,15448.181729,101.892572,611
seq00_static_2350k.ply,2350000,FEC1,50,2350000,1,919.975691,295.321317,463.119019,37.833915,82.287960,611
seq00_static_2350k.ply,2350000,FEC1,50,2350000,2,925.632235,302.236865,466.274510,38.501535,76.318105,611
seq00_static_2350k.ply,2350000,FEC1,50,2350000,3,909.251512,289.427560,462.647492,38.668979,75.929250,611
seq00_static_2350k.ply,2350000,FEC1,50,2350000,4,964.917427,305.292501,483.940377,40.509956,85.498535,611
seq00_static_2350k.ply,2350000,FEC1,50,2350000,5,927.655403,294.553164,472.061272,40.030874,77.739727,611
seq00_static_2350k.ply,2350000,FEC1,50,2350000,6,964.703314,304.709845,484.144702,40.232238,87.750133,611
seq00_static_2350k.ply,2350000,FEC1,50,2350000,7,974.627116,313.413978,495.618686,41.054636,79.942780,611
seq00_static_2350k.ply,2350000,FECunion,50,2350000,1,874.012965,308.370197,474.042066,24.184166,11.523470,611
seq00_static_2350k.ply,2350000,FECunion,50,2350000,2,891.010549,311.479330,484.809102,24.276572,11.891313,611
seq00_static_2350k.ply,2350000,FECunion,50,2350000,3,876.202860,312.684138,472.878189,24.181019,11.672275,611
seq00_static_2350k.ply,2350000,FECunion,50,2350000,4,902.019120,320.827612,474.681430,24.467773,11.784583,611
seq00_static_2350k.ply,2350000,FECunion,50,2350000,5,898.509900,317.952353,486.639309,24.072672,10.791372,611
seq00_static_2350k.ply,2350000,FECunion,50,2350000,6,831.651313,289.937802,453.474979,22.854679,11.052887,611
seq00_static_2350k.ply,2350000,FECunion,50,2350000,7,844.004118,298.896377,456.639032,23.149129,11.036676,611
seq00_static_2400k.ply,2400000,FEC,0,2400000,1,16762.765855,305.051701,889.886016,15407.679164,93.844692,622
seq00_static_2400k.ply,2400000,FEC,0,2400000,2,17102.502996,313.274105,888.611973,15765.480515,95.359519,622
seq00_static_2400k.ply,2400000,FEC,0,2400000,3,17488.416533,310.672700,858.984203,16180.541771,94.400995,622
seq00_static_2400k.ply,2400000,FEC,0,2400000,4,17570.772718,310.767828,912.217252,16210.798115,99.273414,622
seq00_static_2400k.ply,2400000,FEC,0,2400000,5,17730.644250,313.934408,878.392841,16398.594049,92.451761,622
seq00_static_2400k.ply,2400000,FEC,0,2400000,6,17451.424155,314.961746,893.791047,16109.869175,94.379550,622
seq00_static_2400k.ply,2400000,FEC,0,2400000,7,17708.528918,310.685905,883.047618,16379.483301,92.260587,622
seq00_static_2400k.ply,2400000,FEC1,0,2400000,1,975.574390,305.469070,504.985359,41.120924,79.963332,622
seq00_static_2400k.ply,2400000,FEC1,0,2400000,2,1016.465758,308.612961,527.387492,43.826457,89.010840,622
seq00_static_2400k.ply,2400000,FEC1,0,2400000,3,981.484547,311.062752,503.268889,42.061257,80.061256,622
seq00_static_2400k.ply,2400000,FEC1,0,2400000,4,1013.542943,314.238773,517.333604,43.135006,90.841976,622
seq00_static_2400k.ply,2400000,FEC1,0,2400000,5,991.486888,320.912305,503.922074,41.686881,79.962668,622
seq00_static_2400k.ply,2400000,FEC1,0,2400000,6,985.655404,314.361537,502.773293,41.750912,80.287034,622
seq00_static_2400k.ply,2400000,FEC1,0,2400000,7,1017.871126,319.990197,515.870785,43.042633,87.536705,622
seq00_static_2400k.ply,2400000,FECunion,0,2400000,1,919.424433,311.158798,511.634061,24.704826,11.995279,622
seq00_static_2400k.ply,2400000,FECunion,0,2400000,2,933.280661,326.715795,498.604770,24.540717,12.266640,622
seq00_static_2400k.ply,2400000,FECunion,0,2400000,3,919.220772,320.633512,501.035105,24.710591,13.230534,622
seq00_static_2400k.ply,2400000,FECunion,0,2400000,4,908.750010,310.115214,501.309452,24.495878,11.762376,622
seq00_static_2400k.ply,2400000,FECunion,0,2400000,5,975.487320,329.174029,531.195343,25.197529,12.043990,622
seq00_static_2400k.ply,2400000,FECunion,0,2400000,6,914.086746,312.406690,504.634894,24.507115,11.812119,622
seq00_static_2400k.ply,2400000,FECunion,0,2400000,7,945.049732,326.302825,506.869712,24.527354,11.827457,622
seq00_static_2400k.ply,2400000,FEC,50,2400000,1,17373.673610,313.159047,885.261954,16041.917700,92.274780,622
seq00_static_2400k.ply,2400000,FEC,50,2400000,2,17315.566661,324.937336,884.828804,15967.972765,93.509680,622
seq00_static_2400k.ply,2400000,FEC,50,2400000,3,16315.504941,318.400902,855.654488,15021.078675,82.573836,622
seq00_static_2400k.ply,2400000,FEC,50,2400000,4,16222.417758,278.321070,831.878410,14982.699534,87.898878,622
seq00_static_2400k.ply,2400000,FEC,50,2400000,5,18083.517678,302.385968,941.142276,16703.614354,95.943750,622
seq00_static_2400k.ply,2400000,FEC,50,2400000,6,17527.136282,322.877536,938.898136,16146.759768,88.802646,622
seq00_static_2400k.ply,2400000,FEC,50,2400000,7,16652.093151,298.765831,869.459997,15355.450048,90.682823,622
seq00_static_2400k.ply,2400000,FEC1,50,2400000,1,941.313603,297.217087,481.541050,39.956138,78.630118,622
seq00_static_2400k.ply,2400000,FEC1,50,2400000,2,984.697911,309.178870,500.866063,41.993371,82.378371,622
seq00_static_2400k.ply,2400000,FEC1,50,2400000,3,945.630904,298.688774,482.718978,40.180966,79.832776,622
seq00_static_2400k.ply,2400000,FEC1,50,2400000,4,996.548576,323.374279,493.657761,41.127699,90.090972,622
seq00_static_2400k.ply,2400000,FEC1,50,2400000,5,978.695700,315.927374,496.530828,41.333470,79.530763,622
seq00_static_2400k.ply,2400000,FEC1,50,2400000,6,984.308219,313.066253,496.183070,40.819682,87.653464,622
seq00_static_2400k.ply,2400000,FEC1,50,2400000,7,994.229198,309.663211,515.935835,43.188430,77.878026,622
seq00_static_2400k.ply,2400000,FECunion,50,2400000,1,896.483040,315.575821,476.425714,24.224297,11.468185,622
seq00_static_2400k.ply,2400000,FECunion,50,2400000,2,891.622478,312.058227,485.301039,24.390502,12.077131,622
seq00_static_2400k.ply,2400000,FECunion,50,2400000,3,907.258452,327.605602,486.415409,24.290531,11.666416,622
seq00_static_2400k.ply,2400000,FECunion,50,2400000,4,890.540314,314.142242,483.681038,24.439383,11.588140,622
seq00_static_2400k.ply,2400000,FECunion,50,2400000,5,955.699354,312.337038,539.514068,25.575309,13.604510,622
seq00_static_2400k.ply,2400000,FECunion,50,2400000,6,967.143738,350.055569,507.778454,25.610315,13.303650,622
seq00_static_2400k.ply,2400000,FECunion,50,2400000,7,929.443106,322.314588,508.416955,25.477170,12.058160,622
seq00_static_2450k.ply,2450000,FEC,0,2450000,1,17425.814493,360.000209,860.731558,16054.020951,94.568684,631
seq00_static_2450k.ply,2450000,FEC,0,2450000,2,18643.665856,313.780401,940.674440,17240.659230,101.690847,631
seq00_static_2450k.ply,2450000,FEC,0,2450000,3,17102.677663,329.712854,941.983666,15689.022808,92.791858,631
seq00_static_2450k.ply,2450000,FEC,0,2450000,4,18103.123598,307.035847,945.370122,16698.762835,97.865357,631
seq00_static_2450k.ply,2450000,FEC,0,2450000,5,17720.371792,337.500102,926.941870,16317.282381,99.354015,631
seq00_static_2450k.ply,2450000,FEC,0,2450000,6,18461.005907,323.832724,960.397456,17037.656292,97.364503,631
seq00_static_2450k.ply,2450000,FEC,0,2450000,7,17733.893117,316.724716,937.169137,16342.662910,97.617480,631
seq00_static_2450k.ply,2450000,FEC1,0,2450000,1,1026.818944,326.246625,526.456256,43.249908,83.708174,631
seq00_static_2450k.ply,2450000,FEC1,0,2450000,2,1002.799119,313.482668,515.026645,41.981787,86.833500,631
seq00_static_2450k.ply,2450000,FEC1,0,2450000,3,1035.075176,323.509693,535.076451,44.467713,84.709842,631
seq00_static_2450k.ply,2450000,FEC1,0,2450000,4,1053.500241,334.616258,539.653625,44.249197,87.160930,631
seq00_static_2450k.ply,2450000,FEC1,0,2450000,5,1053.817446,334.227566,541.495819,44.593396,85.533938,631
seq00_static_2450k.ply,2450000,FEC1,0,2450000,6,1066.469795,329.927496,546.237426,44.931584,96.517690,631
seq00_static_2450k.ply,2450000,FEC1,0,2450000,7,1042.061154,329.448050,536.216347,43.648167,85.962321,631
seq00_static_2450k.ply,2450000,FECunion,0,2450000,1,984.143453,334.232994,545.834278,26.174401,12.706141,631
seq00_static_2450k.ply,2450000,FECunion,0,2450000,2,915.912544,332.502965,488.536720,24.682151,12.001843,631
seq00_static_2450k.ply,2450000,FECunion,0,2450000,3,877.640573,305.210747,481.631479,23.915693,11.759644,631
seq00_static_2450k.ply,2450000,FECunion,0,2450000,4,937.572340,322.631881,504.960640,24.808308,12.025361,631
seq00_static_2450k.ply,2450000,FECunion,0,2450000,5,903.121063,316.134378,492.957542,24.565809,12.039532,631
seq00_static_2450k.ply,2450000,FECunion,0,2450000,6,919.202730,318.087892,504.345853,24.753248,12.634644,631
seq00_static_2450k.ply,2450000,FECunion,0,2450000,7,906.617972,319.409236,494.124644,24.873766,11.988118,631
seq00_static_2450k.ply,2450000,FEC,50,2450000,1,17730.450384,310.167493,917.917102,16360.661818,98.034228,631
seq00_static_2450k.ply,2450000,FEC,50,2450000,2,18139.265712,317.997200,916.449863,16777.437194,92.253141,631
seq00_static_2450k.ply,2450000,FEC,50,2450000,3,18483.591421,324.971475,941.324688,17076.103279,99.838959,631
seq00_static_2450k.ply,2450000,FEC,50,2450000,4,18079.408703,326.900873,904.254830,16707.954861,95.960625,631
seq00_static_2450k.ply,2450000,FEC,50,2450000,5,18206.042330,317.463030,946.781256,16799.123644,100.107410,631
seq00_static_2450k.ply,2450000,FEC,50,2450000,6,18111.576604,318.580120,923.709727,16741.825424,92.645172,631
seq00_static_2450k.ply,2450000,FEC,50,2450000,7,18442.808970,321.712027,922.816084,17054.903616,101.494239,631
seq00_static_2450k.ply,2450000,FEC1,50,2450000,1,1032.376506,330.336954,523.344832,42.825035,88.968871,631
seq00_static_2450k.ply,2450000,FEC1,50,2450000,2,1024.210316,329.810949,521.098754,42.873122,84.785670,631
seq00_static_2450k.ply,2450000,FEC1,50,2450000,3,1029.730409,337.330493,518.334779,42.687899,85.633477,631
seq00_static_2450k.ply,2450000,FEC1,50,2450000,4,943.544183,305.560737,478.188121,39.235010,78.880888,631
seq00_static_2450k.ply,2450000,FEC1,50,2450000,5,988.253440,306.787043,500.499184,41.628873,89.735223,631
seq00_static_2450k.ply,2450000,FEC1,50,2450000,6,969.168728,310.972305,491.524767,40.879479,81.897801,631
seq00_static_2450k.ply,2450000,FEC1,50,2450000,7,1029.082327,321.375326,518.437798,42.963486,96.065125,631
seq00_static_2450k.ply,2450000,FECunion,50,2450000,1,927.830236,338.957038,493.628940,25.365545,12.190895,631
seq00_static_2450k.ply,2450000,FECunion,50,2450000,2,945.810370,329.474354,506.307912,25.750700,12.327989,631
seq00_static_2450k.ply,2450000,FECunion,50,2450000,3,956.956670,332.303020,524.161955,25.462225,12.480601,631
seq00_static_2450k.ply,2450000,FECunion,50,2450000,4,945.637558,330.058247,506.092914,25.649240,12.416025,631
seq00_static_2450k.ply,2450000,FECunion,50,2450000,5,929.499029,331.171362,501.995027,25.481440,12.360907,631
seq00_static_2450k.ply,2450000,FECunion,50,2450000,6,952.142855,327.648390,525.257737,25.321612,12.415971,631
seq00_static_2450k.ply,2450000,FECunion,50,2450000,7,916.614274,327.119137,493.961617,24.152130,11.776915,631
seq00_static_2500k.ply,2500000,FEC,0,2500000,1,17523.472698,339.473513,891.430753,16134.656466,93.768218,642
seq00_static_2500k.ply,2500000,FEC,0,2500000,2,17801.043765,325.209465,939.848230,16377.231576,94.274338,642
seq00_static_2500k.ply,2500000,FEC,0,2500000,3,17616.913440,309.435885,934.153554,16223.222825,93.999693,642
seq00_static_2500k.ply,2500000,FEC,0,2500000,4,17556.983158,316.505646,941.978601,16150.629473,92.525054,642
seq00_static_2500k.ply,2500000,FEC,0,2500000,5,17700.375509,312.797846,942.011360,16287.207593,101.597354,642
seq00_static_2500k.ply,2500000,FEC,0,2500000,6,17627.116017,337.064310,958.193373,16177.547553,99.711131,642
seq00_static_2500k.ply,2500000,FEC,0,2500000,7,18998.215205,336.005083,962.435316,17558.684646,99.840634,642
seq00_static_2500k.ply,2500000,FEC1,0,2500000,1,1109.784301,345.914191,578.392061,49.077799,82.020020,642
seq00_static_2500k.ply,2500000,FEC1,0,2500000,2,1026.918353,324.827218,516.497364,43.096696,89.147759,642
seq00_static_2500k.ply,2500000,FEC1,0,2500000,3,992.240868,315.765852,509.069858,42.016591,79.187296,642
seq00_static_2500k.ply,2500000,FEC1,0,2500000,4,1006.244970,311.916970,522.545831,42.940451,81.587549,642
seq00_static_2500k.ply,2500000,FEC1,0,2500000,5,985.109693,314.033285,505.854368,41.682893,78.371700,642
seq00_static_2500k.ply,2500000,FEC1,0,2500000,6,1001.719066,323.868500,499.871053,40.534517,89.283536,642
seq00_static_2500k.ply,2500000,FEC1,0,2500000,7,1057.685862,342.015561,537.698026,44.103427,85.783048,642
seq00_static_2500k.ply,2500000,FECunion,0,2500000,1,962.443872,334.019176,528.147070,26.383830,12.900304,642
seq00_static_2500k.ply,2500000,FECunion,0,2500000,2,1001.564559,335.271846,559.975602,26.720800,12.912764,642
seq00_static_2500k.ply,2500000,FECunion,0,2500000,3,995.039423,347.053425,533.132916,26.159996,12.465003,642
seq00_static_2500k.ply,2500000,FECunion,0,2500000,4,956.198489,337.802247,520.546848,25.811088,11.830319,642
seq00_static_2500k.ply,2500000,FECunion,0,2500000,5,934.874433,337.291894,490.765141,24.458805,11.645989,642
seq00_static_2500k.ply,2500000,FECunion,0,2500000,6,906.947274,313.580870,496.383984,24.358166,11.679564,642
seq00_static_2500k.ply,2500000,FECunion,0,2500000,7,939.002343,324.172620,505.594521,24.496510,11.602697,642
seq00_static_2500k.ply,2500000,FEC,50,2500000,1,19041.430683,309.737521,956.088484,17629.711663,101.684636,642
seq00_static_2500k.ply,2500000,FEC,50,2500000,2,18749.489682,349.797376,939.137594,17314.758489,99.799278,642
seq00_static_2500k.ply,2500000,FEC,50,2500000,3,18800.199055,337.805910,933.612135,17388.494042,102.583212,642
seq00_static_2500k.ply,2500000,FEC,50,2500000,4,18804.656058,345.224997,952.490964,17373.396323,94.218630,642
seq00_static_2500k.ply,2500000,FEC,50,2500000,5,18913.871643,309.605306,959.283008,17511.991371,91.097174,642
seq00_static_2500k.ply,2500000,FEC,50,2500000,6,18420.076791,311.792067,933.835019,17028.680328,102.555361,642
seq00_static_2500k.ply,2500000,FEC,50,2500000,7,18713.726803,342.718736,955.794950,17273.540095,98.012059,642
seq00_static_2500k.ply,2500000,FEC1,50,2500000,1,1045.990619,330.967597,524.398892,43.408188,94.683931,642
seq00_static_2500k.ply,2500000,FEC1,50,2500000,2,1028.094662,331.944892,522.378375,44.089283,82.218376,642
seq00_static_2500k.ply,2500000,FEC1,50,2500000,3,990.465651,315.697193,496.297932,40.948206,89.094003,642
seq00_static_2500k.ply,2500000,FEC1,50,2500000,4,994.644140,314.768400,511.148205,41.868288,80.951322,642
seq00_static_2500k.ply,2500000,FEC1,50,2500000,5,991.923283,310.423347,499.336833,41.350907,92.091101,642
seq00_static_2500k.ply,2500000,FEC1,50,2500000,6,1012.592871,327.160547,515.141317,42.207658,82.640707,642
seq00_static_2500k.ply,2500000,FEC1,50,2500000,7,1037.351145,335.861488,515.843630,42.995873,93.250999,642
seq00_static_2500k.ply,2500000,FECunion,50,2500000,1,918.599535,328.587182,495.201070,25.299451,12.179168,642
seq00_static_2500k.ply,2500000,FECunion,50,2500000,2,965.775993,326.049707,525.739337,25.363128,12.352865,642
seq00_static_2500k.ply,2500000,FECunion,50,2500000,3,922.005018,326.617683,499.023103,25.408645,12.153638,642
seq00_static_2500k.ply,2500000,FECunion,50,2500000,4,916.582125,325.483403,496.308224,25.211120,11.709258,642
seq00_static_2500k.ply,2500000,FECunion,50,2500000,5,972.376529,325.913485,543.277886,25.123272,11.952248,642
seq00_static_2500k.ply,2500000,FECunion,50,2500000,6,902.988297,317.926349,489.872615,24.810573,12.784278,642
seq00_static_2500k.ply,2500000,FECunion,50,2500000,7,945.785031,314.658755,530.082243,25.456166,12.419811,642
seq00_static_2550k.ply,2550000,FEC,0,2550000,1,16951.520439,334.552361,878.237094,15599.390555,87.835248,653
seq00_static_2550k.ply,2550000,FEC,0,2550000,2,19926.066687,293.479915,992.916463,18479.769770,103.835684,653
seq00_static_2550k.ply,2550000,FEC,0,2550000,3,18564.249702,341.856910,996.127318,17071.886766,105.123654,653
seq00_static_2550k.ply,2550000,FEC,0,2550000,4,18015.660650,341.482812,996.700044,16528.509882,93.929265,653
seq00_static_2550k.ply,2550000,FEC,0,2550000,5,17984.413577,324.184370,970.515701,16535.771323,100.363875,653
seq00_static_2550k.ply,2550000,FEC,0,2550000,6,19228.305018,328.164803,953.225305,17798.083674,99.205202,653
seq00_static_2550k.ply,2550000,FEC,0,2550000,7,19288.409204,328.009406,977.123817,17829.604415,100.513123,653
seq00_static_2550k.ply,2550000,FEC1,0,2550000,1,1042.977852,337.182847,528.097151,43.616876,85.167918,653
seq00_static_2550k.ply,2550000,FEC1,0,2550000,2,1059.394922,331.138826,538.883020,44.604096,94.861339,653
seq00_static_2550k.ply,2550000,FEC1,0,2550000,3,1048.262323,325.988772,543.815070,45.234716,83.614903,653
seq00_static_2550k.ply,2550000,FEC1,0,2550000,4,1028.934712,325.359559,528.751557,43.365395,83.814080,653
seq00_static_2550k.ply,2550000,FEC1,0,2550000,5,1044.794360,325.535965,542.076449,44.567371,83.189714,653
seq00_static_2550k.ply,2550000,FEC1,0,2550000,6,1045.509308,325.668273,537.973003,44.760618,87.746294,653
seq00_static_2550k.ply,2550000,FEC1,0,2550000,7,1043.544436,328.365425,538.295039,44.295678,84.330373,653
seq00_static_2550k.ply,2550000,FECunion,0,2550000,1,954.328885,337.624498,516.165089,25.552944,13.872533,653
seq00_static_2550k.ply,2550000,FECunion,0,2550000,2,948.525265,329.442911,516.801601,25.443047,12.773772,653
seq00_static_2550k.ply,2550000,FECunion,0,2550000,3,970.252945,326.645307,539.980390,25.775819,12.385979,653
seq00_static_2550k.ply,2550000,FECunion,0,2550000,4,980.575483,346.724525,518.654245,25.924863,13.193274,653
seq00_static_2550k.ply,2550000,FECunion,0,2550000,5,937.740489,328.256862,509.685239,25.503334,12.791317,653
seq00_static_2550k.ply,2550000,FECunion,0,2550000,6,982.219780,354.016797,513.862994,25.506722,12.675584,653
seq00_static_2550k.ply,2550000,FECunion,0,2550000,7,942.577395,323.166722,520.218390,25.710725,12.215341,653
seq00_static_2550k.ply,2550000,FEC,50,2550000,1,19188.200329,342.935482,965.928580,17715.623739,94.607968,653
seq00_static_2550k.ply,2550000,FEC,50,2550000,2,18871.410381,328.455495,924.589523,17478.049155,98.601879,653
seq00_static_2550k.ply,2550000,FEC,50,2550000,3,18984.461815,333.398386,945.514755,17568.255364,96.839868,653
seq00_static_2550k.ply,2550000,FEC,50,2550000,4,19369.706610,345.676345,967.229534,17920.051181,94.117477,653
seq00_static_2550k.ply,2550000,FEC,50,2550000,5,19414.796945,328.856928,948.962358,17985.544200,97.940853,653
seq00_static_2550k.ply,2550000,FEC,50,2550000,6,19573.841023,328.253186,963.246939,18136.663079,96.838970,653
seq00_static_2550k.ply,2550000,FEC,50,2550000,7,19139.335117,329.794200,919.061588,17744.875948,96.072221,653
seq00_static_2550k.ply,2550000,FEC1,50,2550000,1,1003.376295,318.518475,513.492440,42.112638,82.410013,653
seq00_static_2550k.ply,2550000,FEC1,50,2550000,2,1037.088702,325.347197,526.372034,43.881177,88.686102,653
seq00_static_2550k.ply,2550000,FEC1,50,2550000,3,1105.490192,344.999441,563.910303,46.996833,98.345747,653
seq00_static_2550k.ply,2550000,FEC1,50,2550000,4,1108.736553,348.497639,569.344407,47.294385,91.125314,653
seq00_static_2550k.ply,2550000,FEC1,50,2550000,5,1094.384506,347.355645,553.528505,45.230896,96.230100,653
seq00_static_2550k.ply,2550000,FEC1,50,2550000,6,1112.778541,347.393349,571.975153,47.339363,92.585469,653
seq00_static_2550k.ply,2550000,FEC1,50,2550000,7,1092.946661,344.564231,553.618360,45.847836,98.083580,653
seq00_static_2550k.ply,2550000,FECunion,50,2550000,1,971.763887,343.462331,524.812054,26.839687,13.426012,653
seq00_static_2550k.ply,2550000,FECunion,50,2550000,2,985.691960,355.151215,528.539989,26.543277,13.138720,653
seq00_static_2550k.ply,2550000,FECunion,50,2550000,3,976.790599,352.627014,510.703236,25.721646,11.886886,653
seq00_static_2550k.ply,2550000,FECunion,50,2550000,4,1003.162744,342.802473,554.179890,26.990943,13.339050,653
seq00_static_2550k.ply,2550000,FECunion,50,2550000,5,1020.060330,369.087137,531.672502,26.927706,13.405411,653
seq00_static_2550k.ply,2550000,FECunion,50,2550000,6,983.499988,343.605798,531.993389,27.367924,12.890870,653
seq00_static_2550k.ply,2550000,FECunion,50,2550000,7,1021.751165,371.919934,529.701793,26.806715,12.919633,653
seq00_static_2600k.ply,2600000,FEC,0,2600000,1,20057.604492,363.349663,936.318083,18601.456331,95.480616,655
seq00_static_2600k.ply,2600000,FEC,0,2600000,2,18715.524214,321.740065,916.578362,17311.331606,103.066464,655
seq00_static_2600k.ply,2600000,FEC,0,2600000,3,18972.393768,340.866884,960.073357,17514.082350,105.887292,655
seq00_static_2600k.ply,2600000,FEC,0,2600000,4,18669.684576,361.244595,944.176302,17206.081241,105.820875,655
seq00_static_2600k.ply,2600000,FEC,0,2600000,5,18658.378239,332.965893,972.235993,17187.617113,99.226791,655
seq00_static_2600k.ply,2600000,FEC,0,2600000,6,18628.194733,328.309388,896.982452,17265.122051,89.016371,655
seq00_static_2600k.ply,2600000,FEC,0,2600000,7,19220.476314,292.846613,949.016537,17829.455822,98.438792,655
seq00_static_2600k.ply,2600000,FEC1,0,2600000,1,1049.335278,324.257824,539.746900,44.742834,91.062456,655
seq00_static_2600k.ply,2600000,FEC1,0,2600000,2,1021.177102,316.410726,529.554579,44.281414,81.847002,655
seq00_static_2600k.ply,2600000,FEC1,0,2600000,3,1037.719277,323.844100,528.804206,44.402468,91.766752,655
seq00_static_2600k.ply,2600000,FEC1,0,2600000,4,1045.244917,339.914672,529.638470,43.747599,82.590703,655
seq00_static_2600k.ply,2600000,FEC1,0,2600000,5,1101.758472,358.211196,550.021670,49.040189,93.075452,655
seq00_static_2600k.ply,2600000,FEC1,0,2600000,6,1058.166070,331.565502,546.413376,45.656800,83.252536,655
seq00_static_2600k.ply,2600000,FEC1,0,2600000,7,1015.228799,321.739802,519.573226,42.671516,83.792111,655
seq00_static_2600k.ply,2600000,FECunion,0,2600000,1,952.663539,322.712987,527.419015,25.353549,12.725014,655
seq00_static_2600k.ply,2600000,FECunion,0,2600000,2,927.077364,321.401769,508.257759,25.428088,12.051747,655
seq00_static_2600k.ply,2600000,FECunion,0,2600000,3,977.294870,339.484062,523.787062,25.885111,12.238863,655
seq00_static_2600k.ply,2600000,FECunion,0,2600000,4,957.895248,332.554618,523.971564,25.837660,12.234254,655
seq00_static_2600k.ply,2600000,FECunion,0,2600000,5,931.453416,321.238167,513.539266,25.260830,12.085181,655
seq00_static_2600k.ply,2600000,FECunion,0,2600000,6,981.195259,338.897434,528.359580,25.432478,12.456274,655
seq00_static_2600k.ply,2600000,FECunion,0,2600000,7,945.575693,324.852428,520.283709,25.252286,12.179072,655
seq00_static_2600k.ply,2600000,FEC,50,2600000,1,19581.455776,338.613584,958.928338,18126.608685,100.082973,655
seq00_static_2600k.ply,2600000,FEC,50,2600000,2,20511.671228,333.089139,994.111023,19032.903989,105.708519,655
seq00_static_2600k.ply,2600000,FEC,50,2600000,3,19278.603903,340.546729,934.211422,17855.839617,96.608874,655
seq00_static_2600k.ply,2600000,FEC,50,2600000,4,19104.748591,322.923608,929.434083,17703.555047,97.945418,655
seq00_static_2600k.ply,2600000,FEC,50,2600000,5,19136.367823,322.738320,975.226955,17698.188242,98.441313,655
seq00_static_2600k.ply,2600000,FEC,50,2600000,6,20153.290907,324.887286,1018.863623,18656.285839,105.557148,655
seq00_static_2600k.ply,2600000,FEC,50,2600000,7,19980.625119,358.216081,1004.198456,18470.687289,101.453125,655
seq00_static_2600k.ply,2600000,FEC1,50,2600000,1,1078.092268,333.707412,551.926676,46.668590,94.701791,655
seq00_static_2600k.ply,2600000,FEC1,50,2600000,2,1064.221131,346.482800,539.483970,44.649056,84.267162,655
seq00_static_2600k.ply,2600000,FEC1,50,2600000,3,1046.590237,335.970666,524.477440,43.249397,95.856304,655
seq00_static_2600k.ply,2600000,FEC1,50,2600000,4,1058.943845,346.447843,533.237838,44.560508,86.639017,655
seq00_static_2600k.ply,2600000,FEC1,50,2600000,5,1057.722790,335.737233,533.730002,43.978073,95.261656,655
seq00_static_2600k.ply,2600000,FEC1,50,2600000,6,1124.846715,368.146501,568.212307,48.532709,86.557566,655
seq00_static_2600k.ply,2600000,FEC1,50,2600000,7,1063.594540,335.987856,537.468869,44.312254,96.448167,655
seq00_static_2600k.ply,2600000,FECunion,50,2600000,1,973.858873,337.856481,533.138524,26.126047,12.614448,655
seq00_static_2600k.ply,2600000,FECunion,50,2600000,2,952.781967,337.490871,515.456176,26.230621,12.811523,655
seq00_static_2600k.ply,2600000,FECunion,50,2600000,3,965.703245,340.439141,510.885226,26.185659,12.553768,655
seq00_static_2600k.ply,2600000,FECunion,50,2600000,4,959.764505,333.697203,523.541746,26.264705,14.156578,655
seq00_static_2600k.ply,2600000,FECunion,50,2600000,5,982.113666,347.770579,520.272648,26.352975,12.624484,655
seq00_static_2600k.ply,2600000,FECunion,50,2600000,6,981.460616,333.353680,543.175377,26.089930,13.155782,655
seq00_static_2600k.ply,2600000,FECunion,50,2600000,7,983.653196,344.639477,522.669814,26.274267,12.661513,655
seq00_static_2650k.ply,2650000,FEC,0,2650000,1,20386.847572,356.000097,987.416817,18873.740368,105.497971,671
seq00_static_2650k.ply,2650000,FEC,0,2650000,2,20545.081800,349.111793,980.254164,19059.082410,98.178039,671
seq00_static_2650k.ply,2650000,FEC,0,2650000,3,20402.658143,342.098021,1011.184748,18882.067503,106.757270,671
seq00_static_2650k.ply,2650000,FEC,0,2650000,4,20318.773900,355.370210,1001.520619,18794.797973,106.626134,671
seq00_static_2650k.ply,2650000,FEC,0,2650000,5,20038.857323,371.753732,1025.033430,18472.714798,102.441894,671
seq00_static_2650k.ply,2650000,FEC,0,2650000,6,20380.335792,359.041775,997.381005,18858.080028,106.006741,671
seq00_static_2650k.ply,2650000,FEC,0,2650000,7,19631.706465,359.931398,1016.809710,18090.143930,104.167604,671
seq00_static_2650k.ply,2650000,FEC1,0,2650000,1,1064.084454,345.624433,542.142973,44.086546,83.614733,671
seq00_static_2650k.ply,2650000,FEC1,0,2650000,2,1098.059380,342.085044,559.498574,46.942076,96.322669,671
seq00_static_2650k.ply,2650000,FEC1,0,2650000,3,1071.544529,339.703781,549.236664,45.466267,86.961993,671
seq00_static_2650k.ply,2650000,FEC1,0,2650000,4,1089.737822,340.888660,555.393634,46.098971,96.265555,671
seq00_static_2650k.ply,2650000,FEC1,0,2650000,5,1121.296610,350.415196,580.191907,48.860354,86.865512,671
seq00_static_2650k.ply,2650000,FEC1,0,2650000,6,1073.577896,335.361312,547.781114,45.230165,94.510403,671
seq00_static_2650k.ply,2650000,FEC1,0,2650000,7,1084.526381,353.763559,547.761505,45.939040,85.297840,671
seq00_static_2650k.ply,2650000,FECunion,0,2650000,1,1007.082552,349.104513,552.289032,27.335051,13.420612,671
seq00_static_2650k.ply,2650000,FECunion,0,2650000,2,1081.290477,361.998323,604.546407,28.454063,13.419386,671
seq00_static_2650k.ply,2650000,FECunion,0,2650000,3,1056.484101,378.601100,569.725121,28.317397,13.421533,671
seq00_static_2650k.ply,2650000,FECunion,0,2650000,4,1057.663905,363.003455,582.363956,27.955090,14.124229,671
seq00_static_2650k.ply,2650000,FECunion,0,2650000,5,1038.923955,362.211678,568.377466,28.183871,13.366776,671
seq00_static_2650k.ply,2650000,FECunion,0,2650000,6,1033.423931,363.408031,562.831772,28.055380,13.356367,671
seq00_static_2650k.ply,2650000,FECunion,0,2650000,7,1046.892193,368.208944,570.173892,28.148409,13.375480,671
seq00_static_2650k.ply,2650000,FEC,50,2650000,1,20637.259406,366.388390,994.304227,19117.371957,107.406019,671
seq00_static_2650k.ply,2650000,FEC,50,2650000,2,21112.040710,374.221172,1045.918370,19550.212397,99.314133,671
seq00_static_2650k.ply,2650000,FEC,50,2650000,3,20735.190847,344.526321,1023.343974,19212.241941,106.598202,671
seq00_static_2650k.ply,2650000,FEC,50,2650000,4,21044.313891,376.405761,1024.891768,19495.214879,102.585148,671
seq00_static_2650k.ply,2650000,FEC,50,2650000,5,21393.913014,372.972319,1048.268909,19823.374094,107.460285,671
seq00_static_2650k.ply,2650000,FEC,50,2650000,6,21421.480827,368.133924,1024.819924,19895.215098,97.589253,671
seq00_static_2650k.ply,2650000,FEC,50,2650000,7,20508.898020,334.207966,1023.015596,19004.581619,102.578619,671
seq00_static_2650k.ply,2650000,FEC1,50,2650000,1,1058.311030,344.109988,533.929043,44.397584,87.759179,671
seq00_static_2650k.ply,2650000,FEC1,50,2650000,2,1075.464186,345.163442,539.232553,44.805444,97.678803,671
seq00_static_2650k.ply,2650000,FEC1,50,2650000,3,1081.991393,357.598956,543.903369,45.516455,85.239646,671
seq00_static_2650k.ply,2650000,FEC1,50,2650000,4,1068.229437,343.975448,533.956751,43.768567,98.798048,671
seq00_static_2650k.ply,2650000,FEC1,50,2650000,5,1087.213035,347.658298,555.220965,46.735721,86.956695,671
seq00_static_2650k.ply,2650000,FEC1,50,2650000,6,1079.974451,343.819690,543.783319,45.029218,98.147866,671
seq00_static_2650k.ply,2650000,FEC1,50,2650000,7,1083.645566,348.408789,551.395409,46.220911,86.623563,671
seq00_static_2650k.ply,2650000,FECunion,50,2650000,1,980.572447,346.352296,530.086521,26.923550,14.415989,671
seq00_static_2650k.ply,2650000,FECunion,50,2650000,2,983.146177,350.248866,529.197529,26.822254,12.860974,671
seq00_static_2650k.ply,2650000,FECunion,50,2650000,3,1003.617866,366.906897,532.640222,26.910784,12.928072,671
seq00_static_2650k.ply,2650000,FECunion,50,2650000,4,1025.911247,365.816256,538.845045,27.439042,13.593228,671
seq00_static_2650k.ply,2650000,FECunion,50,2650000,5,1017.765599,351.166872,559.032588,27.103398,12.872688,671
seq00_static_2650k.ply,2650000,FECunion,50,2650000,6,991.351886,355.837461,531.381430,27.122183,12.918700,671
seq00_static_2650k.ply,2650000,FECunion,50,2650000,7,995.761435,357.530553,534.313532,26.920078,13.004003,671
seq00_static_2700k.ply,2700000,FEC,0,2700000,1,20520.100013,374.490899,941.093190,19022.883670,107.699250,695
seq00_static_2700k.ply,2700000,FEC,0,2700000,2,21399.723504,361.639851,1029.832752,19853.399128,99.230727,695
seq00_static_2700k.ply,2700000,FEC,0,2700000,3,21655.302626,340.729913,1069.780852,20085.605841,106.555210,695
seq00_static_2700k.ply,2700000,FEC,0,2700000,4,21883.730583,366.511055,1103.134872,20255.545029,104.399214,695
seq00_static_2700k.ply,2700000,FEC,0,2700000,5,21433.685219,358.178172,1066.748233,19848.266533,106.464742,695
seq00_static_2700k.ply,2700000,FEC,0,2700000,6,21182.049261,354.654990,1035.015457,19643.034516,104.370581,695
seq00_static_2700k.ply,2700000,FEC,0,2700000,7,21208.806163,348.945231,1067.335721,19640.273951,105.324024,695
seq00_static_2700k.ply,2700000,FEC1,0,2700000,1,1154.770841,358.985672,589.782633,48.232219,99.563199,695
seq00_static_2700k.ply,2700000,FEC1,0,2700000,2,1109.750153,347.961601,563.457100,46.957866,99.380062,695
seq00_static_2700k.ply,2700000,FEC1,0,2700000,3,1114.304433,351.438769,573.191054,46.876167,91.715961,695
seq00_static_2700k.ply,2700000,FEC1,0,2700000,4,1106.111945,348.140006,562.798881,46.575326,97.791800,695
seq00_static_2700k.ply,2700000,FEC1,0,2700000,5,1083.032104,335.590376,561.828226,46.101630,89.402574,695
seq00_static_2700k.ply,2700000,FEC1,0,2700000,6,1110.216154,351.669478,559.184633,46.057223,101.832917,695
seq00_static_2700k.ply,2700000,FEC1,0,2700000,7,1084.738080,347.577142,553.822181,44.554930,90.830592,695
seq00_static_2700k.ply,2700000,FECunion,0,2700000,1,1007.987142,357.759009,545.640436,26.838911,13.767680,695
seq00_static_2700k.ply,2700000,FECunion,0,2700000,2,989.086514,350.944818,536.659203,27.154440,12.919632,695
seq00_static_2700k.ply,2700000,FECunion,0,2700000,3,1013.191805,347.467001,560.157339,27.067508,12.766209,695
seq00_static_2700k.ply,2700000,FECunion,0,2700000,4,1015.064339,356.372288,540.500622,27.016096,12.868333,695
seq00_static_2700k.ply,2700000,FECunion,0,2700000,5,1021.864175,350.611829,562.905598,27.400889,13.091896,695
seq00_static_2700k.ply,2700000,FECunion,0,2700000,6,990.474270,351.820809,536.010587,27.135115,13.898379,695
seq00_static_2700k.ply,2700000,FECunion,0,2700000,7,1016.715845,359.991845,550.722154,27.427602,13.779353,695
seq00_static_2700k.ply,2700000,FEC,50,2700000,1,21135.924801,375.595028,1035.672616,19571.325808,109.485756,695
seq00_static_2700k.ply,2700000,FEC,50,2700000,2,21502.474394,362.399461,1034.782281,19948.854641,107.619656,695
seq00_static_2700k.ply,2700000,FEC,50,2700000,3,20749.626033,370.983237,994.933582,19237.249701,100.327153,695
seq00_static_2700k.ply,2700000,FEC,50,2700000,4,20888.143535,333.951963,1000.962952,19395.473219,110.556016,695
seq00_static_2700k.ply,2700000,FEC,50,2700000,5,21043.552217,368.967160,1007.407088,19517.929470,102.448828,695
seq00_static_2700k.ply,2700000,FEC,50,2700000,6,21785.371991,351.077676,1100.216495,20176.918886,108.192003,695
seq00_static_2700k.ply,2700000,FEC,50,2700000,7,20571.789760,354.947021,1004.127184,19065.834528,99.715625,695
seq00_static_2700k.ply,2700000,FEC1,50,2700000,1,1055.027642,345.521713,530.467060,44.173420,85.657583,695
seq00_static_2700k.ply,2700000,FEC1,50,2700000,2,1032.860225,334.926069,518.284397,43.013968,89.755106,695
seq00_static_2700k.ply,2700000,FEC1,50,2700000,3,992.154040,311.650733,510.436246,43.160804,79.239025,695
seq00_static_2700k.ply,2700000,FEC1,50,2700000,4,968.928121,318.608539,486.305269,40.441649,78.933168,695
seq00_static_2700k.ply,2700000,FEC1,50,2700000,5,985.790345,322.545647,483.840236,40.211791,90.092445,695
seq00_static_2700k.ply,2700000,FEC1,50,2700000,6,1008.404857,321.834741,506.706145,43.498753,89.584459,695
seq00_static_2700k.ply,2700000,FEC1,50,2700000,7,1113.351287,367.113669,544.468276,46.536185,98.634355,695
seq00_static_2700k.ply,2700000,FECunion,50,2700000,1,975.326245,354.039106,519.661319,26.284590,12.564982,695
seq00_static_2700k.ply,2700000,FECunion,50,2700000,2,956.202990,343.819214,512.749853,26.304097,12.394498,695
seq00_static_2700k.ply,2700000,FECunion,50,2700000,3,991.185458,342.943913,542.679851,26.734420,14.138318,695
seq00_static_2700k.ply,2700000,FECunion,50,2700000,4,975.177074,350.605248,510.596892,26.233031,12.678883,695
seq00_static_2700k.ply,2700000,FECunion,50,2700000,5,954.512693,343.256024,511.944347,26.139407,12.741287,695
seq00_static_2700k.ply,2700000,FECunion,50,2700000,6,1054.522549,359.038472,567.927125,27.054241,12.929605,695
seq00_static_2700k.ply,2700000,FECunion,50,2700000,7,969.378420,345.683460,521.274543,26.747229,13.305506,695
seq00_static_2750k.ply,2750000,FEC,0,2750000,1,21659.737461,372.990054,1035.199944,20080.365308,113.309817,716
seq00_static_2750k.ply,2750000,FEC,0,2750000,2,21383.695637,375.459547,1070.123387,19781.770808,102.548579,716
seq00_static_2750k.ply,2750000,FEC,0,2750000,3,21944.244542,354.929451,1111.650037,20318.779759,103.641716,716
seq00_static_2750k.ply,2750000,FEC,0,2750000,4,21162.452082,360.959381,1054.370806,19586.144422,108.674706,716
seq00_static_2750k.ply,2750000,FEC,0,2750000,5,21371.406149,388.031161,1059.570079,19754.137105,110.706788,716
seq00_static_2750k.ply,2750000,FEC,0,2750000,6,21273.215585,369.763070,1108.895306,19640.947564,109.021955,716
seq00_static_2750k.ply,2750000,FEC,0,2750000,7,19543.573185,377.172979,960.046665,18054.641372,105.583697,716
seq00_static_2750k.ply,2750000,FEC1,0,2750000,1,1123.770822,368.941314,565.966447,46.928621,89.664295,716
seq00_static_2750k.ply,2750000,FEC1,0,2750000,2,1132.785357,357.664225,576.380316,48.038580,98.533431,716
seq00_static_2750k.ply,2750000,FEC1,0,2750000,3,1113.179106,363.606524,561.199866,46.229827,90.931666,716
seq00_static_2750k.ply,2750000,FEC1,0,2750000,4,1197.923551,362.202006,624.204931,52.785495,100.179922,716
seq00_static_2750k.ply,2750000,FEC1,0,2750000,5,1121.096733,374.211235,559.988325,46.203415,90.175332,716
seq00_static_2750k.ply,2750000,FEC1,0,2750000,6,1126.068448,364.944188,566.419343,45.939422,99.555110,716
seq00_static_2750k.ply,2750000,FEC1,0,2750000,7,1150.585665,370.393938,582.141458,48.013297,97.761641,716
seq00_static_2750k.ply,2750000,FECunion,0,2750000,1,1062.221468,383.057868,571.108817,28.761117,14.143731,716
seq00_static_2750k.ply,2750000,FECunion,0,2750000,2,1089.691119,400.301525,577.624760,29.649179,14.558503,716
seq00_static_2750k.ply,2750000,FECunion,0,2750000,3,1092.450721,391.544175,588.584526,29.150256,14.928568,716
seq00_static_2750k.ply,2750000,FECunion,0,2750000,4,1099.963419,391.448455,594.955974,28.692168,14.033889,716
seq00_static_2750k.ply,2750000,FECunion,0,2750000,5,1061.503979,382.185072,570.954691,28.987850,14.210244,716
seq00_static_2750k.ply,2750000,FECunion,0,2750000,6,1084.788163,384.122044,584.864836,29.214027,15.089488,716
seq00_static_2750k.ply,2750000,FECunion,0,2750000,7,1066.694383,383.176525,575.594729,29.196750,13.872329,716
seq00_static_2750k.ply,2750000,FEC,50,2750000,1,22298.318897,383.793736,1100.001560,20664.870003,109.114201,716
seq00_static_2750k.ply,2750000,FEC,50,2750000,2,20893.020003,359.365878,1017.650399,19373.012154,103.335983,716
seq00_static_2750k.ply,2750000,FEC,50,2750000,3,20922.720976,356.305761,1010.558396,19418.721908,102.373013,716
seq00_static_2750k.ply,2750000,FEC,50,2750000,4,21235.913437,361.013825,1050.020589,19671.095029,111.129509,716
seq00_static_2750k.ply,2750000,FEC,50,2750000,5,22225.759847,396.567470,1074.607255,20605.857367,102.143216,716
seq00_static_2750k.ply,2750000,FEC,50,2750000,6,22013.803573,359.762316,1074.849562,20430.481192,105.269423,716
seq00_static_2750k.ply,2750000,FEC,50,2750000,7,21285.551489,360.578250,1041.021133,19733.884937,110.318287,716
seq00_static_2750k.ply,2750000,FEC1,50,2750000,1,1175.044096,392.437871,584.766920,49.876298,96.069501,716
seq00_static_2750k.ply,2750000,FEC1,50,2750000,2,1194.970558,391.094093,595.967825,49.449273,104.857024,716
seq00_static_2750k.ply,2750000,FEC1,50,2750000,3,1182.245423,395.450775,586.208866,48.774459,98.778804,716
seq00_static_2750k.ply,2750000,FEC1,50,2750000,4,1199.689792,394.503128,596.762136,49.459996,105.630183,716
seq00_static_2750k.ply,2750000,FEC1,50,2750000,5,1181.516086,400.413212,588.560272,49.451279,89.360110,716
seq00_static_2750k.ply,2750000,FEC1,50,2750000,6,1115.365707,366.533717,554.102912,46.018846,97.915018,716
seq00_static_2750k.ply,2750000,FEC1,50,2750000,7,1110.856817,368.096749,555.049008,46.025056,91.591543,716
seq00_static_2750k.ply,2750000,FECunion,50,2750000,1,1033.330814,370.778476,557.889665,27.772980,13.356086,716
seq00_static_2750k.ply,2750000,FECunion,50,2750000,2,1058.849858,373.569747,577.313132,27.639661,13.334728,716
seq00_static_2750k.ply,2750000,FECunion,50,2750000,3,1031.670848,367.426950,559.601250,28.196638,13.325830,716
seq00_static_2750k.ply,2750000,FECunion,50,2750000,4,1059.239550,374.020638,577.514116,27.691376,13.632023,716
seq00_static_2750k.ply,2750000,FECunion,50,2750000,5,1012.983849,363.896382,546.440251,27.831336,12.997216,716
seq00_static_2750k.ply,2750000,FECunion,50,2750000,6,1037.282268,368.199910,563.557479,27.805580,13.122439,716
seq00_static_2750k.ply,2750000,FECunion,50,2750000,7,1044.033438,384.739501,555.108327,28.020431,13.455480,716
seq00_static_2800k.ply,2800000,FEC,0,2800000,1,22411.644947,383.310170,1005.562387,20830.756885,114.927744,724
seq00_static_2800k.ply,2800000,FEC,0,2800000,2,21075.257790,390.987379,1073.247760,19426.937045,114.650569,724
seq00_static_2800k.ply,2800000,FEC,0,2800000,3,21706.152599,397.419013,1121.818354,20004.903597,106.241287,724
seq00_static_2800k.ply,2800000,FEC,0,2800000,4,21288.629404,392.920500,1094.308906,19623.216236,111.917515,724
seq00_static_2800k.ply,2800000,FEC,0,2800000,5,23040.222958,385.144138,1129.131666,21366.426308,110.935244,724
seq00_static_2800k.ply,2800000,FEC,0,2800000,6,21654.741088,383.950562,1145.542334,19952.875237,109.078632,724
seq00_static_2800k.ply,2800000,FEC,0,2800000,7,23083.432077,380.121626,1152.611074,21391.112238,112.729124,724
seq00_static_2800k.ply,2800000,FEC1,0,2800000,1,1191.206276,390.394737,599.015640,49.330430,98.600633,724
seq00_static_2800k.ply,2800000,FEC1,0,2800000,2,1218.106038,391.634654,615.293772,50.917589,105.243559,724
seq00_static_2800k.ply,2800000,FEC1,0,2800000,3,1185.843668,387.281145,596.867081,49.453826,99.215895,724
seq00_static_2800k.ply,2800000,FEC1,0,2800000,4,1205.548898,385.953850,605.344490,51.218436,107.819219,724
seq00_static_2800k.ply,2800000,FEC1,0,2800000,5,1149.497612,388.760898,569.414959,46.855476,93.022048,724
seq00_static_2800k.ply,2800000,FEC1,0,2800000,6,1141.460047,365.560577,571.402981,48.142112,103.202826,724
seq00_static_2800k.ply,2800000,FEC1,0,2800000,7,1161.586864,375.661974,588.887493,48.340335,96.137681,724
seq00_static_2800k.ply,2800000,FECunion,0,2800000,1,1092.497599,387.927065,590.136241,28.682165,14.038069,724
seq00_static_2800k.ply,2800000,FECunion,0,2800000,2,1118.976849,416.935796,587.954322,28.921053,13.917979,724
seq00_static_2800k.ply,2800000,FECunion,0,2800000,3,1081.886208,388.055384,581.307772,28.711937,13.781529,724
seq00_static_2800k.ply,2800000,FECunion,0,2800000,4,1095.867612,383.245489,594.778462,28.670801,15.100514,724
seq00_static_2800k.ply,2800000,FECunion,0,2800000,5,1060.647816,376.774140,573.760514,29.004817,13.827719,724
seq00_static_2800k.ply,2800000,FECunion,0,2800000,6,1075.800687,379.665272,584.683304,28.606459,14.234215,724
seq00_static_2800k.ply,2800000,FECunion,0,2800000,7,1045.245750,383.118120,555.870578,27.834240,13.033019,724
seq00_static_2800k.ply,2800000,FEC,50,2800000,1,22940.874267,364.249785,1117.481054,21305.212412,103.789580,724
seq00_static_2800k.ply,2800000,FEC,50,2800000,2,22467.879075,370.201609,1119.086853,20822.348183,111.229052,724
seq00_static_2800k.ply,2800000,FEC,50,2800000,3,22665.349163,414.750067,1110.576904,20996.062885,106.677259,724
seq00_static_2800k.ply,2800000,FEC,50,2800000,4,22151.801029,374.778349,1078.102658,20540.267723,109.490486,724
seq00_static_2800k.ply,2800000,FEC,50,2800000,5,21521.590213,382.385368,1047.773729,19946.032840,108.299436,724
seq00_static_2800k.ply,2800000,FEC,50,2800000,6,23437.555810,419.424206,1135.164943,21727.885894,107.939001,724
seq00_static_2800k.ply,2800000,FEC,50,2800000,7,21239.513591,389.211086,1059.283660,19643.682005,105.778666,724
seq00_static_2800k.ply,2800000,FEC1,50,2800000,1,1113.719963,366.851796,557.640480,46.115798,92.386409,724
seq00_static_2800k.ply,2800000,FEC1,50,2800000,2,1110.192861,364.843396,550.294234,45.468794,99.901145,724
seq00_static_2800k.ply,2800000,FEC1,50,2800000,3,1135.837664,387.580922,559.512360,46.319044,90.642751,724
seq00_static_2800k.ply,2800000,FEC1,50,2800000,4,1129.412645,368.727514,559.176257,46.229717,101.396442,724
seq00_static_2800k.ply,2800000,FEC1,50,2800000,5,1124.499634,381.616780,554.540987,45.760912,92.298346,724
seq00_static_2800k.ply,2800000,FEC1,50,2800000,6,1127.643145,369.717568,559.557586,46.746553,100.611330,724
seq00_static_2800k.ply,2800000,FEC1,50,2800000,7,1147.597843,383.407091,571.003592,49.013751,91.508366,724
seq00_static_2800k.ply,2800000,FECunion,50,2800000,1,1016.350805,374.246198,535.616105,28.051790,13.394673,724
seq00_static_2800k.ply,2800000,FECunion,50,2800000,2,1025.268507,368.859470,548.678875,27.337797,13.149116,724
seq00_static_2800k.ply,2800000,FECunion,50,2800000,3,1030.844852,373.046868,549.803516,27.614067,13.722407,724
seq00_static_2800k.ply,2800000,FECunion,50,2800000,4,1010.108815,368.098807,537.834268,27.349196,13.608521,724
seq00_static_2800k.ply,2800000,FECunion,50,2800000,5,1052.457438,376.112684,566.834927,28.549140,14.203950,724
seq00_static_2800k.ply,2800000,FECunion,50,2800000,6,1118.201782,404.880906,596.921327,29.683529,14.803282,724
seq00_static_2800k.ply,2800000,FECunion,50,2800000,7,1125.407089,411.606317,596.633961,29.994628,14.558374,724
seq00_static_2850k.ply,2850000,FEC,0,2850000,1,23330.348014,416.299022,1032.554023,21684.541631,109.267860,729
seq00_static_2850k.ply,2850000,FEC,0,2850000,2,22764.291032,384.021227,1138.251269,21061.171085,111.552093,729
seq00_static_2850k.ply,2850000,FEC,0,2850000,3,22071.014079,391.352583,1071.909029,20422.845806,112.390384,729
seq00_static_2850k.ply,2850000,FEC,0,2850000,4,21846.645545,402.133119,1077.455648,20185.516228,112.005303,729
seq00_static_2850k.ply,2850000,FEC,0,2850000,5,22040.362710,396.045112,1090.018237,20376.863234,109.726385,729
seq00_static_2850k.ply,2850000,FEC,0,2850000,6,21940.699736,375.273796,1149.754301,20233.107382,111.818823,729
seq00_static_2850k.ply,2850000,FEC,0,2850000,7,22134.626804,386.697975,1172.608880,20394.898717,110.045642,729
seq00_static_2850k.ply,2850000,FEC1,0,2850000,1,1188.494715,379.738351,601.691122,49.432195,102.678437,729
seq00_static_2850k.ply,2850000,FEC1,0,2850000,2,1168.276432,379.316521,588.082939,49.315618,95.561135,729
seq00_static_2850k.ply,2850000,FEC1,0,2850000,3,1196.507493,383.000674,602.676753,50.278593,105.178704,729
seq00_static_2850k.ply,2850000,FEC1,0,2850000,4,1171.602436,383.564858,590.488933,48.609207,95.416277,729
seq00_static_2850k.ply,2850000,FEC1,0,2850000,5,1192.289363,375.807351,598.718044,49.572746,114.383100,729
seq00_static_2850k.ply,2850000,FEC1,0,2850000,6,1245.890368,409.808894,628.795088,52.034618,97.219024,729
seq00_static_2850k.ply,2850000,FEC1,0,2850000,7,1336.171093,418.571510,679.819615,57.639248,114.522835,729
seq00_static_2850k.ply,2850000,FECunion,0,2850000,1,1124.608639,407.058182,602.510250,30.103990,14.356317,729
seq00_static_2850k.ply,2850000,FECunion,0,2850000,2,1123.630464,403.367870,604.032259,29.966378,14.870153,729
seq00_static_2850k.ply,2850000,FECunion,0,2850000,3,1147.078410,416.505800,612.492087,30.094397,14.398018,729
seq00_static_2850k.ply,2850000,FECunion,0,2850000,4,1138.152875,408.269459,609.101253,30.188628,14.801522,729
seq00_static_2850k.ply,2850000,FECunion,0,2850000,5,1137.069181,418.705468,602.923990,29.770473,14.109967,729
seq00_static_2850k.ply,2850000,FECunion,0,2850000,6,1115.453502,402.214199,596.111709,28.901744,13.926287,729
seq00_static_2850k.ply,2850000,FECunion,0,2850000,7,1130.217997,404.512812,608.428296,29.707674,14.054004,729
seq00_static_2850k.ply,2850000,FEC,50,2850000,1,23330.965068,397.302541,1120.383026,21647.146676,114.055891,729
seq00_static_2850k.ply,2850000,FEC,50,2850000,2,23352.799711,404.300970,1153.336327,21629.014118,113.685524,729
seq00_static_2850k.ply,2850000,FEC,50,2850000,3,24021.507854,411.849575,1157.134871,22293.214337,111.225515,729
seq00_static_2850k.ply,2850000,FEC,50,2850000,4,23405.066764,408.771001,1144.402169,21687.752241,114.754192,729
seq00_static_2850k.ply,2850000,FEC,50,2850000,5,23760.446415,407.584778,1148.255694,22036.379192,119.057893,729
seq00_static_2850k.ply,2850000,FEC,50,2850000,6,23078.020719,402.345467,1113.183599,21401.068743,110.977457,729
seq00_static_2850k.ply,2850000,FEC,50,2850000,7,23621.688668,387.005264,1141.649500,21933.160160,115.967723,729
seq00_static_2850k.ply,2850000,FEC1,50,2850000,1,1207.693485,411.965594,596.131655,48.882449,96.011941,729
seq00_static_2850k.ply,2850000,FEC1,50,2850000,2,1214.880036,398.442822,600.451712,50.637010,109.186365,729
seq00_static_2850k.ply,2850000,FEC1,50,2850000,3,1201.784022,409.584360,593.714215,49.328945,95.854023,729
seq00_static_2850k.ply,2850000,FEC1,50,2850000,4,1187.258249,395.653845,585.321687,48.682595,104.716020,729
seq00_static_2850k.ply,2850000,FEC1,50,2850000,5,1185.847946,398.275941,586.864735,49.272841,97.476034,729
seq00_static_2850k.ply,2850000,FEC1,50,2850000,6,1202.523681,393.327068,597.872624,49.709726,107.466885,729
seq00_static_2850k.ply,2850000,FEC1,50,2850000,7,1182.147069,398.875028,584.626965,49.221110,95.909077,729
seq00_static_2850k.ply,2850000,FECunion,50,2850000,1,1062.306067,390.908255,562.620701,28.801500,13.990460,729
seq00_static_2850k.ply,2850000,FECunion,50,2850000,2,1090.146469,392.714617,583.596200,28.737978,14.275832,729
seq00_static_2850k.ply,2850000,FECunion,50,2850000,3,1066.622714,389.942492,567.605701,28.587484,13.996251,729
seq00_static_2850k.ply,2850000,FECunion,50,2850000,4,1094.312091,392.898467,585.811509,29.058305,14.070522,729
seq00_static_2850k.ply,2850000,FECunion,50,2850000,5,1068.475403,387.576713,570.382318,28.864004,13.915411,729
seq00_static_2850k.ply,2850000,FECunion,50,2850000,6,1115.298791,393.284122,604.078159,29.402683,14.776172,729
seq00_static_2850k.ply,2850000,FECunion,50,2850000,7,1136.752722,443.752174,579.129671,29.334149,14.346835,729
seq00_static_2900k.ply,2900000,FEC,0,2900000,1,23257.065316,409.597197,1182.800166,21474.708376,108.336710,738
seq00_static_2900k.ply,2900000,FEC,0,2900000,2,23273.775682,422.412946,1136.660079,21512.487894,119.958763,738
seq00_static_2900k.ply,2900000,FEC,0,2900000,3,23018.649446,421.214320,1139.813208,21263.772267,113.910850,738
seq00_static_2900k.ply,2900000,FEC,0,2900000,4,23244.241593,418.795001,1237.734806,21392.925298,117.143582,738
seq00_static_2900k.ply,2900000,FEC,0,2900000,5,23499.802063,442.819218,1212.673171,21658.984912,114.497271,738
seq00_static_2900k.ply,2900000,FEC,0,2900000,6,20997.691614,405.839425,1063.492814,19361.498831,101.358853,738
seq00_static_2900k.ply,2900000,FEC,0,2900000,7,22505.959026,343.700109,1138.739376,20834.187760,119.009410,738
seq00_static_2900k.ply,2900000,FEC1,0,2900000,1,1270.724170,411.904596,635.155871,52.452093,112.479079,738
seq00_static_2900k.ply,2900000,FEC1,0,2900000,2,1267.075022,423.874038,632.485424,51.899462,101.608587,738
seq00_static_2900k.ply,2900000,FEC1,0,2900000,3,1285.665500,409.349038,650.389931,53.604158,111.134571,738
seq00_static_2900k.ply,2900000,FEC1,0,2900000,4,1274.088461,419.034975,641.936772,52.725389,101.128301,738
seq00_static_2900k.ply,2900000,FEC1,0,2900000,5,1280.453705,411.387960,642.644843,53.014835,112.674884,738
seq00_static_2900k.ply,2900000,FEC1,0,2900000,6,1263.901204,416.889003,635.870818,52.140552,100.240980,738
seq00_static_2900k.ply,2900000,FEC1,0,2900000,7,1302.202177,416.326531,657.314016,54.591532,112.176590,738
seq00_static_2900k.ply,2900000,FECunion,0,2900000,1,1153.756197,415.269782,617.642699,30.672848,14.611711,738
seq00_static_2900k.ply,2900000,FECunion,0,2900000,2,1191.051055,415.593023,650.478863,31.294161,14.770395,738
seq00_static_2900k.ply,2900000,FECunion,0,2900000,3,1161.647384,415.147817,626.227029,30.742905,14.904777,738
seq00_static_2900k.ply,2900000,FECunion,0,2900000,4,1158.523459,415.594953,625.189920,30.957385,15.123419,738
seq00_static_2900k.ply,2900000,FECunion,0,2900000,5,1143.307652,417.909348,610.790153,30.699995,14.952665,738
seq00_static_2900k.ply,2900000,FECunion,0,2900000,6,1150.046609,415.251679,616.190210,30.798213,14.775171,738
seq00_static_2900k.ply,2900000,FECunion,0,2900000,7,1169.178913,424.944147,625.433186,31.077377,14.840772,738
seq00_static_2900k.ply,2900000,FEC,50,2900000,1,22874.775175,408.139401,1095.765967,21202.553895,108.232420,738
seq00_static_2900k.ply,2900000,FEC,50,2900000,2,23079.426334,390.549105,1191.284259,21317.955399,108.288718,738
seq00_static_2900k.ply,2900000,FEC,50,2900000,3,22808.359768,390.731801,1078.479625,21192.734875,103.383575,738
seq00_static_2900k.ply,2900000,FEC,50,2900000,4,23523.232425,372.311571,1140.638793,21842.500478,116.385315,738
seq00_static_2900k.ply,2900000,FEC,50,2900000,5,24372.279899,426.111959,1197.162358,22599.719126,109.108179,738
seq00_static_2900k.ply,2900000,FEC,50,2900000,6,22410.550802,388.756069,1124.772172,20723.866984,115.815777,738
seq00_static_2900k.ply,2900000,FEC,50,2900000,7,23189.512414,419.496869,1136.029311,21472.592893,110.689915,738
seq00_static_2900k.ply,2900000,FEC1,50,2900000,1,1230.548167,387.060301,634.150817,53.239223,95.490209,738
seq00_static_2900k.ply,2900000,FEC1,50,2900000,2,1197.749958,397.955972,590.057976,49.077469,105.944267,738
seq00_static_2900k.ply,2900000,FEC1,50,2900000,3,1170.050788,393.252960,582.829580,48.415978,92.069991,738
seq00_static_2900k.ply,2900000,FEC1,50,2900000,4,1212.500770,398.419575,601.687763,50.011981,107.061092,738
seq00_static_2900k.ply,2900000,FEC1,50,2900000,5,1174.323442,395.376400,582.548724,48.225369,94.455696,738
seq00_static_2900k.ply,2900000,FEC1,50,2900000,6,1232.722412,392.620215,622.799313,52.591701,105.515710,738
seq00_static_2900k.ply,2900000,FEC1,50,2900000,7,1234.987647,395.478341,627.646924,52.828059,100.945157,738
seq00_static_2900k.ply,2900000,FECunion,50,2900000,1,1154.305469,419.427012,613.476353,31.278359,14.736216,738
seq00_static_2900k.ply,2900000,FECunion,50,2900000,2,1190.436505,429.664165,635.905001,30.693460,15.808758,738
seq00_static_2900k.ply,2900000,FECunion,50,2900000,3,1189.967897,419.182417,642.928398,30.774515,15.094276,738
seq00_static_2900k.ply,2900000,FECunion,50,2900000,4,1152.279137,424.973955,607.920907,30.641656,15.071123,738
seq00_static_2900k.ply,2900000,FECunion,50,2900000,5,1193.291421,421.941780,644.739011,30.889472,15.287974,738
seq00_static_2900k.ply,2900000,FECunion,50,2900000,6,1171.639813,423.640994,626.528348,30.820975,15.051207,738
seq00_static_2900k.ply,2900000,FECunion,50,2900000,7,1180.854473,421.676921,637.012086,30.725762,14.897732,738
seq00_static_2950k.ply,2950000,FEC,0,2950000,1,24423.513736,431.523454,1056.351074,22723.840832,117.596184,742
seq00_static_2950k.ply,2950000,FEC,0,2950000,2,24066.218141,423.797751,1212.190655,22244.872659,112.849542,742
seq00_static_2950k.ply,2950000,FEC,0,2950000,3,23561.918329,402.491733,1184.372338,21796.562541,115.059236,742
seq00_static_2950k.ply,2950000,FEC,0,2950000,4,23534.076945,402.618737,1227.125545,21714.878363,118.390951,742
seq00_static_2950k.ply,2950000,FEC,0,2950000,5,24170.968108,427.254191,1181.045826,22380.034231,112.892262,742
seq00_static_2950k.ply,2950000,FEC,0,2950000,6,21904.078146,389.258513,1103.507997,20237.120020,108.057196,742
seq00_static_2950k.ply,2950000,FEC,0,2950000,7,22582.579393,400.877104,1149.478248,20836.014204,119.950678,742
seq00_static_2950k.ply,2950000,FEC1,0,2950000,1,1271.640739,418.477449,637.685626,53.067721,103.161179,742
seq00_static_2950k.ply,2950000,FEC1,0,2950000,2,1354.371913,443.150343,676.331854,56.318977,114.151824,742
seq00_static_2950k.ply,2950000,FEC1,0,2950000,3,1297.594819,423.087722,654.470995,54.236603,103.774402,742
seq00_static_2950k.ply,2950000,FEC1,0,2950000,4,1320.985013,419.756107,670.965893,55.894604,110.826247,742
seq00_static_2950k.ply,2950000,FEC1,0,2950000,5,1303.023694,440.704735,644.955555,53.914310,102.902780,742
seq00_static_2950k.ply,2950000,FEC1,0,2950000,6,1316.328193,429.856088,653.881131,54.261394,112.004039,742
seq00_static_2950k.ply,2950000,FEC1,0,2950000,7,1257.360844,411.433782,631.687743,51.702598,104.926879,742
seq00_static_2950k.ply,2950000,FECunion,0,2950000,1,1201.471887,429.476198,633.920123,30.154199,14.450155,742
seq00_static_2950k.ply,2950000,FECunion,0,2950000,2,1164.999278,418.445387,624.712379,30.615791,15.530816,742
seq00_static_2950k.ply,2950000,FECunion,0,2950000,3,1126.159056,410.097154,601.110830,29.127664,13.551092,742
seq00_static_2950k.ply,2950000,FECunion,0,2950000,4,1082.002014,387.482843,584.760938,29.070472,14.290809,742
seq00_static_2950k.ply,2950000,FECunion,0,2950000,5,1110.025330,392.875330,601.829343,28.959509,13.957025,742
seq00_static_2950k.ply,2950000,FECunion,0,2950000,6,1093.192131,398.236250,584.642467,28.953795,14.082171,742
seq00_static_2950k.ply,2950000,FECunion,0,2950000,7,1094.772936,394.293777,588.002087,29.288337,14.928144,742
seq00_static_2950k.ply,2950000,FEC,50,2950000,1,25031.124425,405.749456,1246.902807,23221.372039,116.357718,742
seq00_static_2950k.ply,2950000,FEC,50,2950000,2,24605.534909,408.434684,1183.819974,22849.952747,121.725936,742
seq00_static_2950k.ply,2950000,FEC,50,2950000,3,25221.162271,418.957845,1224.920577,23419.299151,112.070904,742
seq00_static_2950k.ply,2950000,FEC,50,2950000,4,24686.007010,407.236832,1177.833288,22939.282448,115.850045,742
seq00_static_2950k.ply,2950000,FEC,50,2950000,5,25090.072550,406.862489,1194.258223,23323.626958,117.867953,742
seq00_static_2950k.ply,2950000,FEC,50,2950000,6,24622.903448,399.416595,1169.562145,22887.243928,116.214652,742
seq00_static_2950k.ply,2950000,FEC,50,2950000,7,24507.179755,417.782191,1187.574744,22730.818082,121.522262,742
seq00_static_2950k.ply,2950000,FEC1,50,2950000,1,1278.564776,427.147742,627.613148,51.493830,115.103734,742
seq00_static_2950k.ply,2950000,FEC1,50,2950000,2,1257.353528,422.747114,624.411558,50.876413,103.458185,742
seq00_static_2950k.ply,2950000,FEC1,50,2950000,3,1313.614935,415.772041,670.011385,56.148078,104.962224,742
seq00_static_2950k.ply,2950000,FEC1,50,2950000,4,1206.203451,416.724678,591.228682,48.804029,96.095434,742
seq00_static_2950k.ply,2950000,FEC1,50,2950000,5,1242.199081,400.258831,623.971139,51.553513,110.134490,742
seq00_static_2950k.ply,2950000,FEC1,50,2950000,6,1251.220906,424.841416,618.056981,51.243445,99.686205,742
seq00_static_2950k.ply,2950000,FEC1,50,2950000,7,1252.934778,408.994390,621.687996,50.745176,115.085294,742
seq00_static_2950k.ply,2950000,FECunion,50,2950000,1,1131.209140,421.620859,593.351907,30.717748,14.474369,742
seq00_static_2950k.ply,2950000,FECunion,50,2950000,2,1115.609571,406.181165,592.988701,31.119748,16.386942,742
seq00_static_2950k.ply,2950000,FECunion,50,2950000,3,1137.989889,421.167073,601.722194,30.146373,13.705698,742
seq00_static_2950k.ply,2950000,FECunion,50,2950000,4,1066.360303,392.533221,562.354990,28.742212,14.926605,742
seq00_static_2950k.ply,2950000,FECunion,50,2950000,5,1113.486470,401.266452,596.008417,30.340682,14.446989,742
seq00_static_2950k.ply,2950000,FECunion,50,2950000,6,1115.320341,407.715514,592.567618,30.379127,14.525659,742
seq00_static_2950k.ply,2950000,FECunion,50,2950000,7,1153.270586,423.118738,609.289320,30.350118,15.015841,742
seq00_static_3M.ply,3000000,FEC,0,3000000,1,25943.594407,424.087594,1220.578386,24129.715807,121.945277,761
seq00_static_3M.ply,3000000,FEC,0,3000000,2,25718.595024,439.090045,1204.198804,23899.644268,122.299890,761
seq00_static_3M.ply,3000000,FEC,0,3000000,3,25354.099990,423.271587,1183.281762,23581.351340,118.617203,761
seq00_static_3M.ply,3000000,FEC,0,3000000,4,25148.950535,407.969830,1164.909936,23422.946444,104.251321,761
seq00_static_3M.ply,3000000,FEC,0,3000000,5,24264.664377,368.954977,1151.641352,22570.872871,124.147933,761
seq00_static_3M.ply,3000000,FEC,0,3000000,6,26524.608976,433.302526,1286.962655,24632.748902,116.666807,761
seq00_static_3M.ply,3000000,FEC,0,3000000,7,24899.114672,411.084157,1202.073745,23131.265263,114.413849,761
seq00_static_3M.ply,3000000,FEC1,0,3000000,1,1249.065590,399.808086,629.844618,51.593037,111.585760,761
seq00_static_3M.ply,3000000,FEC1,0,3000000,2,1217.831494,398.498082,616.346718,50.115478,99.665347,761
seq00_static_3M.ply,3000000,FEC1,0,3000000,3,1262.017598,399.145711,641.011192,52.163975,113.468660,761
seq00_static_3M.ply,3000000,FEC1,0,3000000,4,1218.386225,397.740722,618.370559,50.594002,97.245870,761
seq00_static_3M.ply,3000000,FEC1,0,3000000,5,1234.241489,397.770983,619.804382,50.523187,112.323793,761
seq00_static_3M.ply,3000000,FEC1,0,3000000,6,1302.913365,420.567055,661.513027,53.916194,107.994333,761
seq00_static_3M.ply,3000000,FEC1,0,3000000,7,1332.872245,430.685922,669.260557,55.343914,117.456070,761
seq00_static_3M.ply,3000000,FECunion,0,3000000,1,1182.955887,424.177766,637.540889,31.723227,16.347403,761
seq00_static_3M.ply,3000000,FECunion,0,3000000,2,1202.152166,431.787661,647.704440,31.678858,15.252124,761
seq00_static_3M.ply,3000000,FECunion,0,3000000,3,1188.153899,426.837065,640.374741,32.197113,15.083997,761
seq00_static_3M.ply,3000000,FECunion,0,3000000,4,1229.065587,433.823684,655.786081,32.081874,15.198657,761
seq00_static_3M.ply,3000000,FECunion,0,3000000,5,1132.369155,419.622059,596.878533,30.185227,17.002460,761
seq00_static_3M.ply,3000000,FECunion,0,3000000,6,1196.371808,426.456137,634.928637,30.597123,14.899676,761
seq00_static_3M.ply,3000000,FECunion,0,3000000,7,1141.780660,414.387821,611.329491,31.127751,16.026384,761
seq00_static_3M.ply,3000000,FEC,50,3000000,1,25879.213237,417.152738,1224.964783,24070.280318,120.421299,761
seq00_static_3M.ply,3000000,FEC,50,3000000,2,25137.651667,430.425830,1186.560675,23359.409942,118.518345,761
seq00_static_3M.ply,3000000,FEC,50,3000000,3,26308.243590,429.631029,1218.029785,24498.288593,114.040242,761
seq00_static_3M.ply,3000000,FEC,50,3000000,4,25701.132527,424.605926,1211.235776,23905.016333,117.334999,761
seq00_static_3M.ply,3000000,FEC,50,3000000,5,26001.779033,414.261947,1182.720191,24232.467071,117.676259,761
seq00_static_3M.ply,3000000,FEC,50,3000000,6,26175.746444,422.838638,1205.658385,24383.275536,118.453129,761
seq00_static_3M.ply,3000000,FEC,50,3000000,7,25789.978427,423.841177,1176.597376,24013.687759,121.671215,761
seq00_static_3M.ply,3000000,FEC1,50,3000000,1,1301.776939,445.595378,640.987634,52.676649,105.185206,761
seq00_static_3M.ply,3000000,FEC1,50,3000000,2,1321.484977,434.319816,650.327793,53.588451,124.643965,761
seq00_static_3M.ply,3000000,FEC1,50,3000000,3,1287.032203,431.780216,639.766228,53.311105,103.858498,761
seq00_static_3M.ply,3000000,FEC1,50,3000000,4,1318.926240,426.724847,660.255099,55.299457,116.215662,761
seq00_static_3M.ply,3000000,FEC1,50,3000000,5,1304.536588,431.797961,651.652532,54.646752,106.237012,761
seq00_static_3M.ply,3000000,FEC1,50,3000000,6,1319.406580,433.408500,654.826667,53.883553,116.910738,761
seq00_static_3M.ply,3000000,FEC1,50,3000000,7,1288.702535,432.923437,627.848148,51.843017,117.306785,761
seq00_static_3M.ply,3000000,FECunion,50,3000000,1,1180.922990,426.652157,631.652631,31.833651,15.148795,761
seq00_static_3M.ply,3000000,FECunion,50,3000000,2,1169.526508,436.619286,615.564564,31.761384,15.187803,761
seq00_static_3M.ply,3000000,FECunion,50,3000000,3,1195.776515,434.021931,639.426182,31.765355,16.076208,761
seq00_static_3M.ply,3000000,FECunion,50,3000000,4,1165.030983,432.973245,613.663384,32.105356,15.149771,761
seq00_static_3M.ply,3000000,FECunion,50,3000000,5,1129.084476,417.199811,595.622332,29.443743,16.002984,761
seq00_static_3M.ply,3000000,FECunion,50,3000000,6,1146.475122,405.929627,621.632064,30.440817,14.970490,761
seq00_static_3M.ply,3000000,FECunion,50,3000000,7,1149.130627,416.016894,612.990278,31.115833,14.752236,761
