sequence,frame_id,raw_points,removed_ground_points,nonground_points,algorithm,csf_ms,cluster_ms,total_ms,cluster_fps,total_fps,clusters
00,000000,124668,82014,42654,FECunion,84.147155,12.005155,96.152310,83.297550,10.400166,40
00,000001,124605,80525,44080,FECunion,70.214319,12.418879,82.633198,80.522566,12.101674,35
00,000002,124478,80250,44228,FECunion,66.545307,12.221753,78.767060,81.821323,12.695662,38
00,000003,124167,77819,46348,FECunion,54.155013,12.730015,66.885028,78.554503,14.951029,42
00,000004,123969,77729,46240,FECunion,53.883663,12.344395,66.228058,81.008425,15.099341,32
00,000005,123924,77161,46763,FECunion,48.887366,12.545909,61.433275,79.707258,16.277823,33
00,000006,123373,73312,50061,FECunion,40.985819,13.269183,54.255002,75.362590,18.431480,34
00,000007,122765,75808,46957,FECunion,38.554995,12.618331,51.173326,79.249784,19.541431,31
00,000008,122123,72661,49462,FECunion,34.189031,13.697074,47.886105,73.008294,20.882885,33
00,000009,121357,70969,50388,FECunion,41.562585,13.102153,54.664738,76.323334,18.293328,34
00,000010,121018,70158,50860,FECunion,34.997945,13.076865,48.074810,76.470928,20.800914,38
00,000011,120945,67417,53528,FECunion,34.774047,14.395938,49.169985,69.464039,20.337610,35
00,000012,120503,67520,52983,FECunion,34.579674,14.430653,49.010327,69.296933,20.403863,39
00,000013,120295,66724,53571,FECunion,56.904785,14.609893,71.514678,68.446771,13.983143,31
00,000014,120406,66320,54086,FECunion,67.547422,14.145885,81.693307,70.691936,12.240905,35
00,000015,121023,68474,52549,FECunion,57.322187,14.261385,71.583572,70.119417,13.969686,35
00,000016,121842,69614,52228,FECunion,49.674453,14.570186,64.244639,68.633304,15.565501,34
00,000017,123107,73099,50008,FECunion,61.687388,13.875236,75.562624,72.070846,13.234056,36
00,000018,123940,74162,49778,FECunion,67.343469,13.375337,80.718806,74.764471,12.388687,38
00,000019,124301,74889,49412,FECunion,86.133493,13.636392,99.769885,73.333181,10.023065,39
00,000020,124553,75689,48864,FECunion,74.784420,13.671080,88.455500,73.147111,11.305120,40
00,000021,124656,74220,50436,FECunion,123.392728,14.325825,137.718553,69.804008,7.261186,37
00,000022,124644,73075,51569,FECunion,111.987808,14.138406,126.126214,70.729331,7.928566,40
00,000023,124526,73284,51242,FECunion,70.060441,13.846912,83.907353,72.218268,11.917907,39
00,000024,124520,70154,54366,FECunion,88.560743,18.886471,107.447214,52.947954,9.306896,41
00,000025,124600,74036,50564,FECunion,73.127419,14.025878,87.153297,71.296784,11.474035,33
00,000026,124550,69784,54766,FECunion,66.964393,15.167465,82.131858,65.930596,12.175543,37
00,000027,124242,71079,53163,FECunion,62.225272,14.571240,76.796512,68.628339,13.021425,38
00,000028,124163,65827,58336,FECunion,140.055877,16.312917,156.368794,61.301115,6.395138,38
00,000029,124018,68430,55588,FECunion,66.340495,15.048567,81.389062,66.451510,12.286663,33
00,000030,124134,66146,57988,FECunion,48.532953,16.359429,64.892382,61.126828,15.410129,31
00,000031,124140,63614,60526,FECunion,44.858404,16.367269,61.225673,61.097548,16.333018,30
00,000032,123932,58837,65095,FECunion,69.735967,17.387348,87.123315,57.513084,11.477984,33
00,000033,123826,71147,52679,FECunion,62.825618,14.137181,76.962799,70.735460,12.993290,29
00,000034,123502,71331,52171,FECunion,39.924073,13.796239,53.720312,72.483523,18.614933,37
00,000035,123006,68832,54174,FECunion,41.987392,15.221652,57.209044,65.695892,17.479754,36
00,000036,122749,61576,61173,FECunion,53.964698,16.012035,69.976733,62.453024,14.290464,37
00,000037,122379,68644,53735,FECunion,43.762157,14.353793,58.115950,69.667996,17.206980,34
00,000038,121738,68090,53648,FECunion,47.722037,14.429267,62.151304,69.303590,16.089767,39
00,000039,121497,67306,54191,FECunion,52.988590,16.358023,69.346613,61.132082,14.420315,35
00,000040,121148,69786,51362,FECunion,48.345634,14.054790,62.400424,71.150120,16.025532,34
00,000041,120359,64722,55637,FECunion,43.189539,14.778757,57.968296,67.664689,17.250809,36
00,000042,119454,67757,51697,FECunion,34.869097,13.567695,48.436792,73.704487,20.645463,33
00,000043,118399,62688,55711,FECunion,28.149440,14.672383,42.821823,68.155255,23.352579,32
00,000044,116881,61290,55591,FECunion,38.319212,14.539034,52.858246,68.780361,18.918524,31
00,000045,114496,61115,53381,FECunion,41.698066,14.253598,55.951664,70.157724,17.872569,25
00,000046,113139,57332,55807,FECunion,54.538652,15.011180,69.549832,66.617015,14.378180,29
00,000047,113810,55248,58562,FECunion,56.171496,15.587739,71.759235,64.152986,13.935489,31
00,000048,115974,59752,56222,FECunion,53.360979,15.436086,68.797065,64.783262,14.535504,29
00,000049,117156,61324,55832,FECunion,61.450121,15.110206,76.560327,66.180435,13.061595,31
00,000050,118636,59202,59434,FECunion,74.463443,15.932909,90.396352,62.763178,11.062393,31
00,000051,119830,65683,54147,FECunion,53.241223,14.640269,67.881492,68.304756,14.731556,32
00,000052,120796,54500,66296,FECunion,155.893813,17.639078,173.532891,56.692306,5.762596,34
00,000053,121891,67655,54236,FECunion,62.945671,14.640259,77.585930,68.304803,12.888935,31
00,000054,122639,66380,56259,FECunion,68.383876,15.967538,84.351414,62.627062,11.855166,30
00,000055,123343,59686,63657,FECunion,198.880096,17.443175,216.323271,57.329013,4.622711,37
00,000056,123232,55080,68152,FECunion,224.720597,18.036645,242.757242,55.442683,4.119342,37
00,000057,123130,55311,67819,FECunion,277.068753,18.169750,295.238503,55.036530,3.387092,39
00,000058,122929,57305,65624,FECunion,368.941712,17.550002,386.491714,56.980050,2.587378,42
00,000059,122703,49373,73330,FECunion,271.573659,20.772162,292.345821,48.141354,3.420606,41
00,000060,122569,56260,66309,FECunion,251.330229,19.247161,270.577390,51.955714,3.695800,36
00,000061,122161,51238,70923,FECunion,323.635043,18.973402,342.608445,52.705361,2.918784,43
00,000062,121732,68804,52928,FECunion,76.952113,14.103840,91.055953,70.902676,10.982258,36
00,000063,120696,69019,51677,FECunion,101.322884,13.953593,115.276477,71.666129,8.674797,36
00,000064,120938,62621,58317,FECunion,83.060092,15.802264,98.862356,63.282071,10.115074,29
00,000065,121051,64116,56935,FECunion,84.099877,15.539462,99.639339,64.352292,10.036197,30
00,000066,121199,59055,62144,FECunion,182.821173,17.701169,200.522342,56.493444,4.986975,34
00,000067,121116,49970,71146,FECunion,143.141223,18.601716,161.742939,53.758481,6.182650,37
00,000068,121081,49956,71125,FECunion,184.613459,18.761694,203.375153,53.300091,4.917022,37
00,000069,121097,68357,52740,FECunion,65.656453,13.856601,79.513054,72.167770,12.576551,30
00,000070,120793,67553,53240,FECunion,43.919411,14.605272,58.524683,68.468427,17.086808,31
00,000071,120492,67617,52875,FECunion,57.057390,13.814282,70.871672,72.388851,14.110010,28
00,000072,120282,60045,60237,FECunion,85.912761,16.260662,102.173423,61.498111,9.787281,34
00,000073,120036,68403,51633,FECunion,30.634530,14.001529,44.636059,71.420771,22.403412,27
00,000074,119747,59332,60415,FECunion,69.908197,15.902095,85.810292,62.884796,11.653614,32
00,000075,119053,67073,51980,FECunion,35.373765,14.001493,49.375258,71.420955,20.253059,32
00,000076,118742,66752,51990,FECunion,55.380733,13.411304,68.792037,74.563965,14.536566,39
00,000077,118174,58761,59413,FECunion,67.709030,15.749236,83.458266,63.495144,11.982037,37
00,000078,117478,55650,61828,FECunion,55.684122,16.221912,71.906034,61.645014,13.907039,32
00,000079,117445,66741,50704,FECunion,33.757785,13.433616,47.191401,74.440121,21.190301,36
00,000080,117412,60895,56517,FECunion,103.775902,15.168572,118.944474,65.925784,8.407284,36
00,000081,117740,60457,57283,FECunion,109.914372,15.296516,125.210888,65.374364,7.986526,41
00,000082,117977,62469,55508,FECunion,108.322990,14.858796,123.181786,67.300204,8.118083,36
00,000083,118573,67032,51541,FECunion,31.658677,13.750402,45.409079,72.725147,22.022028,36
00,000084,119351,61112,58239,FECunion,48.081927,16.505176,64.587103,60.587055,15.482967,37
00,000085,119125,63309,55816,FECunion,44.888375,15.406172,60.294547,64.909051,16.585248,41
00,000086,119352,61157,58195,FECunion,150.782895,15.773831,166.556726,63.396140,6.003960,38
00,000087,119815,67141,52674,FECunion,56.320148,14.188982,70.509130,70.477220,14.182560,36
00,000088,120067,61611,58456,FECunion,68.546391,16.158726,84.705117,61.886067,11.805662,39
00,000089,120549,55554,64995,FECunion,222.819330,18.207646,241.026976,54.921982,4.148913,35
00,000090,120965,63574,57391,FECunion,76.950087,15.974287,92.924374,62.600603,10.761439,33
00,000091,121333,61427,59906,FECunion,91.737601,16.729417,108.467018,59.774946,9.219392,35
00,000092,121500,71322,50178,FECunion,87.487946,14.062354,101.550300,71.111849,9.847337,33
00,000093,121595,65993,55602,FECunion,75.946332,15.676784,91.623116,63.788593,10.914276,34
00,000094,121618,65796,55822,FECunion,77.345006,15.335612,92.680618,65.207701,10.789742,36
00,000095,121671,67417,54254,FECunion,75.275336,15.767629,91.042965,63.421076,10.983825,37
00,000096,121760,68570,53190,FECunion,92.538497,14.796685,107.335182,67.582705,9.316610,33
00,000097,121951,67909,54042,FECunion,118.886119,15.413199,134.299318,64.879458,7.446054,34
00,000098,122234,69023,53211,FECunion,99.354509,15.506090,114.860599,64.490790,8.706206,37
00,000099,122492,71997,50495,FECunion,126.859832,14.540672,141.400504,68.772612,7.072111,39
01,000000,122829,102327,20502,FECunion,121.773394,8.364709,130.138103,119.549885,7.684145,12
01,000001,122766,102606,20160,FECunion,110.005975,8.073114,118.079089,123.867940,8.468900,12
01,000002,122724,103733,18991,FECunion,97.799619,7.866847,105.666466,127.115730,9.463740,10
01,000003,122780,104347,18433,FECunion,135.239679,7.758951,142.998630,128.883402,6.993074,13
01,000004,122755,104762,17993,FECunion,107.074785,8.078792,115.153577,123.780882,8.684055,13
01,000005,122901,105237,17664,FECunion,117.963106,7.429573,125.392679,134.597237,7.974947,7
01,000006,122768,105445,17323,FECunion,105.239247,9.012041,114.251288,110.962655,8.752637,6
01,000007,122826,105845,16981,FECunion,115.469434,7.147113,122.616547,139.916635,8.155506,8
01,000008,122447,105657,16790,FECunion,120.573124,7.206590,127.779714,138.761883,7.825968,6
01,000009,122330,106200,16130,FECunion,115.119878,7.057516,122.177394,141.692913,8.184820,6
01,000010,122208,106530,15678,FECunion,111.965857,6.686139,118.651996,149.563148,8.428008,5
01,000011,122044,106816,15228,FECunion,147.643504,6.634335,154.277839,150.731008,6.481812,6
01,000012,122164,106795,15369,FECunion,142.764630,6.798478,149.563108,147.091746,6.686141,5
01,000013,122179,107437,14742,FECunion,128.856636,6.438528,135.295164,155.315004,7.391247,4
01,000014,122104,107510,14594,FECunion,115.519258,6.477114,121.996372,154.389748,8.196965,3
01,000015,122230,107796,14434,FECunion,107.002996,6.402660,113.405656,156.185086,8.817902,2
01,000016,122258,108176,14082,FECunion,129.364996,7.612279,136.977275,131.366704,7.300481,1
01,000017,122223,107264,14959,FECunion,109.771209,6.827998,116.599207,146.455813,8.576388,4
01,000018,122460,108097,14363,FECunion,128.115635,6.642868,134.758503,150.537388,7.420682,1
01,000019,122383,107701,14682,FECunion,109.897075,6.743396,116.640471,148.293234,8.573354,3
01,000020,122380,107735,14645,FECunion,103.659363,6.812028,110.471391,146.799162,9.052117,3
01,000021,122353,107518,14835,FECunion,115.876558,6.724973,122.601531,148.699482,8.156505,3
01,000022,122449,107888,14561,FECunion,130.924830,6.779933,137.704763,147.494083,7.261913,3
01,000023,122574,107684,14890,FECunion,130.229199,6.964722,137.193921,143.580749,7.288953,5
01,000024,122729,107862,14867,FECunion,149.632657,6.769606,156.402263,147.719084,6.393769,4
01,000025,122850,108092,14758,FECunion,127.911842,6.890288,134.802130,145.131815,7.418280,3
01,000026,122807,106328,16479,FECunion,138.311267,7.507140,145.818407,133.206521,6.857845,4
01,000027,122986,106317,16669,FECunion,121.923574,7.496674,129.420248,133.392488,7.726766,7
01,000028,123035,105984,17051,FECunion,89.995442,7.646117,97.641559,130.785338,10.241541,7
01,000029,122930,105525,17405,FECunion,96.764963,7.963095,104.728058,125.579313,9.548540,6
01,000030,122859,105545,17314,FECunion,106.236156,7.826147,114.062303,127.776797,8.767138,6
01,000031,123000,105595,17405,FECunion,129.980196,8.591761,138.571957,116.390575,7.216467,4
01,000032,123166,106131,17035,FECunion,157.284283,7.836421,165.120704,127.609275,6.056176,5
01,000033,123170,105791,17379,FECunion,157.064666,7.951663,165.016329,125.759857,6.060006,5
01,000034,123128,103735,19393,FECunion,148.234251,8.351353,156.585604,119.741077,6.386283,3
01,000035,123037,107937,15100,FECunion,108.847664,7.239554,116.087218,138.130056,8.614213,3
01,000036,123005,104369,18636,FECunion,87.618445,7.770252,95.388697,128.695955,10.483422,6
01,000037,123045,103678,19367,FECunion,99.402421,8.588892,107.991313,116.429453,9.260004,4
01,000038,122948,106858,16090,FECunion,97.508265,7.309558,104.817823,136.807178,9.540362,6
01,000039,122833,104234,18599,FECunion,142.825818,7.936991,150.762809,125.992331,6.632936,6
01,000040,122512,106211,16301,FECunion,132.487489,7.613187,140.100676,131.351036,7.137724,3
01,000041,122216,101564,20652,FECunion,95.878700,8.753039,104.631739,114.246035,9.557329,6
01,000042,122000,104243,17757,FECunion,137.755520,8.139705,145.895225,122.854575,6.854234,7
01,000043,121735,103983,17752,FECunion,119.230985,7.955573,127.186558,125.698048,7.862466,8
01,000044,121540,102599,18941,FECunion,110.687667,7.958463,118.646130,125.652403,8.428425,12
01,000045,121415,103393,18022,FECunion,107.615390,7.939636,115.555026,125.950358,8.653886,11
01,000046,121284,103149,18135,FECunion,85.422583,7.803932,93.226515,128.140532,10.726562,13
01,000047,121071,101924,19147,FECunion,72.066557,8.255212,80.321769,121.135593,12.449925,15
01,000048,120884,102097,18787,FECunion,86.767932,7.829536,94.597468,127.721489,10.571107,10
01,000049,120756,100763,19993,FECunion,94.445980,8.040865,102.486845,124.364729,9.757350,16
01,000050,120711,98758,21953,FECunion,89.230492,8.523393,97.753885,117.324169,10.229772,16
01,000051,120714,99678,21036,FECunion,90.610349,8.288955,98.899304,120.642469,10.111295,14
01,000052,120576,99336,21240,FECunion,159.081357,8.567941,167.649298,116.714156,5.964833,12
01,000053,120631,95778,24853,FECunion,152.799320,9.311679,162.110999,107.392018,6.168613,18
01,000054,120545,97425,23120,FECunion,88.066629,9.747964,97.814593,102.585525,10.223423,12
01,000055,120665,98774,21891,FECunion,102.879279,8.624888,111.504167,115.943535,8.968275,14
01,000056,120861,97661,23200,FECunion,77.610975,8.889127,86.500102,112.496986,11.560680,13
01,000057,120986,92343,28643,FECunion,85.343107,10.286232,95.629339,97.217329,10.457042,19
01,000058,121152,95346,25806,FECunion,79.211442,9.601608,88.813050,104.149222,11.259607,13
01,000059,121471,93922,27549,FECunion,82.943200,10.190601,93.133801,98.129639,10.737240,17
01,000060,121622,91752,29870,FECunion,73.894502,12.405624,86.300126,80.608601,11.587469,16
01,000061,121778,91156,30622,FECunion,78.322947,11.039786,89.362733,90.581466,11.190347,17
01,000062,122012,86455,35557,FECunion,89.872465,12.738176,102.610641,78.504175,9.745578,25
01,000063,122145,89447,32698,FECunion,81.081885,11.909146,92.991031,83.969077,10.753725,17
01,000064,122333,90062,32271,FECunion,78.003568,11.694981,89.698549,85.506766,11.148452,17
01,000065,122400,86439,35961,FECunion,74.917443,13.942478,88.859921,71.723262,11.253667,22
01,000066,122552,87604,34948,FECunion,64.462015,12.007634,76.469649,83.280353,13.077084,18
01,000067,122546,85634,36912,FECunion,198.122949,13.268089,211.391038,75.368804,4.730570,21
01,000068,122525,85990,36535,FECunion,205.970866,12.958255,218.929121,77.170885,4.567688,20
01,000069,122522,84552,37970,FECunion,150.525689,13.312025,163.837714,75.120051,6.103601,12
01,000070,122676,83614,39062,FECunion,228.825416,13.364663,242.190079,74.824184,4.128988,25
01,000071,122836,84153,38683,FECunion,196.734757,12.860961,209.595718,77.754687,4.771090,23
01,000072,122817,83873,38944,FECunion,181.369424,14.096290,195.465714,70.940652,5.115987,23
01,000073,122909,83466,39443,FECunion,194.363306,13.422837,207.786143,74.499899,4.812640,26
01,000074,122978,82343,40635,FECunion,113.166489,13.221455,126.387944,75.634641,7.912147,19
01,000075,123141,83320,39821,FECunion,143.075284,13.799298,156.874582,72.467455,6.374519,18
01,000076,123281,85594,37687,FECunion,153.957662,13.156586,167.114248,76.007560,5.983930,21
01,000077,123542,84057,39485,FECunion,100.216556,13.360400,113.576956,74.848058,8.804603,23
01,000078,123739,87707,36032,FECunion,63.201756,12.410786,75.612542,80.575074,13.225319,23
01,000079,123820,86645,37175,FECunion,103.748994,15.269894,119.018888,65.488339,8.402028,24
01,000080,124060,86614,37446,FECunion,118.701060,13.283301,131.984361,75.282492,7.576655,25
01,000081,124019,86709,37310,FECunion,71.320950,13.058924,84.379874,76.575987,11.851167,25
01,000082,124166,89721,34445,FECunion,57.934173,13.234704,71.168877,75.558924,14.051086,20
01,000083,124253,87589,36664,FECunion,67.406122,12.891539,80.297661,77.570258,12.453663,25
01,000084,124370,87669,36701,FECunion,75.819713,12.959403,88.779116,77.164048,11.263910,29
01,000085,124461,89709,34752,FECunion,59.665321,12.621924,72.287245,79.227224,13.833699,24
01,000086,124582,89812,34770,FECunion,64.169263,12.357439,76.526702,80.922916,13.067334,25
01,000087,124702,89794,34908,FECunion,67.750757,12.426579,80.177336,80.472671,12.472353,18
01,000088,124755,89116,35639,FECunion,91.010956,14.276833,105.287789,70.043545,9.497778,26
01,000089,124837,89051,35786,FECunion,84.750061,12.754872,97.504933,78.401414,10.255891,27
01,000090,124389,90178,34211,FECunion,82.980390,13.114906,96.095296,76.249117,10.406337,26
01,000091,124828,89679,35149,FECunion,61.283804,13.134392,74.418196,76.135995,13.437574,27
01,000092,124798,87702,37096,FECunion,70.386194,13.981737,84.367931,71.521872,11.852845,27
01,000093,124846,85990,38856,FECunion,68.326208,13.636184,81.962392,73.334299,12.200718,26
01,000094,124834,85865,38969,FECunion,79.187533,14.449694,93.637227,69.205618,10.679513,20
01,000095,124816,86621,38195,FECunion,70.154222,13.944059,84.098281,71.715130,11.890849,21
01,000096,124870,86343,38527,FECunion,79.981623,13.600777,93.582400,73.525211,10.685770,22
01,000097,124858,88837,36021,FECunion,91.028461,12.955693,103.984154,77.186145,9.616850,19
01,000098,124889,87215,37674,FECunion,81.159108,15.610276,96.769384,64.060366,10.333847,23
01,000099,124855,84060,40795,FECunion,69.888970,14.666777,84.555747,68.181305,11.826517,26
02,000000,124649,96585,28064,FECunion,88.494103,9.433993,97.928096,105.999655,10.211574,24
02,000001,124531,87670,36861,FECunion,281.487552,11.978529,293.466081,83.482705,3.407549,20
02,000002,124411,87566,36845,FECunion,218.228194,12.600768,230.828962,79.360242,4.332212,23
02,000003,124253,89225,35028,FECunion,218.487743,11.662239,230.149982,85.746828,4.344993,26
02,000004,124173,88593,35580,FECunion,216.139801,11.775306,227.915107,84.923483,4.387599,23
02,000005,124116,89651,34465,FECunion,260.125975,11.397478,271.523453,87.738709,3.682923,28
02,000006,123967,93025,30942,FECunion,242.061017,10.911444,252.972461,91.646898,3.952999,28
02,000007,123889,94442,29447,FECunion,220.619471,9.874741,230.494212,101.268479,4.338504,27
02,000008,123881,92777,31104,FECunion,236.786455,10.456026,247.242481,95.638630,4.044612,28
02,000009,123810,91071,32739,FECunion,272.257744,11.363592,283.621336,88.000344,3.525828,29
02,000010,123652,95838,27814,FECunion,196.651024,9.552517,206.203541,104.684451,4.849577,25
02,000011,123548,96054,27494,FECunion,176.851290,9.348897,186.200187,106.964490,5.370564,30
02,000012,123409,95195,28214,FECunion,294.268454,9.735419,304.003873,102.717716,3.289432,35
02,000013,122918,95597,27321,FECunion,234.884996,9.339856,244.224852,107.068032,4.094587,26
02,000014,122184,92797,29387,FECunion,277.572065,9.930621,287.502686,100.698637,3.478228,24
02,000015,121930,87370,34560,FECunion,293.601064,11.623649,305.224713,86.031504,3.276275,26
02,000016,122092,92543,29549,FECunion,303.014338,11.832505,314.846843,84.512958,3.176147,28
02,000017,122044,97162,24882,FECunion,242.754005,8.628748,251.382753,115.891668,3.977998,25
02,000018,122377,101216,21161,FECunion,109.717413,7.951834,117.669247,125.757152,8.498397,21
02,000019,122768,101168,21600,FECunion,141.136505,7.814055,148.950560,127.974528,6.713637,26
02,000020,123245,99616,23629,FECunion,355.142836,8.809577,363.952413,113.512828,2.747612,21
02,000021,123534,103053,20481,FECunion,140.117382,7.565914,147.683296,132.171738,6.771246,21
02,000022,123496,102772,20724,FECunion,181.870988,8.687063,190.558051,115.113704,5.247745,18
02,000023,123464,104006,19458,FECunion,129.565889,8.464280,138.030169,118.143540,7.244793,16
02,000024,123380,103969,19411,FECunion,147.418624,7.874862,155.293486,126.986352,6.439420,15
02,000025,123288,105607,17681,FECunion,127.658624,7.517588,135.176212,133.021389,7.397751,11
02,000026,123216,104870,18346,FECunion,131.432621,7.471149,138.903770,133.848221,7.199229,16
02,000027,123227,104577,18650,FECunion,127.425129,7.715970,135.141099,129.601333,7.399673,11
02,000028,123274,104470,18804,FECunion,302.505517,7.775808,310.281325,128.603998,3.222882,11
02,000029,123137,104107,19030,FECunion,338.288681,7.971744,346.260425,125.443065,2.888000,11
02,000030,123189,103519,19670,FECunion,312.422615,8.315445,320.738060,120.258146,3.117809,13
02,000031,123076,105438,17638,FECunion,309.904692,7.838999,317.743691,127.567308,3.147191,9
02,000032,122917,105742,17175,FECunion,285.274739,7.543815,292.818554,132.558924,3.415084,9
02,000033,122775,103949,18826,FECunion,406.930711,7.828081,414.758792,127.745229,2.411040,10
02,000034,122511,104710,17801,FECunion,258.255208,7.660778,265.915986,130.535045,3.760586,10
02,000035,122347,104100,18247,FECunion,353.264560,7.612391,360.876951,131.364771,2.771028,10
02,000036,122263,104815,17448,FECunion,253.724767,7.405418,261.130185,135.036267,3.829507,11
02,000037,122194,104300,17894,FECunion,212.063910,7.736983,219.800893,129.249347,4.549572,10
02,000038,122052,104893,17159,FECunion,172.222189,7.996758,180.218947,125.050677,5.548806,9
02,000039,121991,104841,17150,FECunion,96.303057,8.779999,105.083056,113.895229,9.516282,11
02,000040,121879,104060,17819,FECunion,245.946661,8.212484,254.159145,121.765838,3.934543,13
02,000041,121805,103868,17937,FECunion,265.757891,7.754893,273.512784,128.950844,3.656136,12
02,000042,121689,106320,15369,FECunion,103.085232,6.697166,109.782398,149.316890,9.108928,10
02,000043,121725,106160,15565,FECunion,97.985415,6.810979,104.796394,146.821771,9.542313,9
02,000044,121513,106423,15090,FECunion,127.431006,6.658373,134.089379,150.186840,7.457712,7
02,000045,121181,106081,15100,FECunion,103.723525,7.472180,111.195705,133.829752,8.993153,8
02,000046,121043,106000,15043,FECunion,105.776868,6.687191,112.464059,149.539620,8.891730,7
02,000047,120764,105328,15436,FECunion,217.481901,6.762342,224.244243,147.877762,4.459423,6
02,000048,120254,105477,14777,FECunion,219.460955,6.357143,225.818098,157.303367,4.428343,8
02,000049,119823,107131,12692,FECunion,97.021161,6.136265,103.157426,162.965582,9.693922,7
02,000050,119260,106288,12972,FECunion,91.004012,5.818647,96.822659,171.861259,10.328161,6
02,000051,118944,105570,13374,FECunion,192.096308,5.909277,198.005585,169.225440,5.050363,10
02,000052,118662,105558,13104,FECunion,197.830805,5.738979,203.569784,174.247022,4.912320,10
02,000053,118378,105905,12473,FECunion,157.329077,5.559683,162.888760,179.866370,6.139159,8
02,000054,118087,105665,12422,FECunion,139.381066,5.438433,144.819499,183.876495,6.905147,7
02,000055,118303,104961,13342,FECunion,151.756130,5.709109,157.465239,175.158681,6.350608,8
02,000056,118110,103213,14897,FECunion,136.903807,6.070610,142.974417,164.728092,6.994258,9
02,000057,117646,104370,13276,FECunion,96.785950,5.666247,102.452197,176.483658,9.760650,7
02,000058,117313,103447,13866,FECunion,146.149396,5.947907,152.097303,168.126368,6.574739,8
02,000059,117377,104496,12881,FECunion,103.301281,6.219530,109.520811,160.783853,9.130685,9
02,000060,117264,105299,11965,FECunion,80.994501,5.132873,86.127374,194.822666,11.610710,8
02,000061,117382,105185,12197,FECunion,76.158052,5.237625,81.395677,190.926231,12.285665,6
02,000062,117883,105620,12263,FECunion,67.727411,5.291623,73.019034,188.977937,13.695059,6
02,000063,118156,106594,11562,FECunion,74.258044,5.032691,79.290735,198.700854,12.611814,7
02,000064,117969,105913,12056,FECunion,79.516121,5.997125,85.513246,166.746566,11.694095,9
02,000065,118120,106711,11409,FECunion,80.949283,4.933150,85.882433,202.710236,11.643825,7
02,000066,118041,106353,11688,FECunion,73.553813,5.109005,78.662818,195.732829,12.712486,8
02,000067,118286,106174,12112,FECunion,75.259641,4.815744,80.075385,207.652234,12.488232,8
02,000068,118444,106708,11736,FECunion,82.450104,4.599484,87.049588,217.415693,11.487705,7
02,000069,118622,107017,11605,FECunion,83.854060,4.548817,88.402877,219.837377,11.311849,8
02,000070,118924,106541,12383,FECunion,78.770211,4.676660,83.446871,213.827817,11.983673,9
02,000071,119697,106477,13220,FECunion,81.762441,5.092479,86.854920,196.368016,11.513453,12
02,000072,120143,106359,13784,FECunion,86.349372,5.336703,91.686075,187.381610,10.906782,12
02,000073,120613,105836,14777,FECunion,76.929350,5.569886,82.499236,179.536888,12.121324,12
02,000074,120794,105109,15685,FECunion,89.705801,6.640072,96.345873,150.600777,10.379272,15
02,000075,120834,104944,15890,FECunion,89.471370,6.015080,95.486450,166.248828,10.472690,12
02,000076,120832,104012,16820,FECunion,81.643446,6.054296,87.697742,165.171970,11.402802,14
02,000077,121135,103595,17540,FECunion,75.782807,6.292048,82.074855,158.930765,12.184000,12
02,000078,121430,103240,18190,FECunion,72.432922,6.425060,78.857982,155.640570,12.681024,14
02,000079,121515,103189,18326,FECunion,77.382460,6.609620,83.992080,151.294628,11.905884,14
02,000080,121510,103461,18049,FECunion,81.934256,6.432144,88.366400,155.469156,11.316518,14
02,000081,121532,101567,19965,FECunion,74.339208,7.055156,81.394364,141.740310,12.285863,15
02,000082,121665,102768,18897,FECunion,71.277441,6.537212,77.814653,152.970410,12.851050,13
02,000083,121811,101367,20444,FECunion,67.101586,6.971669,74.073255,143.437676,13.500149,13
02,000084,122188,101070,21118,FECunion,67.235816,7.159998,74.395814,139.664843,13.441616,13
02,000085,122908,99808,23100,FECunion,59.570626,8.382555,67.953181,119.295370,14.716015,16
02,000086,123237,99340,23897,FECunion,81.629035,8.651456,90.280491,115.587480,11.076590,16
02,000087,123219,99911,23308,FECunion,63.670023,7.885849,71.555872,126.809428,13.975093,14
02,000088,123117,101198,21919,FECunion,66.005241,7.325665,73.330906,136.506379,13.636815,12
02,000089,123102,101851,21251,FECunion,62.820544,6.964808,69.785352,143.578976,14.329655,13
02,000090,123366,103490,19876,FECunion,59.548034,6.488597,66.036631,154.116522,15.143110,18
02,000091,123532,104019,19513,FECunion,62.362087,6.502124,68.864211,153.795898,14.521331,18
02,000092,123841,104515,19326,FECunion,62.459275,6.553818,69.013093,152.582815,14.490004,22
02,000093,124174,105868,18306,FECunion,58.317360,5.971022,64.288382,167.475518,15.554910,18
02,000094,124303,105614,18689,FECunion,60.121380,6.302500,66.423880,158.667196,15.054827,17
02,000095,124587,105985,18602,FECunion,54.423160,6.220351,60.643511,160.762632,16.489810,23
02,000096,124810,106250,18560,FECunion,56.992418,6.188781,63.181199,161.582709,15.827493,19
02,000097,124861,106669,18192,FECunion,60.025732,6.087622,66.113354,164.267755,15.125537,21
02,000098,125176,105984,19192,FECunion,65.588120,6.530905,72.119025,153.118136,13.865967,21
02,000099,125386,106245,19141,FECunion,66.672636,7.119845,73.792481,140.452496,13.551516,20
03,000000,124929,62112,62817,FECunion,58.346576,17.774688,76.121264,56.259778,13.136934,43
03,000001,125149,66874,58275,FECunion,58.811980,16.161489,74.973469,61.875487,13.338052,44
03,000002,124872,69146,55726,FECunion,69.976596,15.943161,85.919757,62.722819,11.638767,48
03,000003,124785,66696,58089,FECunion,56.473965,16.265426,72.739391,61.480099,13.747709,46
03,000004,124543,64962,59581,FECunion,50.036308,17.262042,67.298350,57.930574,14.859205,44
03,000005,124264,61673,62591,FECunion,59.670507,17.593736,77.264243,56.838411,12.942598,49
03,000006,123790,63681,60109,FECunion,72.978253,18.230180,91.208433,54.854094,10.963898,40
03,000007,123381,64762,58619,FECunion,50.706516,17.092755,67.799271,58.504320,14.749421,38
03,000008,122617,57990,64627,FECunion,40.294617,19.114141,59.408758,52.317287,16.832535,33
03,000009,122299,62080,60219,FECunion,48.402752,18.097125,66.499877,55.257396,15.037622,45
03,000010,121364,56159,65205,FECunion,60.186539,20.173870,80.360409,49.569071,12.443939,41
03,000011,121597,61515,60082,FECunion,62.934632,18.150571,81.085203,55.094685,12.332706,44
03,000012,121924,59136,62788,FECunion,56.295465,19.809643,76.105108,50.480465,13.139723,41
03,000013,122751,57040,65711,FECunion,74.310916,20.018710,94.329626,49.953269,10.601123,47
03,000014,123649,66327,57322,FECunion,56.749783,16.348253,73.098036,61.168615,13.680258,43
03,000015,124592,53384,71208,FECunion,213.379598,21.382642,234.762240,46.766906,4.259629,38
03,000016,124825,64173,60652,FECunion,56.540716,18.132645,74.673361,55.149152,13.391656,43
03,000017,124731,62913,61818,FECunion,64.194959,18.284663,82.479622,54.690644,12.124207,41
03,000018,124813,66050,58763,FECunion,79.426404,17.118208,96.544612,58.417330,10.357906,43
03,000019,125036,64307,60729,FECunion,74.931546,17.668165,92.599711,56.598973,10.799170,39
03,000020,125158,65728,59430,FECunion,76.517133,17.019636,93.536769,58.755663,10.690983,38
03,000021,125119,54649,70470,FECunion,225.663946,20.405521,246.069467,49.006345,4.063893,45
03,000022,125132,67891,57241,FECunion,78.173848,16.353707,94.527555,61.148216,10.578926,40
03,000023,124839,63520,61319,FECunion,60.841622,17.634759,78.476381,56.706190,12.742688,46
03,000024,124704,64304,60400,FECunion,79.486312,17.473751,96.960063,57.228697,10.313525,47
03,000025,123949,65153,58796,FECunion,78.796030,17.271989,96.068019,57.897211,10.409291,51
03,000026,124060,66814,57246,FECunion,61.653699,16.521267,78.174966,60.528045,12.791819,40
03,000027,123809,64281,59528,FECunion,81.094415,17.671987,98.766402,56.586732,10.124901,46
03,000028,123183,63238,59945,FECunion,91.121767,22.225688,113.347455,44.992983,8.822430,48
03,000029,121977,64247,57730,FECunion,84.511026,16.993775,101.504801,58.845077,9.851751,48
03,000030,120985,60814,60171,FECunion,86.601745,18.281719,104.883464,54.699451,9.534391,49
03,000031,120461,66236,54225,FECunion,102.134840,18.595692,120.730532,53.775896,8.282909,45
03,000032,119777,62614,57163,FECunion,86.169653,16.977348,103.147001,58.902015,9.694901,47
03,000033,119658,62088,57570,FECunion,73.161959,16.807978,89.969937,59.495556,11.114824,43
03,000034,119508,59584,59924,FECunion,87.660318,17.699411,105.359729,56.499055,9.491292,44
03,000035,119955,62601,57354,FECunion,95.569572,17.472518,113.042090,57.232735,8.846262,42
03,000036,119287,61489,57798,FECunion,108.006128,17.547873,125.554001,56.986964,7.964700,41
03,000037,118628,64491,54137,FECunion,98.896940,16.161782,115.058722,61.874365,8.691214,45
03,000038,119059,64945,54114,FECunion,110.557570,16.625862,127.183432,60.147257,7.862659,43
03,000039,120161,66793,53368,FECunion,107.296285,16.340138,123.636423,61.198994,8.088231,39
03,000040,120885,66754,54131,FECunion,130.765156,16.818013,147.583169,59.460056,6.775840,34
03,000041,121287,70863,50424,FECunion,114.920883,16.485489,131.406372,60.659408,7.609981,42
03,000042,121562,68933,52629,FECunion,106.438453,16.212409,122.650862,61.681148,8.153224,36
03,000043,121799,68870,52929,FECunion,112.377887,15.962412,128.340299,62.647174,7.791785,40
03,000044,122328,71015,51313,FECunion,114.870481,15.435990,130.306471,64.783665,7.674216,38
03,000045,122250,73576,48674,FECunion,122.260403,14.740348,137.000751,67.841003,7.299230,36
03,000046,122157,71417,50740,FECunion,79.086655,15.321386,94.408041,65.268247,10.592318,40
03,000047,121856,70400,51456,FECunion,89.022692,15.591360,104.614052,64.138087,9.558945,38
03,000048,122085,71460,50625,FECunion,92.661973,15.431632,108.093605,64.801960,9.251241,40
03,000049,122341,71942,50399,FECunion,105.115286,15.310749,120.426035,65.313591,8.303852,37
03,000050,122442,73405,49037,FECunion,111.525780,15.349027,126.874807,65.150710,7.881785,40
03,000051,122477,74645,47832,FECunion,136.597111,16.014796,152.611907,62.442257,6.552569,38
03,000052,122764,75786,46978,FECunion,133.976916,15.356201,149.333117,65.120273,6.696438,34
03,000053,123004,77188,45816,FECunion,140.328799,14.286679,154.615478,69.995273,6.467658,41
03,000054,123342,78760,44582,FECunion,90.697882,14.353917,105.051799,69.667395,9.519114,40
03,000055,123653,81001,42652,FECunion,99.977309,13.735469,113.712778,72.804212,8.794086,40
03,000056,123862,81328,42534,FECunion,108.527372,14.071497,122.598869,71.065644,8.156682,38
03,000057,123916,82681,41235,FECunion,139.977686,13.442066,153.419752,74.393326,6.518066,40
03,000058,123958,83618,40340,FECunion,123.508549,13.426338,136.934887,74.480473,7.302741,37
03,000059,124062,83924,40138,FECunion,148.822841,13.740195,162.563036,72.779171,6.151460,37
03,000060,124187,86210,37977,FECunion,122.548376,13.061505,135.609881,76.560856,7.374094,37
03,000061,124199,85195,39004,FECunion,109.071887,13.108085,122.179972,76.288794,8.184647,36
03,000062,124203,85101,39102,FECunion,102.342534,12.985320,115.327854,77.010039,8.670932,39
03,000063,124169,86500,37669,FECunion,152.174110,12.529375,164.703485,79.812441,6.071517,38
03,000064,124143,86524,37619,FECunion,103.088123,12.464962,115.553085,80.224874,8.654031,38
03,000065,124225,86610,37615,FECunion,87.608643,12.458031,100.066674,80.269506,9.993337,35
03,000066,124142,87649,36493,FECunion,94.107485,12.152433,106.259918,82.288049,9.410886,31
03,000067,124079,88277,35802,FECunion,89.771107,12.588479,102.359586,79.437714,9.769481,37
03,000068,123986,87007,36979,FECunion,105.199117,12.257705,117.456822,81.581340,8.513767,34
03,000069,124041,86615,37426,FECunion,78.435438,12.710250,91.145688,78.676659,10.971446,32
03,000070,124070,87850,36220,FECunion,127.156058,12.424031,139.580089,80.489175,7.164346,36
03,000071,124038,88541,35497,FECunion,107.457836,13.070937,120.528773,76.505609,8.296774,34
03,000072,124237,89269,34968,FECunion,96.421003,11.617680,108.038683,86.075705,9.255944,32
03,000073,124252,89525,34727,FECunion,90.514788,12.406897,102.921685,80.600331,9.716125,32
03,000074,124589,89978,34611,FECunion,111.953912,11.834727,123.788639,84.497091,8.078286,29
03,000075,124833,90276,34557,FECunion,117.867759,12.151402,130.019161,82.295031,7.691174,28
03,000076,124991,90799,34192,FECunion,113.781048,11.695243,125.476291,85.504850,7.969633,30
03,000077,125147,91668,33479,FECunion,98.794245,11.503650,110.297895,86.928931,9.066356,29
03,000078,125340,91896,33444,FECunion,76.030756,11.569349,87.600105,86.435287,11.415511,28
03,000079,125454,91730,33724,FECunion,118.389406,12.145281,130.534687,82.336506,7.660799,31
03,000080,125485,92471,33014,FECunion,85.687886,11.474539,97.162425,87.149471,10.292044,29
03,000081,125608,93379,32229,FECunion,89.342922,11.103074,100.445996,90.065148,9.955598,32
03,000082,125715,93316,32399,FECunion,64.387338,11.721228,76.108566,85.315293,13.139125,31
03,000083,125778,92900,32878,FECunion,78.530480,11.319827,89.850307,88.340573,11.129623,37
03,000084,125772,92646,33126,FECunion,82.222167,11.755863,93.978030,85.063938,10.640785,34
03,000085,125683,92865,32818,FECunion,84.375406,11.615369,95.990775,86.092831,10.417668,34
03,000086,125833,93698,32135,FECunion,64.886478,11.300507,76.186985,88.491605,13.125601,33
03,000087,125868,93218,32650,FECunion,92.403910,11.314889,103.718799,88.379126,9.641454,32
03,000088,125771,93413,32358,FECunion,90.629023,12.635882,103.264905,79.139707,9.683832,30
03,000089,125870,93860,32010,FECunion,104.472881,11.218386,115.691267,89.139382,8.643695,37
03,000090,125949,93916,32033,FECunion,87.993257,12.849605,100.842862,77.823404,9.916418,35
03,000091,126003,94319,31684,FECunion,79.010024,11.313343,90.323367,88.391203,11.071332,31
03,000092,126046,93787,32259,FECunion,79.713094,11.735131,91.448225,85.214217,10.935149,26
03,000093,126057,94561,31496,FECunion,91.512721,11.051169,102.563890,90.488165,9.750020,26
03,000094,126079,94361,31718,FECunion,102.278317,11.081279,113.359596,90.242291,8.821485,31
03,000095,126191,93911,32280,FECunion,94.640860,11.248126,105.888986,88.903698,9.443853,28
03,000096,126301,94163,32138,FECunion,117.043060,11.395239,128.438299,87.755948,7.785840,23
03,000097,126186,94542,31644,FECunion,100.436208,11.100305,111.536513,90.087615,8.965674,31
03,000098,126147,93873,32274,FECunion,99.642746,11.194676,110.837422,89.328177,9.022224,26
03,000099,126126,94827,31299,FECunion,114.970946,11.112631,126.083577,89.987691,7.931247,24
04,000000,124231,94732,29499,FECunion,159.981677,11.552340,171.534017,86.562549,5.829747,20
04,000001,124087,94331,29756,FECunion,172.725157,11.712391,184.437548,85.379663,5.421889,25
04,000002,123861,95375,28486,FECunion,146.956507,11.072824,158.029331,90.311198,6.327939,19
04,000003,123679,94229,29450,FECunion,154.098073,11.636708,165.734781,85.934957,6.033737,27
04,000004,123431,93720,29711,FECunion,211.984369,11.628990,223.613359,85.991991,4.472005,22
04,000005,123298,92863,30435,FECunion,200.611563,11.900187,212.511750,84.032293,4.705622,22
04,000006,123229,92054,31175,FECunion,384.840181,11.125730,395.965911,89.881743,2.525470,27
04,000007,122881,92365,30516,FECunion,241.198032,11.171041,252.369073,89.517172,3.962451,20
04,000008,122870,91496,31374,FECunion,262.563539,10.905006,273.468545,91.701004,3.656728,27
04,000009,122909,92339,30570,FECunion,288.824648,11.156844,299.981492,89.631082,3.333539,26
04,000010,122975,92132,30843,FECunion,204.320070,11.333847,215.653917,88.231295,4.637059,30
04,000011,123132,91861,31271,FECunion,236.578502,11.305653,247.884155,88.451326,4.034142,24
04,000012,123005,92248,30757,FECunion,275.923384,11.003111,286.926495,90.883387,3.485213,25
04,000013,122993,92814,30179,FECunion,214.246937,11.574241,225.821178,86.398754,4.428283,23
04,000014,122925,91908,31017,FECunion,183.744432,11.977232,195.721664,83.491745,5.109296,25
04,000015,122915,91250,31665,FECunion,201.807236,11.994732,213.801968,83.369933,4.677225,23
04,000016,122944,90174,32770,FECunion,163.347692,12.499394,175.847086,80.003879,5.686759,23
04,000017,122903,89402,33501,FECunion,156.707998,12.091594,168.799592,82.702082,5.924185,21
04,000018,122812,88207,34605,FECunion,177.123576,12.018115,189.141691,83.207724,5.287042,19
04,000019,122857,86808,36049,FECunion,103.220018,13.378499,116.598517,74.746801,8.576438,21
04,000020,122796,85745,37051,FECunion,125.027170,13.346191,138.373361,74.927745,7.226825,19
04,000021,122812,83702,39110,FECunion,102.344102,14.070928,116.415030,71.068518,8.589956,22
04,000022,122967,82002,40965,FECunion,106.451996,14.822226,121.274222,67.466250,8.245775,18
04,000023,122994,80196,42798,FECunion,93.999266,15.887230,109.886496,62.943635,9.100299,21
04,000024,123190,79125,44065,FECunion,94.305269,14.947385,109.252654,66.901334,9.153096,23
04,000025,123111,79741,43370,FECunion,94.548973,14.946985,109.495958,66.903125,9.132757,23
04,000026,123190,76856,46334,FECunion,88.715557,15.530256,104.245813,64.390439,9.592711,24
04,000027,123439,76839,46600,FECunion,103.933847,16.627978,120.561825,60.139603,8.294500,25
04,000028,123276,78494,44782,FECunion,231.986235,15.352040,247.338275,65.137923,4.043046,21
04,000029,123419,76999,46420,FECunion,104.737303,15.842806,120.580109,63.120132,8.293242,23
04,000030,123647,77937,45710,FECunion,117.264681,15.238093,132.502774,65.625010,7.547012,22
04,000031,123868,78129,45739,FECunion,103.605062,15.762090,119.367152,63.443363,8.377514,21
04,000032,123846,78443,45403,FECunion,98.428321,15.023405,113.451726,66.562807,8.814322,20
04,000033,124176,78422,45754,FECunion,98.747905,15.630183,114.378088,63.978777,8.742933,17
04,000034,124153,79250,44903,FECunion,113.588360,15.139052,128.727412,66.054334,7.768353,18
04,000035,124242,79279,44963,FECunion,65.646046,15.226880,80.872926,65.673336,12.365078,19
04,000036,124382,79175,45207,FECunion,89.133440,15.281631,104.415071,65.438041,9.577162,24
04,000037,124556,79025,45531,FECunion,66.449113,15.071659,81.520772,66.349696,12.266812,28
04,000038,124774,78926,45848,FECunion,71.032076,14.952211,85.984287,66.879741,11.630032,25
04,000039,124942,78337,46605,FECunion,82.014414,15.131494,97.145908,66.087328,10.293794,23
04,000040,124853,78975,45878,FECunion,65.428467,14.956451,80.384918,66.860781,12.440145,28
04,000041,125137,78441,46696,FECunion,84.447439,15.264248,99.711687,65.512562,10.028915,24
04,000042,125226,76138,49088,FECunion,69.050976,16.007846,85.058822,62.469367,11.756570,24
04,000043,125281,76610,48671,FECunion,107.605029,16.075566,123.680595,62.206208,8.085343,21
04,000044,125306,76959,48347,FECunion,92.688650,15.637893,108.326543,63.947234,9.231348,24
04,000045,125328,77432,47896,FECunion,65.020828,15.552303,80.573131,64.299159,12.411085,20
04,000046,125326,77090,48236,FECunion,71.521752,15.388882,86.910634,64.981979,11.506072,16
04,000047,125369,76303,49066,FECunion,86.315163,16.659663,102.974826,60.025224,9.711111,17
04,000048,125490,76457,49033,FECunion,126.679176,15.731974,142.411150,63.564814,7.021922,15
04,000049,125541,76228,49313,FECunion,117.752462,15.410052,133.162514,64.892708,7.509621,12
04,000050,125512,76215,49297,FECunion,94.049051,15.326355,109.375406,65.247086,9.142823,8
04,000051,125489,75491,49998,FECunion,40.429810,16.052331,56.482141,62.296248,17.704711,13
04,000052,125789,76332,49457,FECunion,67.774422,15.251750,83.026172,65.566246,12.044395,15
04,000053,125933,75471,50462,FECunion,87.380739,15.197184,102.577923,65.801664,9.748686,15
04,000054,125922,74937,50985,FECunion,77.731016,15.293601,93.024617,65.386824,10.749843,16
04,000055,125864,76197,49667,FECunion,78.687089,15.378278,94.065367,65.026786,10.630905,12
04,000056,125822,75748,50074,FECunion,59.422167,15.471079,74.893246,64.636733,13.352339,12
04,000057,125934,75631,50303,FECunion,87.737079,14.963286,102.700365,66.830240,9.737064,13
04,000058,125858,74804,51054,FECunion,77.864828,15.381228,93.246056,65.014315,10.724314,18
04,000059,125947,75828,50119,FECunion,63.728158,14.861151,78.589309,67.289539,12.724377,16
04,000060,126000,76296,49704,FECunion,62.179623,14.592358,76.771981,68.529020,13.025585,11
04,000061,125983,75372,50611,FECunion,90.323073,15.808300,106.131373,63.257909,9.422285,15
04,000062,126144,74020,52124,FECunion,63.617878,15.720787,79.338665,63.610047,12.604195,13
04,000063,126165,75016,51149,FECunion,95.832640,15.110253,110.942893,66.180229,9.013646,17
04,000064,126102,74925,51177,FECunion,89.425740,14.944004,104.369744,66.916470,9.581321,20
04,000065,126188,76449,49739,FECunion,102.497802,14.600062,117.097864,68.492860,8.539865,20
04,000066,126200,75743,50457,FECunion,197.303951,15.122845,212.426796,66.125124,4.707504,30
04,000067,126215,76187,50028,FECunion,144.024805,15.754483,159.779288,63.473997,6.258633,21
04,000068,126207,79310,46897,FECunion,128.843723,14.239656,143.083379,70.226416,6.988932,22
04,000069,126194,77223,48971,FECunion,104.822086,14.306431,119.128517,69.898635,8.394296,21
04,000070,126236,75982,50254,FECunion,137.827275,15.662314,153.489589,63.847526,6.515100,24
04,000071,126238,77346,48892,FECunion,119.035736,14.511878,133.547614,68.909069,7.487966,20
04,000072,126285,78764,47521,FECunion,97.607488,13.881634,111.489122,72.037629,8.969485,24
04,000073,126320,77183,49137,FECunion,98.859339,14.205792,113.065131,70.393822,8.844460,23
04,000074,126258,77746,48512,FECunion,77.376835,13.966071,91.342906,71.602099,10.947758,25
04,000075,126262,80138,46124,FECunion,66.353422,13.750913,80.104335,72.722444,12.483719,30
04,000076,126125,80927,45198,FECunion,70.744277,12.803318,83.547595,78.104754,11.969225,25
04,000077,126102,81402,44700,FECunion,80.009492,13.008333,93.017825,76.873801,10.750628,23
04,000078,126128,81243,44885,FECunion,54.009664,12.990027,66.999691,76.982134,14.925442,28
04,000079,126292,81589,44703,FECunion,62.278671,12.938551,75.217222,77.288407,13.294828,28
04,000080,126255,80698,45557,FECunion,73.621267,13.611472,87.232739,73.467440,11.463586,29
04,000081,126280,81627,44653,FECunion,88.528904,12.892976,101.421880,77.561612,9.859805,31
04,000082,126269,81316,44953,FECunion,69.284795,13.530048,82.814843,73.909568,12.075130,29
04,000083,126250,80312,45938,FECunion,62.725340,13.970875,76.696215,71.577478,13.038453,34
04,000084,126399,81318,45081,FECunion,89.464582,14.132937,103.597519,70.756701,9.652741,34
04,000085,126341,81457,44884,FECunion,83.262394,13.106817,96.369211,76.296175,10.376758,23
04,000086,126359,79607,46752,FECunion,65.676389,13.388336,79.064725,74.691881,12.647865,23
04,000087,126393,79327,47066,FECunion,105.193527,14.200102,119.393629,70.422029,8.375656,21
04,000088,126562,77946,48616,FECunion,84.083602,14.202045,98.285647,70.412395,10.174426,28
04,000089,126581,78690,47891,FECunion,59.656227,14.301628,73.957855,69.922110,13.521214,23
04,000090,126656,79450,47206,FECunion,59.266732,14.573272,73.840004,68.618770,13.542794,23
04,000091,126628,75882,50746,FECunion,89.938988,14.943800,104.882788,66.917384,9.534453,23
04,000092,126840,79820,47020,FECunion,151.900403,13.916900,165.817303,71.855083,6.030734,26
04,000093,126793,78335,48458,FECunion,136.929062,14.327772,151.256834,69.794522,6.611272,26
04,000094,126886,76130,50756,FECunion,75.812791,15.385700,91.198491,64.995418,10.965094,19
04,000095,126818,78674,48144,FECunion,101.225406,14.261447,115.486853,70.119112,8.658994,18
04,000096,126818,79874,46944,FECunion,93.167754,14.037206,107.204960,71.239248,9.327927,19
04,000097,126890,79840,47050,FECunion,64.421727,15.207855,79.629582,65.755493,12.558147,18
04,000098,126975,80290,46685,FECunion,61.411956,13.737102,75.149058,72.795558,13.306887,18
04,000099,126986,77002,49984,FECunion,54.711012,14.702405,69.413417,68.016083,14.406437,17
05,000000,126956,84403,42553,FECunion,64.556575,12.687229,77.243804,78.819418,12.946022,43
05,000001,127058,83886,43172,FECunion,67.262745,13.063917,80.326662,76.546720,12.449167,45
05,000002,127195,83692,43503,FECunion,83.204305,13.139419,96.343724,76.106866,10.379503,40
05,000003,127198,81933,45265,FECunion,109.553050,13.581400,123.134450,73.630112,8.121204,34
05,000004,127142,82837,44305,FECunion,98.305294,13.515505,111.820799,73.989096,8.942880,38
05,000005,126999,83448,43551,FECunion,69.986633,13.194873,83.181506,75.787012,12.021903,39
05,000006,126987,82569,44418,FECunion,75.722682,13.357849,89.080531,74.862352,11.225797,36
05,000007,127070,83335,43735,FECunion,84.002047,13.905123,97.907170,71.915941,10.213757,39
05,000008,126989,83329,43660,FECunion,94.860521,14.927069,109.787590,66.992388,9.108498,36
05,000009,126880,86462,40418,FECunion,113.941455,12.973401,126.914856,77.080790,7.879298,38
05,000010,126924,86923,40001,FECunion,106.485902,12.228027,118.713929,81.779342,8.423611,32
05,000011,126802,84465,42337,FECunion,97.310008,13.053372,110.363380,76.608558,9.060977,37
05,000012,126678,85827,40851,FECunion,95.210653,12.512882,107.723535,79.917640,9.283023,33
05,000013,126557,86463,40094,FECunion,102.552535,12.101519,114.654054,82.634254,8.721890,34
05,000014,126461,86807,39654,FECunion,107.829260,11.961495,119.790755,83.601590,8.347890,31
05,000015,126353,86794,39559,FECunion,102.874570,12.023045,114.897615,83.173605,8.703401,32
05,000016,126129,87749,38380,FECunion,114.884681,11.625835,126.510516,86.015327,7.904481,27
05,000017,126298,87356,38942,FECunion,101.140291,11.810371,112.950662,84.671345,8.853423,32
05,000018,126217,85713,40504,FECunion,104.373666,12.228265,116.601931,81.777750,8.576187,31
05,000019,126224,87835,38389,FECunion,99.550717,11.684846,111.235563,85.580931,8.989931,29
05,000020,126315,87372,38943,FECunion,103.744965,12.107560,115.852525,82.593025,8.631663,28
05,000021,126212,87584,38628,FECunion,120.796307,11.958831,132.755138,83.620213,7.532665,28
05,000022,126402,86992,39410,FECunion,105.085224,12.952899,118.038123,77.202795,8.471839,26
05,000023,126494,85002,41492,FECunion,107.082105,14.501067,121.583172,68.960443,8.224822,28
05,000024,126564,81902,44662,FECunion,126.104405,14.335643,140.440048,69.756201,7.120476,26
05,000025,126663,82536,44127,FECunion,69.334499,13.998363,83.332862,71.436924,12.000068,30
05,000026,126779,81391,45388,FECunion,81.286335,14.413092,95.699427,69.381365,10.449383,26
05,000027,126816,79362,47454,FECunion,75.115400,15.390317,90.505717,64.975920,11.049026,30
05,000028,126907,79337,47570,FECunion,67.511257,15.431345,82.942602,64.803165,12.056530,26
05,000029,127025,80394,46631,FECunion,50.352026,15.216397,65.568423,65.718580,15.251244,28
05,000030,127145,78543,48602,FECunion,68.728274,16.105852,84.834126,62.089233,11.787709,24
05,000031,127160,78234,48926,FECunion,61.025532,15.990171,77.015703,62.538418,12.984365,22
05,000032,127264,76523,50741,FECunion,56.912815,16.423729,73.336544,60.887512,13.635767,21
05,000033,127335,74345,52990,FECunion,62.538473,18.581199,81.119672,53.817840,12.327466,21
05,000034,127351,73755,53596,FECunion,63.352281,17.480125,80.832406,57.207829,12.371276,25
05,000035,127361,73180,54181,FECunion,57.926062,17.483230,75.409292,57.197669,13.260965,23
05,000036,127276,73116,54160,FECunion,64.013048,17.818946,81.831994,56.120042,12.220159,28
05,000037,127214,72904,54310,FECunion,64.733211,17.207332,81.940543,58.114762,12.203971,25
05,000038,127061,73368,53693,FECunion,65.527264,18.434290,83.961554,54.246733,11.910213,26
05,000039,126842,72467,54375,FECunion,51.888137,17.089270,68.977407,58.516250,14.497501,25
05,000040,126362,73774,52588,FECunion,54.380270,16.837762,71.218032,59.390316,14.041388,30
05,000041,125998,72922,53076,FECunion,57.338317,17.318812,74.657129,57.740681,13.394568,32
05,000042,125348,74729,50619,FECunion,52.136414,15.260093,67.396507,65.530400,14.837564,32
05,000043,124559,77283,47276,FECunion,46.213859,13.967173,60.181032,71.596450,16.616531,31
05,000044,124069,72784,51285,FECunion,73.176592,18.954510,92.131102,52.757892,10.854098,39
05,000045,123174,71763,51411,FECunion,106.269373,14.554417,120.823790,68.707664,8.276516,39
05,000046,122343,73221,49122,FECunion,98.163468,14.912241,113.075709,67.059002,8.843632,36
05,000047,121987,72220,49767,FECunion,114.868892,13.405630,128.274522,74.595524,7.795780,41
05,000048,121559,72248,49311,FECunion,129.879757,13.451520,143.331277,74.341041,6.976844,36
05,000049,121895,70343,51552,FECunion,137.798772,14.135540,151.934312,70.743672,6.581792,38
05,000050,122107,70937,51170,FECunion,264.712016,14.028309,278.740325,71.284429,3.587568,30
05,000051,122225,72658,49567,FECunion,156.011188,15.131818,171.143006,66.085912,5.843067,36
05,000052,121972,74071,47901,FECunion,100.725303,14.409228,115.134531,69.399971,8.685492,36
05,000053,121807,68474,53333,FECunion,277.344464,16.019118,293.363582,62.425409,3.408739,45
05,000054,121697,77994,43703,FECunion,99.719484,13.906273,113.625757,71.909993,8.800821,40
05,000055,122084,78215,43869,FECunion,66.761275,13.022593,79.783868,76.789622,12.533862,37
05,000056,122591,81454,41137,FECunion,73.068641,12.223168,85.291809,81.811851,11.724455,39
05,000057,122953,80043,42910,FECunion,62.462215,12.625057,75.087272,79.207563,13.317836,48
05,000058,122885,67371,55514,FECunion,65.051220,16.325188,81.376408,61.255037,12.288574,47
05,000059,122618,68551,54067,FECunion,66.458981,15.804090,82.263071,63.274760,12.156123,43
05,000060,122402,74761,47641,FECunion,56.651483,18.203365,74.854848,54.934898,13.359188,47
05,000061,122374,78761,43613,FECunion,55.982273,13.688298,69.670571,73.055102,14.353263,48
05,000062,123061,78716,44345,FECunion,49.338655,13.329207,62.667862,75.023218,15.957142,50
05,000063,123402,78920,44482,FECunion,53.747716,13.987102,67.734818,71.494438,14.763456,52
05,000064,123450,77433,46017,FECunion,40.773460,14.062683,54.836143,71.110186,18.236148,50
05,000065,123204,76108,47096,FECunion,70.108180,14.484077,84.592257,69.041334,11.821413,52
05,000066,122626,73236,49390,FECunion,51.707815,15.155404,66.863219,65.983065,14.955906,48
05,000067,122188,74067,48121,FECunion,73.867757,14.917302,88.785059,67.036251,11.263156,48
05,000068,121942,67782,54160,FECunion,63.844233,16.973939,80.818172,58.913844,12.373455,47
05,000069,121617,72176,49441,FECunion,70.806663,15.224099,86.030762,65.685332,11.623749,46
05,000070,121140,72672,48468,FECunion,56.954172,15.277294,72.231466,65.456618,13.844382,41
05,000071,120966,72951,48015,FECunion,66.280082,14.638529,80.918611,68.312875,12.358096,49
05,000072,121029,73805,47224,FECunion,57.609419,14.939335,72.548754,66.937384,13.783834,44
05,000073,120751,74203,46548,FECunion,60.828379,13.756558,74.584937,72.692602,13.407533,40
05,000074,120547,72997,47550,FECunion,57.819399,14.320031,72.139430,69.832251,13.862045,41
05,000075,120083,73636,46447,FECunion,57.192166,13.846310,71.038476,72.221408,14.076879,44
05,000076,120458,73586,46872,FECunion,82.050664,13.901287,95.951951,71.935786,10.421883,43
05,000077,120642,71619,49023,FECunion,100.367635,14.691052,115.058687,68.068645,8.691217,47
05,000078,120732,74794,45938,FECunion,81.994518,15.444851,97.439369,64.746497,10.262792,53
05,000079,120846,73883,46963,FECunion,75.073272,13.873066,88.946338,72.082119,11.242734,53
05,000080,121004,74883,46121,FECunion,61.758122,13.714966,75.473088,72.913050,13.249756,57
05,000081,121107,75566,45541,FECunion,74.278602,13.632824,87.911426,73.352374,11.375086,64
05,000082,121459,75373,46086,FECunion,75.737392,13.848383,89.585775,72.210597,11.162486,63
05,000083,122040,76007,46033,FECunion,83.941503,13.929071,97.870574,71.792297,10.217576,58
05,000084,122305,75780,46525,FECunion,86.895756,13.952440,100.848196,71.672052,9.915894,57
05,000085,122832,75635,47197,FECunion,83.263489,15.771360,99.034849,63.406073,10.097456,46
05,000086,123155,75553,47602,FECunion,68.848291,15.056629,83.904920,66.415929,11.918252,48
05,000087,123400,76029,47371,FECunion,61.080563,13.722325,74.802888,72.873948,13.368468,46
05,000088,123470,76895,46575,FECunion,56.217551,13.933807,70.151358,71.767895,14.254892,44
05,000089,123889,77748,46141,FECunion,45.142542,14.733761,59.876303,67.871333,16.701098,44
05,000090,124046,77118,46928,FECunion,53.688143,13.551669,67.239812,73.791649,14.872142,41
05,000091,124173,74927,49246,FECunion,218.891832,15.227221,234.119053,65.671865,4.271331,44
05,000092,124532,75053,49479,FECunion,168.366145,15.925878,184.292023,62.790887,5.426171,40
05,000093,124895,75866,49029,FECunion,169.436046,14.811194,184.247240,67.516501,5.427490,50
05,000094,125143,80381,44762,FECunion,44.188117,13.276435,57.464552,75.321425,17.402032,45
05,000095,125525,73862,51663,FECunion,139.261852,15.476566,154.738418,64.613817,6.462519,48
05,000096,125764,76391,49373,FECunion,118.711170,15.364445,134.075615,65.085332,7.458478,42
05,000097,126023,78498,47525,FECunion,58.880817,14.402004,73.282821,69.434781,13.645763,38
05,000098,126151,72397,53754,FECunion,129.334500,16.332350,145.666850,61.228176,6.864980,41
05,000099,126273,82042,44231,FECunion,60.172448,13.204332,73.376780,75.732722,13.628289,31
06,000000,123020,91145,31875,FECunion,184.419426,11.491646,195.911072,87.019736,5.104357,35
06,000001,123445,90708,32737,FECunion,150.405682,11.655985,162.061667,85.792835,6.170491,37
06,000002,123251,91052,32199,FECunion,158.973709,11.328010,170.301719,88.276758,5.871931,41
06,000003,123083,90712,32371,FECunion,180.923514,13.066483,193.989997,76.531688,5.154905,33
06,000004,122814,89231,33583,FECunion,169.620343,11.578541,181.198884,86.366667,5.518798,39
06,000005,122405,89986,32419,FECunion,161.798927,11.233918,173.032845,89.016138,5.779250,38
06,000006,122265,88537,33728,FECunion,153.764768,11.499253,165.264021,86.962170,6.050924,32
06,000007,121615,87238,34377,FECunion,150.719742,11.766358,162.486100,84.988065,6.154373,34
06,000008,121132,84839,36293,FECunion,128.741941,13.519448,142.261389,73.967517,7.029314,42
06,000009,120303,82923,37380,FECunion,113.333812,12.769697,126.103509,78.310394,7.929993,41
06,000010,118870,80053,38817,FECunion,124.828315,13.105159,137.933474,76.305827,7.249872,44
06,000011,118105,75100,43005,FECunion,114.568172,14.947612,129.515784,66.900318,7.721067,48
06,000012,118379,71812,46567,FECunion,119.977560,15.539499,135.517059,64.352139,7.379145,54
06,000013,118500,71979,46521,FECunion,118.663252,15.464405,134.127657,64.664628,7.455584,42
06,000014,118286,73194,45092,FECunion,127.291780,14.828148,142.119928,67.439305,7.036311,39
06,000015,119285,75803,43482,FECunion,103.666179,14.261343,117.927522,70.119623,8.479785,43
06,000016,120754,79611,41143,FECunion,79.909029,13.806331,93.715360,72.430539,10.670609,41
06,000017,121539,79735,41804,FECunion,79.651466,13.630512,93.281978,73.364816,10.720184,45
06,000018,122178,80269,41909,FECunion,102.886648,13.657429,116.544077,73.220223,8.580445,37
06,000019,122753,80050,42703,FECunion,86.564586,13.686226,100.250812,73.066162,9.974982,47
06,000020,123229,83554,39675,FECunion,72.034217,13.278779,85.312996,75.308129,11.721544,40
06,000021,123508,81466,42042,FECunion,73.612011,13.414204,87.026215,74.547845,11.490790,39
06,000022,123542,80459,43083,FECunion,60.607468,15.489771,76.097239,64.558734,13.141081,32
06,000023,123517,81104,42413,FECunion,64.545327,13.592794,78.138121,73.568392,12.797851,41
06,000024,123280,84511,38769,FECunion,61.312155,12.442835,73.754990,80.367537,13.558405,39
06,000025,123092,84513,38579,FECunion,60.415072,13.700216,74.115288,72.991550,13.492493,34
06,000026,122720,85410,37310,FECunion,62.303428,12.658118,74.961546,79.000686,13.340173,39
06,000027,122326,83931,38395,FECunion,84.555222,12.780084,97.335306,78.246747,10.273764,34
06,000028,122084,81011,41073,FECunion,72.298469,13.654130,85.952599,73.237914,11.634320,40
06,000029,121413,80744,40669,FECunion,50.029073,13.473694,63.502767,74.218696,15.747345,37
06,000030,120330,78624,41706,FECunion,60.139164,16.189552,76.328716,61.768232,13.101229,33
06,000031,119567,77199,42368,FECunion,60.760590,13.852204,74.612794,72.190678,13.402527,36
06,000032,119988,75645,44343,FECunion,49.766766,16.924049,66.690815,59.087515,14.994569,42
06,000033,120611,77014,43597,FECunion,85.616678,14.957749,100.574427,66.854979,9.942885,39
06,000034,121644,79819,41825,FECunion,127.029969,13.714630,140.744599,72.914836,7.105068,38
06,000035,122051,81961,40090,FECunion,75.344333,14.332419,89.676752,69.771893,11.151162,36
06,000036,122356,84122,38234,FECunion,85.390641,13.072869,98.463510,76.494303,10.156047,34
06,000037,122900,86241,36659,FECunion,103.830832,12.080862,115.911694,82.775550,8.627257,34
06,000038,123157,87078,36079,FECunion,125.131804,12.766814,137.898618,78.328078,7.251704,35
06,000039,123204,88047,35157,FECunion,127.794586,11.737085,139.531671,85.200031,7.166832,39
06,000040,123027,88552,34475,FECunion,108.897155,11.471760,120.368915,87.170582,8.307793,36
06,000041,122932,89167,33765,FECunion,122.232778,11.501544,133.734322,86.944848,7.477512,38
06,000042,122945,89746,33199,FECunion,115.244935,11.346843,126.591778,88.130240,7.899407,35
06,000043,122713,90331,32382,FECunion,140.592894,11.306173,151.899067,88.447258,6.583319,35
06,000044,122966,90579,32387,FECunion,150.389120,10.741334,161.130454,93.098306,6.206151,39
06,000045,122712,89517,33195,FECunion,191.685628,11.344231,203.029859,88.150532,4.925384,39
06,000046,122641,89604,33037,FECunion,165.439208,11.125053,176.564261,89.887212,5.663660,43
06,000047,122808,88660,34148,FECunion,159.849663,11.718818,171.568481,85.332838,5.828576,43
06,000048,122905,88099,34806,FECunion,114.629600,11.554891,126.184491,86.543439,7.924904,41
06,000049,122902,87803,35099,FECunion,120.751435,11.559797,132.311232,86.506709,7.557937,43
06,000050,122918,88012,34906,FECunion,123.010720,11.569484,134.580204,86.434278,7.430513,47
06,000051,122959,88055,34904,FECunion,147.841413,12.221203,160.062616,81.825005,6.247555,45
06,000052,123136,85294,37842,FECunion,97.215975,12.826897,110.042872,77.961178,9.087367,41
06,000053,123375,85562,37813,FECunion,108.124408,12.091173,120.215581,82.704962,8.318389,38
06,000054,123543,82636,40907,FECunion,105.806228,12.879419,118.685647,77.643254,8.425619,39
06,000055,123600,71331,52269,FECunion,384.120105,16.349381,400.469486,61.164395,2.497069,52
06,000056,123126,67294,55832,FECunion,475.279828,17.282950,492.562778,57.860493,2.030198,53
06,000057,122956,72985,49971,FECunion,336.278481,15.709535,351.988016,63.655608,2.841006,53
06,000058,122867,66712,56155,FECunion,477.762178,18.350572,496.112750,54.494214,2.015671,48
06,000059,122901,73148,49753,FECunion,384.203969,16.408964,400.612933,60.942300,2.496175,56
06,000060,122828,83937,38891,FECunion,87.946165,11.897115,99.843280,84.053991,10.015697,50
06,000061,122943,78805,44138,FECunion,311.806915,13.737477,325.544392,72.793570,3.071778,63
06,000062,122873,74791,48082,FECunion,410.084317,15.235441,425.319758,65.636433,2.351172,54
06,000063,122625,79827,42798,FECunion,235.939237,13.284896,249.224133,75.273453,4.012453,51
06,000064,122474,77500,44974,FECunion,308.081187,13.487416,321.568603,74.143187,3.109756,42
06,000065,122416,77709,44707,FECunion,289.394300,13.482528,302.876828,74.170067,3.301672,55
06,000066,122588,77419,45169,FECunion,129.894755,13.469316,143.364071,74.242820,6.975248,44
06,000067,122756,79863,42893,FECunion,157.819589,13.601124,171.420713,73.523335,5.833601,45
06,000068,122740,77800,44940,FECunion,130.786918,14.023009,144.809927,71.311371,6.905604,40
06,000069,123001,75209,47792,FECunion,110.872885,15.565070,126.437955,64.246418,7.909018,38
06,000070,123528,68902,54626,FECunion,74.100978,18.754455,92.855433,53.320664,10.769429,30
06,000071,123578,65026,58552,FECunion,106.704255,20.189177,126.893432,49.531489,7.880629,22
06,000072,123259,64034,59225,FECunion,106.323676,20.829535,127.153211,48.008753,7.864528,23
06,000073,122615,66181,56434,FECunion,152.145631,19.906638,172.052269,50.234500,5.812187,25
06,000074,121410,68328,53082,FECunion,102.363404,18.449012,120.812416,54.203445,8.277295,26
06,000075,122193,73063,49130,FECunion,88.517097,17.212165,105.729262,58.098444,9.458120,26
06,000076,121111,77504,43607,FECunion,128.092303,15.418192,143.510495,64.858448,6.968131,29
06,000077,121641,81941,39700,FECunion,112.988878,12.731293,125.720171,78.546617,7.954173,33
06,000078,121858,83943,37915,FECunion,98.081994,12.015215,110.097209,83.227807,9.082882,33
06,000079,122433,86831,35602,FECunion,111.684421,11.195737,122.880158,89.319712,8.138010,31
06,000080,122691,88874,33817,FECunion,96.926808,11.044541,107.971349,90.542468,9.261716,32
06,000081,122880,89154,33726,FECunion,223.710010,10.649576,234.359586,93.900452,4.266947,26
06,000082,123000,91335,31665,FECunion,95.984452,10.121709,106.106161,98.797545,9.424523,40
06,000083,123208,91612,31596,FECunion,159.294433,11.075817,170.370250,90.286793,5.869569,38
06,000084,123123,93351,29772,FECunion,88.026088,9.667638,97.693726,103.437882,10.236072,34
06,000085,123101,93034,30067,FECunion,199.125068,10.515142,209.640210,95.100951,4.770077,36
06,000086,123052,93285,29767,FECunion,151.642899,10.416606,162.059505,96.000559,6.170573,32
06,000087,123331,93090,30241,FECunion,158.193243,10.847527,169.040770,92.186910,5.915733,29
06,000088,123240,93605,29635,FECunion,168.386285,9.952851,178.339136,100.473724,5.607294,27
06,000089,123271,94269,29002,FECunion,148.733375,9.973406,158.706781,100.266649,6.300928,32
06,000090,123264,93970,29294,FECunion,163.134418,10.833229,173.967647,92.308581,5.748195,29
06,000091,123333,95513,27820,FECunion,146.801712,9.786133,156.587845,102.185409,6.386192,25
06,000092,123448,94446,29002,FECunion,154.252134,9.889931,164.142065,101.112940,6.092284,28
06,000093,123339,97322,26017,FECunion,142.375984,9.103355,151.479339,109.849610,6.601560,20
06,000094,123436,95130,28306,FECunion,134.931998,9.892916,144.824914,101.082431,6.904889,26
06,000095,123565,94517,29048,FECunion,165.371716,10.348531,175.720247,96.632073,5.690864,26
06,000096,123678,94790,28888,FECunion,145.364484,10.899520,156.264004,91.747160,6.399426,20
06,000097,123695,94650,29045,FECunion,163.134622,10.315498,173.450120,96.941515,5.765346,19
06,000098,123564,94739,28825,FECunion,124.058162,10.309099,134.367261,97.001688,7.442289,19
06,000099,123640,93539,30101,FECunion,122.447924,10.640879,133.088803,93.977199,7.513780,17
07,000000,122626,66999,55627,FECunion,116.221519,16.123066,132.344585,62.022943,7.556033,40
07,000001,122619,67402,55217,FECunion,84.682949,16.510902,101.193851,60.566043,9.882023,39
07,000002,122662,68421,54241,FECunion,74.512043,15.184776,89.696819,65.855433,11.148667,37
07,000003,122581,68317,54264,FECunion,101.452570,15.675656,117.128226,63.793184,8.537652,37
07,000004,122504,70882,51622,FECunion,100.886721,14.714950,115.601671,67.958097,8.650394,40
07,000005,122526,69014,53512,FECunion,103.307471,15.130010,118.437481,66.093810,8.443273,38
07,000006,122370,72727,49643,FECunion,78.627830,13.834915,92.462745,72.280892,10.815167,38
07,000007,122300,73149,49151,FECunion,78.890782,13.668656,92.559438,73.160082,10.803869,34
07,000008,122297,72174,50123,FECunion,81.878644,13.670308,95.548952,73.151241,10.465840,35
07,000009,122335,70131,52204,FECunion,96.810722,15.385227,112.195949,64.997416,8.912978,38
07,000010,122474,70848,51626,FECunion,129.120550,14.327694,143.448244,69.794902,6.971155,40
07,000011,122548,70922,51626,FECunion,120.319303,14.447307,134.766610,69.217052,7.420236,39
07,000012,122872,73505,49367,FECunion,120.458389,13.694531,134.152920,73.021851,7.454180,38
07,000013,122797,71960,50837,FECunion,102.957536,14.805343,117.762879,67.543184,8.491640,45
07,000014,122901,71660,51241,FECunion,119.347014,14.852369,134.199383,67.329326,7.451599,39
07,000015,123070,71777,51293,FECunion,69.942692,13.732022,83.674714,72.822487,11.951042,45
07,000016,123091,73750,49341,FECunion,81.088872,13.669644,94.758516,73.154795,10.553141,48
07,000017,123069,72715,50354,FECunion,82.829994,13.887143,96.717137,72.009052,10.339429,51
07,000018,123019,71260,51759,FECunion,69.268641,14.436892,83.705533,69.266986,11.946642,52
07,000019,123078,73151,49927,FECunion,83.827627,13.588296,97.415923,73.592745,10.265262,54
07,000020,122905,73428,49477,FECunion,85.361685,13.701660,99.063345,72.983857,10.094551,60
07,000021,122981,73707,49274,FECunion,85.584384,13.360564,98.944948,74.847140,10.106630,57
07,000022,122953,74190,48763,FECunion,94.824247,13.408501,108.232748,74.579552,9.239348,57
07,000023,122760,72794,49966,FECunion,68.934021,13.632956,82.566977,73.351663,12.111380,57
07,000024,122663,73206,49457,FECunion,71.311462,13.283291,84.594753,75.282549,11.821064,52
07,000025,122560,73464,49096,FECunion,74.204705,13.343967,87.548672,74.940233,11.422218,55
07,000026,122504,73285,49219,FECunion,59.107683,13.023696,72.131379,76.783119,13.863592,54
07,000027,122343,74950,47393,FECunion,42.782713,12.535517,55.318230,79.773335,18.077223,48
07,000028,122316,73566,48750,FECunion,50.448522,13.347892,63.796414,74.918197,15.674862,49
07,000029,122252,76592,45660,FECunion,54.913812,12.659261,67.573073,78.993553,14.798794,52
07,000030,122230,72486,49744,FECunion,85.422418,14.088447,99.510865,70.980144,10.049154,51
07,000031,122253,69970,52283,FECunion,72.035543,14.456895,86.492438,69.171146,11.561704,54
07,000032,122134,72488,49646,FECunion,84.540740,14.171669,98.712409,70.563319,10.130439,54
07,000033,122244,69964,52280,FECunion,98.810226,14.181250,112.991476,70.515646,8.850225,41
07,000034,122167,66978,55189,FECunion,92.303923,15.141552,107.445475,66.043428,9.307046,47
07,000035,122067,66113,55954,FECunion,111.282026,15.732075,127.014101,63.564406,7.873142,40
07,000036,121904,67518,54386,FECunion,149.554481,15.153912,164.708393,65.989561,6.071336,44
07,000037,121900,66415,55485,FECunion,124.811097,15.631493,140.442590,63.973416,7.120347,43
07,000038,122131,64313,57818,FECunion,117.060766,16.677776,133.738542,59.960033,7.477276,47
07,000039,122217,63796,58421,FECunion,115.461034,16.859375,132.320409,59.314180,7.557413,45
07,000040,122149,70288,51861,FECunion,135.102995,15.133742,150.236737,66.077511,6.656162,44
07,000041,122266,58705,63561,FECunion,129.646181,18.558457,148.204638,53.883790,6.747427,37
07,000042,122989,66899,56090,FECunion,98.007059,16.619366,114.626425,60.170767,8.723992,40
07,000043,123114,55883,67231,FECunion,78.204946,20.215340,98.420286,49.467385,10.160507,42
07,000044,123145,51362,71783,FECunion,72.638142,21.581872,94.220014,46.335184,10.613456,42
07,000045,123157,49872,73285,FECunion,50.943422,22.279879,73.223301,44.883547,13.656855,41
07,000046,122655,41135,81520,FECunion,29.573496,24.560154,54.133650,40.716357,18.472798,37
07,000047,121877,44168,77709,FECunion,70.085785,24.117788,94.203573,41.463172,10.615309,41
07,000048,120689,33468,87221,FECunion,71.350893,27.314318,98.665211,36.610835,10.135285,38
07,000049,119088,33639,85449,FECunion,71.132371,26.131407,97.263778,38.268127,10.281320,34
07,000050,117762,41724,76038,FECunion,47.803002,23.207709,71.010711,43.089130,14.082383,26
07,000051,116862,45295,71567,FECunion,42.644706,21.958866,64.603572,45.539692,15.479020,26
07,000052,115887,33209,82678,FECunion,40.060032,25.069212,65.129244,39.889567,15.354086,33
07,000053,114555,32682,81873,FECunion,31.510856,24.723328,56.234184,40.447629,17.782778,32
07,000054,113355,27591,85764,FECunion,36.978373,28.394250,65.372623,35.218398,15.296923,31
07,000055,113459,27434,86025,FECunion,38.910595,24.790828,63.701423,40.337499,15.698236,35
07,000056,113728,26206,87522,FECunion,33.715553,25.939309,59.654862,38.551528,16.763093,35
07,000057,113087,38179,74908,FECunion,34.286980,21.756632,56.043612,45.962996,17.843247,30
07,000058,113524,31727,81797,FECunion,32.282173,23.342429,55.624602,42.840443,17.977657,38
07,000059,113789,37621,76168,FECunion,42.822011,21.159335,63.981346,47.260464,15.629556,33
07,000060,114633,30755,83878,FECunion,60.360491,23.398189,83.758680,42.738350,11.939061,42
07,000061,115345,43419,71926,FECunion,23.250642,19.679617,42.930259,50.813997,23.293593,28
07,000062,116733,21019,95714,FECunion,38.922890,27.287387,66.210277,36.646968,15.103396,25
07,000063,115997,41687,74310,FECunion,43.675967,20.209820,63.885787,49.480896,15.652934,28
07,000064,114478,33865,80613,FECunion,47.357700,22.259759,69.617459,44.924116,14.364213,30
07,000065,114009,36501,77508,FECunion,81.237108,21.678098,102.915206,46.129508,9.716737,29
07,000066,114637,39164,75473,FECunion,72.188870,20.366668,92.555538,49.099833,10.804324,27
07,000067,116544,43208,73336,FECunion,72.231925,20.661879,92.893804,48.398309,10.764981,29
07,000068,116559,40964,75595,FECunion,73.496722,20.399732,93.896454,49.020252,10.650029,27
07,000069,116333,51263,65070,FECunion,83.002310,18.450828,101.453138,54.198110,9.856768,26
07,000070,115499,54216,61283,FECunion,87.766276,16.893319,104.659595,59.194999,9.554786,38
07,000071,115589,25927,89662,FECunion,302.505770,24.430392,326.936162,40.932622,3.058701,31
07,000072,115520,31297,84223,FECunion,330.934865,23.725688,354.660553,42.148409,2.819597,34
07,000073,116878,32425,84453,FECunion,322.036323,22.714139,344.750462,44.025442,2.900649,37
07,000074,117920,31466,86454,FECunion,405.401661,24.134084,429.535745,41.435175,2.328095,44
07,000075,118254,30197,88057,FECunion,286.941363,23.938650,310.880013,41.773450,3.216675,40
07,000076,118020,30982,87038,FECunion,321.139348,24.457887,345.597235,40.886606,2.893542,42
07,000077,117190,26075,91115,FECunion,279.004348,25.657481,304.661829,38.974987,3.282328,44
07,000078,116223,31557,84666,FECunion,253.631679,25.652069,279.283748,38.983210,3.580588,44
07,000079,116887,31372,85515,FECunion,260.501066,24.715131,285.216197,40.461044,3.506112,40
07,000080,117346,31133,86213,FECunion,258.702573,25.299526,284.002099,39.526432,3.521101,43
07,000081,117502,37217,80285,FECunion,196.860371,22.410297,219.270668,44.622345,4.560574,46
07,000082,116400,29436,86964,FECunion,114.602787,24.101482,138.704269,41.491224,7.209583,41
07,000083,114643,11383,103260,FECunion,106.317245,27.675275,133.992520,36.133336,7.463103,42
07,000084,113320,11849,101471,FECunion,90.450942,28.560288,119.011230,35.013653,8.402568,39
07,000085,113306,9165,104141,FECunion,65.999492,29.950297,95.949789,33.388651,10.422118,35
07,000086,113780,9451,104329,FECunion,99.165760,29.528875,128.694635,33.865157,7.770332,34
07,000087,115490,38154,77336,FECunion,119.376719,22.475976,141.852695,44.491950,7.049566,39
07,000088,116844,6229,110615,FECunion,87.348154,30.851963,118.200117,32.412848,8.460229,29
07,000089,118730,5798,112932,FECunion,73.243395,31.702110,104.945505,31.543642,9.528755,32
07,000090,120358,36961,83397,FECunion,92.050002,24.553929,116.603931,40.726680,8.576040,29
07,000091,121548,5095,116453,FECunion,79.124094,33.071264,112.195358,30.237731,8.913025,31
07,000092,122619,41170,81449,FECunion,110.496185,25.194960,135.691145,39.690478,7.369678,40
07,000093,123320,40177,83143,FECunion,169.433742,24.437262,193.871004,40.921115,5.158069,40
07,000094,124073,62040,62033,FECunion,40.834541,19.347806,60.182347,51.685447,16.616168,31
07,000095,124449,62647,61802,FECunion,71.874913,18.067798,89.942711,55.347088,11.118188,34
07,000096,124680,63163,61517,FECunion,84.207175,18.222815,102.429990,54.876264,9.762766,35
07,000097,124825,58025,66800,FECunion,61.912838,19.642815,81.555653,50.909200,12.261566,34
07,000098,124825,57520,67305,FECunion,117.781558,20.061170,137.842728,49.847541,7.254645,36
07,000099,124670,58814,65856,FECunion,85.133521,19.585811,104.719332,51.057370,9.549335,35
08,000000,123389,86316,37073,FECunion,388.578543,13.576329,402.154872,73.657614,2.486604,35
08,000001,123433,87351,36082,FECunion,423.868838,13.180366,437.049204,75.870427,2.288072,37
08,000002,123159,89129,34030,FECunion,335.102537,12.539799,347.642336,79.746095,2.876520,33
08,000003,123069,88835,34234,FECunion,345.507611,13.140934,358.648545,76.098092,2.788245,37
08,000004,122856,90320,32536,FECunion,291.189101,12.526665,303.715766,79.829707,3.292552,33
08,000005,122792,90358,32434,FECunion,321.392418,11.911149,333.303567,83.954957,3.000268,38
08,000006,122942,89580,33362,FECunion,325.788807,12.635856,338.424663,79.139870,2.954867,35
08,000007,123175,89746,33429,FECunion,394.302275,13.625107,407.927382,73.393919,2.451417,36
08,000008,123368,89358,34010,FECunion,382.035867,12.377750,394.413617,80.790127,2.535409,36
08,000009,123445,90068,33377,FECunion,286.305217,12.689637,298.994854,78.804461,3.344539,33
08,000010,123569,87343,36226,FECunion,511.950309,14.271779,526.222088,70.068350,1.900338,33
08,000011,123816,86480,37336,FECunion,509.960554,13.865901,523.826455,72.119367,1.909029,38
08,000012,123853,87704,36149,FECunion,546.654366,13.177328,559.831694,75.887919,1.786251,36
08,000013,123988,86784,37204,FECunion,357.900026,13.603800,371.503826,73.508873,2.691762,35
08,000014,124039,89392,34647,FECunion,307.155431,12.994053,320.149484,76.958282,3.123541,33
08,000015,124057,90151,33906,FECunion,338.038008,12.745410,350.783418,78.459618,2.850762,34
08,000016,124048,89687,34361,FECunion,445.172478,12.770598,457.943076,78.304869,2.183678,30
08,000017,123967,89850,34117,FECunion,345.805019,12.677319,358.482338,78.881032,2.789538,31
08,000018,124074,87872,36202,FECunion,448.426625,14.996415,463.423040,66.682604,2.157856,31
08,000019,124125,90044,34081,FECunion,420.152319,12.817172,432.969491,78.020331,2.309632,29
08,000020,124084,88821,35263,FECunion,540.158577,14.280295,554.438872,70.026565,1.803625,34
08,000021,124032,88887,35145,FECunion,495.968419,15.027187,510.995606,66.546054,1.956964,35
08,000022,123956,90307,33649,FECunion,410.819877,12.739598,423.559475,78.495412,2.360944,36
08,000023,123846,90716,33130,FECunion,293.974154,12.389949,306.364103,80.710582,3.264090,37
08,000024,123839,89254,34585,FECunion,317.826442,13.059007,330.885449,76.575501,3.022194,34
08,000025,123786,88549,35237,FECunion,340.160504,13.245782,353.406286,75.495731,2.829604,40
08,000026,123653,90414,33239,FECunion,349.249672,12.615510,361.865182,79.267505,2.763460,33
08,000027,123611,86948,36663,FECunion,468.408578,13.561405,481.969983,73.738672,2.074818,32
08,000028,123546,89733,33813,FECunion,456.299815,12.948299,469.248114,77.230222,2.131069,33
08,000029,123522,87883,35639,FECunion,381.843101,13.276293,395.119394,75.322230,2.530881,37
08,000030,123401,87520,35881,FECunion,554.454705,13.291696,567.746401,75.234944,1.761350,37
08,000031,123409,89016,34393,FECunion,432.658346,13.578658,446.237004,73.644980,2.240962,36
08,000032,123384,88841,34543,FECunion,347.749124,12.902114,360.651238,77.506678,2.772762,35
08,000033,123196,90563,32633,FECunion,281.426750,12.324880,293.751630,81.136693,3.404236,38
08,000034,123174,89069,34105,FECunion,304.177405,12.454835,316.632240,80.290104,3.158238,37
08,000035,123133,89116,34017,FECunion,300.302544,12.039094,312.341638,83.062729,3.201622,35
08,000036,122974,87621,35353,FECunion,356.599137,12.673664,369.272801,78.903780,2.708025,32
08,000037,122781,88211,34570,FECunion,304.883518,11.988475,316.871993,83.413445,3.155848,35
08,000038,122691,86801,35890,FECunion,289.997579,12.347699,302.345278,80.986749,3.307477,35
08,000039,122467,85119,37348,FECunion,260.710901,13.374219,274.085120,74.770721,3.648502,39
08,000040,122026,85205,36821,FECunion,347.989701,12.563643,360.553344,79.594748,2.773515,33
08,000041,121858,86209,35649,FECunion,322.585413,12.994404,335.579817,76.956204,2.979917,37
08,000042,121578,82322,39256,FECunion,350.839972,14.986067,365.826039,66.728649,2.733540,36
08,000043,121315,80776,40539,FECunion,294.840817,13.904188,308.745005,71.920777,3.238919,36
08,000044,120556,78973,41583,FECunion,281.588552,13.938098,295.526650,71.745801,3.383790,36
08,000045,119913,76871,43042,FECunion,263.376561,14.519624,277.896185,68.872307,3.598466,38
08,000046,119869,76445,43424,FECunion,263.446457,14.838746,278.285203,67.391139,3.593436,40
08,000047,119593,77037,42556,FECunion,275.592059,14.772224,290.364283,67.694614,3.443950,34
08,000048,119813,78029,41784,FECunion,314.910219,13.962144,328.872363,71.622238,3.040693,36
08,000049,120258,78874,41384,FECunion,349.734669,14.556333,364.291002,68.698621,2.745058,44
08,000050,120775,83385,37390,FECunion,212.215781,14.625868,226.841649,68.372010,4.408362,33
08,000051,120925,83195,37730,FECunion,275.268986,13.027760,288.296746,76.759167,3.468648,41
08,000052,120843,83490,37353,FECunion,260.952397,13.214923,274.167320,75.672026,3.647408,37
08,000053,121068,86412,34656,FECunion,310.914562,12.209898,323.124460,81.900766,3.094783,37
08,000054,121261,87356,33905,FECunion,245.587275,11.766040,257.353315,84.990362,3.885709,39
08,000055,121238,88267,32971,FECunion,200.750745,11.662511,212.413256,85.744828,4.707804,38
08,000056,121347,89176,32171,FECunion,169.992690,11.424524,181.417214,87.530999,5.512156,31
08,000057,121644,90271,31373,FECunion,185.106858,11.084349,196.191207,90.217296,5.097068,31
08,000058,121844,88482,33362,FECunion,277.281463,12.082417,289.363880,82.764897,3.455856,40
08,000059,122009,90052,31957,FECunion,128.886959,11.162419,140.049378,89.586316,7.140339,39
08,000060,122253,90321,31932,FECunion,106.022502,11.590860,117.613362,86.274875,8.502435,34
08,000061,122235,89771,32464,FECunion,106.992209,11.226144,118.218353,89.077781,8.458923,37
08,000062,122342,91977,30365,FECunion,200.989305,11.291273,212.280578,88.563973,4.710747,30
08,000063,122235,91903,30332,FECunion,195.557304,11.180934,206.738238,89.437966,4.837035,34
08,000064,122220,90660,31560,FECunion,137.208742,10.938260,148.147002,91.422219,6.750052,32
08,000065,122183,92001,30182,FECunion,218.893085,10.534979,229.428064,94.921879,4.358665,29
08,000066,122128,90767,31361,FECunion,112.533150,10.754473,123.287623,92.984566,8.111114,32
08,000067,122104,91552,30552,FECunion,125.746012,10.654014,136.400026,93.861337,7.331377,29
08,000068,122036,91136,30900,FECunion,124.339246,10.683720,135.022966,93.600356,7.406147,31
08,000069,121945,89736,32209,FECunion,94.833528,11.719006,106.552534,85.331469,9.385042,34
08,000070,121834,90416,31418,FECunion,116.593512,10.753359,127.346871,92.994198,7.852568,30
08,000071,121810,90119,31691,FECunion,106.190330,11.284941,117.475271,88.613667,8.512430,31
08,000072,121777,90836,30941,FECunion,101.001729,10.262999,111.264728,97.437406,8.987574,30
08,000073,121912,88321,33591,FECunion,117.148680,11.077543,128.226223,90.272726,7.798717,27
08,000074,122051,86611,35440,FECunion,105.945325,12.134592,118.079917,82.409034,8.468841,29
08,000075,122093,86310,35783,FECunion,104.510456,12.564431,117.074887,79.589756,8.541541,31
08,000076,121856,85230,36626,FECunion,97.924311,12.234388,110.158699,81.736822,9.077812,28
08,000077,121600,83734,37866,FECunion,103.305361,12.382064,115.687425,80.761980,8.643982,31
08,000078,121428,82463,38965,FECunion,112.585810,13.255672,125.841482,75.439404,7.946505,26
08,000079,121392,81583,39809,FECunion,96.939370,13.243459,110.182829,75.508974,9.075824,31
08,000080,121713,81213,40500,FECunion,103.336002,13.409189,116.745191,74.575726,8.565663,26
08,000081,122195,81451,40744,FECunion,108.668075,14.161633,122.829708,70.613325,8.141353,29
08,000082,122237,80907,41330,FECunion,95.618503,13.967762,109.586265,71.593431,9.125231,29
08,000083,121892,79046,42846,FECunion,88.752909,14.159569,102.912478,70.623619,9.716995,26
08,000084,121846,78871,42975,FECunion,108.499207,14.434551,122.933758,69.278220,8.134462,21
08,000085,122556,80760,41796,FECunion,119.957989,13.936463,133.894452,71.754218,7.468569,20
08,000086,123228,78715,44513,FECunion,126.505018,15.171097,141.676115,65.914812,7.058353,22
08,000087,123618,78094,45524,FECunion,103.894441,16.269710,120.164151,61.463911,8.321950,29
08,000088,123576,81505,42071,FECunion,94.315764,14.088392,108.404156,70.980421,9.224739,27
08,000089,123115,83189,39926,FECunion,102.779176,13.528577,116.307753,73.917604,8.597879,31
08,000090,122458,84444,38014,FECunion,106.971808,12.679566,119.651374,78.867053,8.357614,25
08,000091,122600,84870,37730,FECunion,111.125616,13.214426,124.340042,75.674872,8.042461,23
08,000092,122963,86539,36424,FECunion,92.593156,12.452902,105.046058,80.302567,9.519634,21
08,000093,123395,87145,36250,FECunion,95.934790,12.338611,108.273401,81.046400,9.235879,24
08,000094,123653,89135,34518,FECunion,101.088827,11.935133,113.023960,83.786247,8.847682,23
08,000095,124109,89563,34546,FECunion,94.158142,12.062485,106.220627,82.901657,9.414367,23
08,000096,124503,90761,33742,FECunion,92.397470,12.372275,104.769745,80.825879,9.544740,23
08,000097,124704,91943,32761,FECunion,79.976183,12.143057,92.119240,82.351586,10.855496,24
08,000098,124577,92910,31667,FECunion,104.528148,11.028803,115.556951,90.671671,8.653742,24
08,000099,124664,93707,30957,FECunion,96.152501,10.903952,107.056453,91.709868,9.340866,24
09,000000,126997,94100,32897,FECunion,101.291970,10.106428,111.398398,98.946928,8.976790,29
09,000001,126939,94618,32321,FECunion,65.008961,10.626603,75.635564,94.103450,13.221294,30
09,000002,126807,94470,32337,FECunion,109.179374,9.868371,119.047745,101.333847,8.399991,33
09,000003,126700,95806,30894,FECunion,104.697368,9.195346,113.892714,108.750666,8.780193,32
09,000004,126702,98479,28223,FECunion,82.915086,8.608710,91.523796,116.161423,10.926120,32
09,000005,126771,100693,26078,FECunion,90.109055,7.893053,98.002108,126.693689,10.203862,34
09,000006,126681,97201,29480,FECunion,68.756135,9.058890,77.815025,110.388800,12.850989,36
09,000007,126568,91834,34734,FECunion,65.531836,10.622390,76.154226,94.140772,13.131248,30
09,000008,126585,96995,29590,FECunion,122.972982,9.382181,132.355163,106.585025,7.555429,34
09,000009,126676,98022,28654,FECunion,91.412746,8.669458,100.082204,115.347465,9.991786,27
09,000010,126720,97059,29661,FECunion,64.023799,9.047859,73.071658,110.523385,13.685197,32
09,000011,126694,92567,34127,FECunion,103.686631,10.375974,114.062605,96.376494,8.767115,28
09,000012,126736,94278,32458,FECunion,74.193155,9.749920,83.943075,102.564944,11.912835,33
09,000013,126763,94690,32073,FECunion,96.583380,9.524876,106.108256,104.988243,9.424337,28
09,000014,126809,98483,28326,FECunion,92.008586,9.349828,101.358414,106.953839,9.865979,28
09,000015,126748,90340,36408,FECunion,73.808524,11.564357,85.372881,86.472599,11.713321,27
09,000016,126805,95219,31586,FECunion,84.027058,9.400647,93.427705,106.375657,10.703463,28
09,000017,126733,91455,35278,FECunion,74.576539,10.480529,85.057068,95.415031,11.756812,21
09,000018,126840,96123,30717,FECunion,81.842761,9.114282,90.957043,109.717913,10.994201,32
09,000019,126802,90552,36250,FECunion,57.127346,10.677902,67.805248,93.651356,14.748121,23
09,000020,126847,93200,33647,FECunion,76.854282,10.158143,87.012425,98.443190,11.492612,24
09,000021,126819,98494,28325,FECunion,69.834945,8.330323,78.165268,120.043364,12.793406,32
09,000022,126736,89572,37164,FECunion,69.899988,11.178894,81.078882,89.454288,12.333668,25
09,000023,126563,91205,35358,FECunion,65.397310,10.576071,75.973381,94.553072,13.162505,23
09,000024,126799,87578,39221,FECunion,62.598158,11.888632,74.486790,84.113967,13.425199,28
09,000025,126606,90724,35882,FECunion,43.419867,10.765838,54.185705,92.886406,18.455052,22
09,000026,126650,89966,36684,FECunion,51.469511,10.967372,62.436883,91.179546,16.016174,22
09,000027,126666,87916,38750,FECunion,59.723478,11.557847,71.281325,86.521305,14.028920,24
09,000028,126584,85424,41160,FECunion,115.412131,13.249613,128.661744,75.473903,7.772318,20
09,000029,126629,97392,29237,FECunion,47.495374,8.558543,56.053917,116.842318,17.839966,30
09,000030,126605,85643,40962,FECunion,47.244562,12.104996,59.349558,82.610519,16.849325,18
09,000031,126699,82610,44089,FECunion,40.882489,13.462225,54.344714,74.281926,18.401054,21
09,000032,126826,79801,47025,FECunion,41.327661,14.072839,55.400500,71.058867,18.050379,22
09,000033,126791,82065,44726,FECunion,49.260653,13.935087,63.195740,71.761303,15.823851,26
09,000034,126823,79397,47426,FECunion,36.036244,14.101535,50.137779,70.914266,19.945040,24
09,000035,126878,78595,48283,FECunion,48.988541,14.931603,63.920144,66.972046,15.644520,30
09,000036,126928,69594,57334,FECunion,63.823039,17.254948,81.077987,57.954391,12.333804,28
09,000037,126923,64631,62292,FECunion,51.697782,18.911206,70.608988,52.878701,14.162503,32
09,000038,127073,66275,60798,FECunion,55.500070,19.098784,74.598854,52.359354,13.405032,30
09,000039,126897,64053,62844,FECunion,56.000268,18.961796,74.962064,52.737620,13.340081,27
09,000040,127014,67270,59744,FECunion,57.059250,18.039521,75.098771,55.433844,13.315797,35
09,000041,126887,81451,45436,FECunion,50.613305,14.506475,65.119780,68.934734,15.356317,36
09,000042,126896,61822,65074,FECunion,44.892676,19.509116,64.401792,51.258089,15.527518,32
09,000043,126984,62591,64393,FECunion,42.146978,19.476140,61.623118,51.344876,16.227676,32
09,000044,126872,71122,55750,FECunion,56.949973,16.875457,73.825430,59.257654,13.545468,31
09,000045,126739,67107,59632,FECunion,46.800027,18.496926,65.296953,54.063037,15.314650,33
09,000046,126514,68670,57844,FECunion,41.642531,17.410072,59.052603,57.438016,16.934055,27
09,000047,126367,64280,62087,FECunion,38.383981,21.031697,59.415678,47.547281,16.830575,28
09,000048,126410,63116,63294,FECunion,32.654114,22.483700,55.137814,44.476665,18.136374,42
09,000049,126276,63351,62925,FECunion,36.817949,21.960592,58.778541,45.536113,17.013012,33
09,000050,126309,66162,60147,FECunion,41.329042,20.414336,61.743378,48.985184,16.196069,41
09,000051,126347,64213,62134,FECunion,34.403927,19.731220,54.135147,50.681103,18.472288,40
09,000052,126195,66559,59636,FECunion,28.536678,19.784990,48.321668,50.543366,20.694650,30
09,000053,126165,67791,58374,FECunion,30.667708,19.227793,49.895501,52.008049,20.041887,32
09,000054,126141,66449,59692,FECunion,40.102545,19.875947,59.978492,50.312068,16.672643,36
09,000055,126040,68810,57230,FECunion,33.836314,18.750967,52.587281,53.330583,19.016005,35
09,000056,126172,72989,53183,FECunion,29.818462,17.528782,47.347244,57.049029,21.120554,35
09,000057,126112,70166,55946,FECunion,29.953985,18.319340,48.273325,54.587119,20.715374,30
09,000058,126085,69973,56112,FECunion,28.767063,18.758718,47.525781,53.308547,21.041211,33
09,000059,126200,73329,52871,FECunion,26.077899,18.564542,44.642441,53.866128,22.400209,28
09,000060,126163,70289,55874,FECunion,30.347624,18.415364,48.762988,54.302484,20.507357,32
09,000061,126255,72355,53900,FECunion,33.066570,17.966771,51.033341,55.658304,19.595033,31
09,000062,126276,69010,57266,FECunion,30.051154,18.958290,49.009444,52.747373,20.404231,36
09,000063,126418,70664,55754,FECunion,30.982063,19.231881,50.213944,51.996994,19.914787,33
09,000064,126427,69741,56686,FECunion,41.861052,19.381381,61.242433,51.595911,16.328548,40
09,000065,126472,73478,52994,FECunion,37.539058,17.603945,55.143003,56.805449,18.134667,33
09,000066,126519,74062,52457,FECunion,37.151278,17.426321,54.577599,57.384459,18.322536,44
09,000067,126449,72359,54090,FECunion,36.007381,18.004900,54.012281,55.540436,18.514308,44
09,000068,126536,72577,53959,FECunion,36.789826,17.762011,54.551837,56.299931,18.331188,50
09,000069,126511,71665,54846,FECunion,44.331129,19.011858,63.342987,52.598752,15.787067,45
09,000070,126447,70312,56135,FECunion,46.028784,18.723083,64.751867,53.410007,15.443570,47
09,000071,126411,68670,57741,FECunion,51.340996,19.366104,70.707100,51.636612,14.142851,48
09,000072,126364,70443,55921,FECunion,37.280466,18.684873,55.965339,53.519229,17.868202,36
09,000073,126454,72881,53573,FECunion,53.997742,18.031728,72.029470,55.457802,13.883206,40
09,000074,126471,69203,57268,FECunion,50.789869,18.935464,69.725333,52.810958,14.341990,36
09,000075,126686,70226,56460,FECunion,39.403123,18.974820,58.377943,52.701422,17.129757,38
09,000076,126717,69704,57013,FECunion,59.986209,18.964107,78.950316,52.731194,12.666194,36
09,000077,126756,71826,54930,FECunion,60.627427,18.457727,79.085154,54.177852,12.644598,36
09,000078,126762,70246,56516,FECunion,55.455535,18.646684,74.102219,53.628838,13.494873,31
09,000079,126771,71448,55323,FECunion,53.743559,18.305100,72.048659,54.629584,13.879509,28
09,000080,126959,67119,59840,FECunion,51.269901,19.691267,70.961168,50.783934,14.092214,29
09,000081,126927,70959,55968,FECunion,51.044460,18.535582,69.580042,53.950289,14.371937,30
09,000082,126925,72408,54517,FECunion,47.745128,18.311699,66.056827,54.609897,15.138481,36
09,000083,127015,72102,54913,FECunion,47.825429,18.261087,66.086516,54.761253,15.131680,32
09,000084,126902,70385,56517,FECunion,50.355076,19.453936,69.809012,51.403479,14.324798,34
09,000085,126876,65702,61174,FECunion,61.281981,23.716452,84.998433,42.164823,11.764923,32
09,000086,126844,72998,53846,FECunion,64.827905,18.085231,82.913136,55.293737,12.060815,39
09,000087,126954,73780,53174,FECunion,50.625732,17.935208,68.560940,55.756253,14.585564,39
09,000088,126856,71423,55433,FECunion,56.281582,19.076080,75.357662,52.421672,13.270051,42
09,000089,126641,69705,56936,FECunion,48.748596,19.637990,68.386586,50.921708,14.622751,33
09,000090,126714,69916,56798,FECunion,52.330713,18.893029,71.223742,52.929575,14.040262,38
09,000091,126737,63461,63276,FECunion,55.552644,21.501760,77.054404,46.507821,12.977844,33
09,000092,126591,70006,56585,FECunion,41.878239,19.046229,60.924468,52.503832,16.413767,35
09,000093,126660,65387,61273,FECunion,43.900188,20.571512,64.471700,48.610914,15.510681,29
09,000094,126800,67436,59364,FECunion,38.849030,19.920643,58.769673,50.199183,17.015579,27
09,000095,126792,66860,59932,FECunion,52.042573,20.922667,72.965240,47.795054,13.705156,27
09,000096,126663,65708,60955,FECunion,57.833271,20.172825,78.006096,49.571639,12.819511,27
09,000097,126732,70125,56607,FECunion,37.708216,18.708078,56.416294,53.452845,17.725376,22
09,000098,126671,69867,56804,FECunion,39.030704,18.896356,57.927060,52.920256,17.263089,27
09,000099,126573,72343,54230,FECunion,37.373273,18.906021,56.279294,52.893203,17.768524,28
10,000000,121184,97857,23327,FECunion,139.897019,9.607888,149.504907,104.081147,6.688744,20
10,000001,121208,97870,23338,FECunion,102.158354,9.606424,111.764778,104.097008,8.947363,18
10,000002,121379,97489,23890,FECunion,112.478186,9.994007,122.472193,100.059966,8.165119,17
10,000003,121594,97788,23806,FECunion,117.670624,9.892838,127.563462,101.083228,7.839235,18
10,000004,121914,98517,23397,FECunion,112.637677,9.636912,122.274589,103.767680,8.178314,19
10,000005,121989,98990,22999,FECunion,119.704806,9.333653,129.038459,107.139188,7.749628,16
10,000006,121948,98528,23420,FECunion,123.765092,9.624387,133.389479,103.902721,7.496843,15
10,000007,121983,98301,23682,FECunion,98.409620,10.497278,108.906898,95.262791,9.182155,18
10,000008,122231,98330,23901,FECunion,119.508988,9.857192,129.366180,101.448770,7.729996,24
10,000009,122492,99222,23270,FECunion,93.066625,9.453068,102.519693,105.785762,9.754224,19
10,000010,122473,99252,23221,FECunion,103.247637,9.930160,113.177797,100.703312,8.835655,14
10,000011,122470,99404,23066,FECunion,111.780297,9.240971,121.021268,108.213736,8.263010,17
10,000012,122392,98908,23484,FECunion,103.105489,9.262212,112.367701,107.965570,8.899354,21
10,000013,122521,99480,23041,FECunion,104.437324,9.210917,113.648241,108.566823,8.799080,19
10,000014,122480,99121,23359,FECunion,104.919829,9.361450,114.281279,106.821059,8.750340,21
10,000015,122102,98602,23500,FECunion,86.429526,9.719897,96.149423,102.881749,10.400478,16
10,000016,121818,99560,22258,FECunion,115.806323,9.004245,124.810568,111.058728,8.012142,20
10,000017,121389,99201,22188,FECunion,161.505147,8.844954,170.350101,113.058813,5.870264,16
10,000018,121141,98228,22913,FECunion,127.957231,9.839126,137.796357,101.635044,7.257086,20
10,000019,121052,98671,22381,FECunion,145.394548,8.964727,154.359275,111.548294,6.478393,13
10,000020,120903,98157,22746,FECunion,174.821867,9.090567,183.912434,110.004139,5.437370,16
10,000021,120643,98331,22312,FECunion,152.184355,8.826709,161.011064,113.292508,6.210753,16
10,000022,120436,97679,22757,FECunion,108.899726,9.137512,118.037238,109.438981,8.471903,19
10,000023,120176,98151,22025,FECunion,164.010461,8.668480,172.678941,115.360478,5.791094,17
10,000024,120239,98267,21972,FECunion,140.496760,9.051667,149.548427,110.476888,6.686797,19
10,000025,120018,98254,21764,FECunion,143.557604,9.290270,152.847874,107.639498,6.542453,13
10,000026,119775,97594,22181,FECunion,116.838100,10.070024,126.908124,99.304629,7.879716,14
10,000027,119783,97457,22326,FECunion,115.882242,8.724681,124.606923,114.617371,8.025236,18
10,000028,119946,97977,21969,FECunion,78.330421,8.536247,86.866668,117.147501,11.511895,16
10,000029,120175,97587,22588,FECunion,77.024845,8.949988,85.974833,111.731993,11.631311,17
10,000030,120260,96409,23851,FECunion,77.219688,9.302893,86.522581,107.493443,11.557676,21
10,000031,120486,93704,26782,FECunion,96.051774,10.118481,106.170255,98.829063,9.418834,24
10,000032,120558,96583,23975,FECunion,106.964187,9.926897,116.891084,100.736413,8.554972,20
10,000033,120668,97658,23010,FECunion,85.099592,9.824262,94.923854,101.788816,10.534760,20
10,000034,120764,96633,24131,FECunion,63.494699,9.594212,73.088911,104.229508,13.681966,18
10,000035,120942,97444,23498,FECunion,73.902430,9.181661,83.084091,108.912756,12.035999,20
10,000036,120895,95948,24947,FECunion,88.638156,9.329953,97.968109,107.181676,10.207403,18
10,000037,121024,95805,25219,FECunion,86.328991,9.493629,95.822620,105.333798,10.435949,17
10,000038,120990,96079,24911,FECunion,86.187679,9.311544,95.499223,107.393575,10.471289,20
10,000039,120873,95716,25157,FECunion,81.201077,9.450159,90.651236,105.818325,11.031289,17
10,000040,120839,96439,24400,FECunion,67.547071,9.162074,76.709145,109.145593,13.036255,21
10,000041,120947,96509,24438,FECunion,55.391627,9.229922,64.621549,108.343277,15.474714,20
10,000042,121303,96448,24855,FECunion,62.824533,9.208833,72.033366,108.591393,13.882456,23
10,000043,121480,96305,25175,FECunion,70.949951,9.487523,80.437474,105.401589,12.432016,21
10,000044,121767,96191,25576,FECunion,68.487111,9.126679,77.613790,109.568880,12.884308,21
10,000045,122206,96085,26121,FECunion,62.994732,9.239028,72.233760,108.236494,13.843942,18
10,000046,122456,95345,27111,FECunion,59.094732,9.800014,68.894746,102.040671,14.514895,16
10,000047,122654,97907,24747,FECunion,61.909898,8.825460,70.735358,113.308541,14.137201,18
10,000048,122730,98196,24534,FECunion,55.857118,9.479861,65.336979,105.486779,15.305268,23
10,000049,122880,98192,24688,FECunion,81.811953,8.672898,90.484851,115.301713,11.051574,16
10,000050,122993,97940,25053,FECunion,62.124622,8.745533,70.870155,114.344089,14.110312,15
10,000051,123336,98544,24792,FECunion,63.152625,8.456036,71.608661,118.258721,13.964791,16
10,000052,123556,98851,24705,FECunion,59.032463,8.441231,67.473694,118.466134,14.820591,16
10,000053,123869,98691,25178,FECunion,62.728378,8.702453,71.430831,114.910129,13.999557,19
10,000054,124212,98865,25347,FECunion,91.212949,8.392779,99.605728,119.150046,10.039583,19
10,000055,124418,99188,25230,FECunion,60.886708,8.183526,69.070234,122.196716,14.478017,18
10,000056,124522,97616,26906,FECunion,74.192935,9.172565,83.365500,109.020759,11.995370,19
10,000057,124915,98360,26555,FECunion,84.236392,8.660893,92.897285,115.461535,10.764577,19
10,000058,125536,97768,27768,FECunion,63.978344,8.945548,72.923892,111.787450,13.712927,18
10,000059,126092,96663,29429,FECunion,59.097510,9.427507,68.525017,106.072581,14.593211,25
10,000060,126747,95770,30977,FECunion,64.527626,10.703475,75.231101,93.427602,13.292375,28
10,000061,127220,95279,31941,FECunion,71.363297,10.427883,81.791180,95.896741,12.226257,28
10,000062,127110,91556,35554,FECunion,71.111315,11.625094,82.736409,86.020810,12.086577,28
10,000063,126964,91134,35830,FECunion,73.991031,12.213232,86.204263,81.878409,11.600354,27
10,000064,126809,88271,38538,FECunion,76.489076,12.582477,89.071553,79.475607,11.226929,22
10,000065,126668,86901,39767,FECunion,77.381791,13.328908,90.710699,75.024901,11.024058,24
10,000066,126561,84197,42364,FECunion,86.249296,14.243586,100.492882,70.207039,9.950954,25
10,000067,126692,87445,39247,FECunion,90.829713,12.972247,103.801960,77.087647,9.633729,27
10,000068,126653,81834,44819,FECunion,71.752531,14.763185,86.515716,67.736061,11.558594,30
10,000069,126902,80675,46227,FECunion,70.241525,15.663907,85.905432,63.841033,11.640707,25
10,000070,126971,80393,46578,FECunion,103.343316,15.596389,118.939705,64.117406,8.407621,21
10,000071,126974,80036,46938,FECunion,73.383401,15.814856,89.198257,63.231685,11.210981,21
10,000072,126946,85921,41025,FECunion,86.027951,14.191606,100.219557,70.464188,9.978092,26
10,000073,127020,82870,44150,FECunion,75.918611,16.016853,91.935464,62.434237,10.877195,25
10,000074,126983,80720,46263,FECunion,76.097247,15.752306,91.849553,63.482769,10.887369,21
10,000075,126947,78752,48195,FECunion,91.766739,17.031975,108.798714,58.713097,9.191285,18
10,000076,127040,82641,44399,FECunion,97.464952,15.860010,113.324962,63.051663,8.824181,24
10,000077,127206,80287,46919,FECunion,81.803044,17.746353,99.549397,56.349606,10.045264,17
10,000078,127387,81943,45444,FECunion,124.568257,15.293575,139.861832,65.386935,7.149913,15
10,000079,127427,82128,45299,FECunion,82.238943,15.757688,97.996631,63.461086,10.204432,17
10,000080,127434,80521,46913,FECunion,93.684116,15.367329,109.051445,65.073117,9.169984,20
10,000081,127487,80491,46996,FECunion,121.714495,15.258549,136.973044,65.537031,7.300707,20
10,000082,127389,79963,47426,FECunion,137.972192,15.386822,153.359014,64.990678,6.520647,19
10,000083,127494,85664,41830,FECunion,99.157023,14.092890,113.249913,70.957767,8.830029,19
10,000084,127489,77310,50179,FECunion,130.605625,16.146130,146.751755,61.934346,6.814229,21
10,000085,127530,78139,49391,FECunion,92.758150,16.105558,108.863708,62.090367,9.185798,16
10,000086,127698,75983,51715,FECunion,72.525278,17.408460,89.933738,57.443335,11.119298,16
10,000087,127870,73406,54464,FECunion,71.769469,18.279853,90.049322,54.705035,11.105025,18
10,000088,128036,78492,49544,FECunion,66.183962,17.511372,83.695334,57.105748,11.948097,14
10,000089,127948,73466,54482,FECunion,69.401182,20.779180,90.180362,48.125094,11.088889,14
10,000090,128169,72839,55330,FECunion,68.473305,21.264624,89.737929,47.026460,11.143560,19
10,000091,127998,72333,55665,FECunion,61.933294,20.529929,82.463223,48.709374,12.126618,17
10,000092,128014,73510,54504,FECunion,50.736626,19.430794,70.167420,51.464701,14.251628,16
10,000093,128049,73086,54963,FECunion,69.288869,20.859715,90.148584,47.939294,11.092798,14
10,000094,128112,73206,54906,FECunion,62.660399,19.694936,82.355335,50.774473,12.142504,11
10,000095,127901,75077,52824,FECunion,65.990219,18.819196,84.809415,53.137233,11.791144,16
10,000096,128050,75204,52846,FECunion,54.529570,19.078467,73.608037,52.415113,13.585473,16
10,000097,128048,74650,53398,FECunion,67.386830,17.980150,85.366980,55.616889,11.714131,19
10,000098,127998,76099,51899,FECunion,57.318887,17.092517,74.411404,58.505134,13.438800,23
10,000099,127967,76899,51068,FECunion,67.850947,16.133916,83.984863,61.981233,11.906908,27
